-- phpMyAdmin SQL Dump
-- version 5.1.1
-- https://www.phpmyadmin.net/
--
-- Host: localhost:3306
-- Generation Time: Feb 20, 2022 at 03:13 PM
-- Server version: 5.7.33
-- PHP Version: 7.4.19

SET SQL_MODE = "NO_AUTO_VALUE_ON_ZERO";
START TRANSACTION;
SET time_zone = "+00:00";


/*!40101 SET @OLD_CHARACTER_SET_CLIENT=@@CHARACTER_SET_CLIENT */;
/*!40101 SET @OLD_CHARACTER_SET_RESULTS=@@CHARACTER_SET_RESULTS */;
/*!40101 SET @OLD_COLLATION_CONNECTION=@@COLLATION_CONNECTION */;
/*!40101 SET NAMES utf8mb4 */;

--
-- Database: `live_db`
--

-- --------------------------------------------------------

--
-- Table structure for table `co_authors`
--

CREATE TABLE `co_authors` (
  `id` bigint(20) UNSIGNED NOT NULL,
  `name` varchar(255) COLLATE utf8mb4_unicode_ci NOT NULL,
  `created_at` timestamp NULL DEFAULT NULL,
  `updated_at` timestamp NULL DEFAULT NULL
) ENGINE=InnoDB DEFAULT CHARSET=utf8mb4 COLLATE=utf8mb4_unicode_ci;

--
-- Dumping data for table `co_authors`
--

INSERT INTO `co_authors` (`id`, `name`, `created_at`, `updated_at`) VALUES
(3, 'Z. T. Fomum', '2022-01-02 11:12:03', '2022-01-06 18:32:55'),
(4, 'T. W. Andoseh', '2022-01-06 18:33:11', '2022-01-06 18:33:11');

-- --------------------------------------------------------

--
-- Table structure for table `co_books`
--

CREATE TABLE `co_books` (
  `id` bigint(20) UNSIGNED NOT NULL,
  `category_id` bigint(20) UNSIGNED NOT NULL,
  `created_at` timestamp NULL DEFAULT NULL,
  `updated_at` timestamp NULL DEFAULT NULL
) ENGINE=InnoDB DEFAULT CHARSET=utf8mb4 COLLATE=utf8mb4_unicode_ci;

--
-- Dumping data for table `co_books`
--

INSERT INTO `co_books` (`id`, `category_id`, `created_at`, `updated_at`) VALUES
(1, 3, '2021-12-04 11:56:37', '2021-12-04 11:56:37'),
(2, 1, '2021-12-05 07:47:07', '2021-12-05 07:47:07'),
(3, 1, '2021-12-05 07:47:35', '2022-02-07 15:50:06'),
(4, 1, '2021-12-05 07:47:41', '2022-02-06 16:39:51'),
(5, 1, '2021-12-05 07:47:46', '2021-12-05 07:47:46'),
(6, 5, '2021-12-05 07:48:42', '2021-12-05 07:48:42'),
(7, 5, '2021-12-05 07:48:48', '2021-12-05 07:48:48'),
(8, 3, '2021-12-05 10:58:17', '2021-12-05 10:58:17'),
(9, 3, '2021-12-05 11:34:56', '2021-12-05 11:34:56'),
(10, 1, '2021-12-10 02:16:04', '2021-12-10 02:16:04'),
(11, 3, '2021-12-10 03:32:48', '2021-12-10 03:32:48'),
(12, 3, '2021-12-10 12:14:15', '2021-12-10 12:14:15'),
(13, 10, '2021-12-11 13:11:45', '2021-12-11 13:11:45'),
(14, 11, '2021-12-11 13:12:53', '2021-12-11 13:12:53'),
(15, 7, '2021-12-11 13:13:36', '2021-12-11 13:13:36'),
(16, 6, '2021-12-11 13:14:22', '2021-12-11 13:14:22'),
(17, 12, '2021-12-11 13:15:30', '2021-12-11 13:15:30'),
(18, 13, '2021-12-11 13:16:31', '2021-12-11 13:16:31'),
(20, 16, '2021-12-11 13:25:23', '2021-12-11 13:25:23'),
(21, 15, '2021-12-11 13:26:04', '2021-12-11 13:26:04'),
(22, 9, '2021-12-11 13:27:35', '2021-12-11 13:27:35'),
(23, 8, '2021-12-11 13:28:21', '2021-12-11 13:28:21'),
(26, 1, '2021-12-13 15:10:53', '2022-02-07 02:50:19'),
(27, 5, '2021-12-13 15:38:03', '2021-12-13 15:38:03'),
(28, 1, '2021-12-13 15:51:20', '2021-12-13 15:51:20'),
(29, 1, '2021-12-13 15:51:57', '2022-02-07 15:50:28'),
(30, 1, '2021-12-13 15:52:27', '2022-02-07 15:50:50'),
(31, 1, '2021-12-13 15:53:04', '2022-02-07 20:55:18'),
(32, 1, '2021-12-13 15:54:07', '2022-02-07 20:55:35'),
(33, 1, '2021-12-13 15:54:39', '2022-02-07 20:55:57'),
(34, 1, '2021-12-13 15:55:14', '2021-12-13 15:55:14'),
(35, 1, '2021-12-13 15:55:46', '2021-12-13 15:55:46'),
(37, 3, '2021-12-13 16:25:22', '2021-12-13 16:25:22'),
(38, 6, '2021-12-14 18:28:12', '2021-12-14 18:28:12'),
(39, 6, '2021-12-14 18:28:47', '2021-12-14 18:28:47'),
(40, 6, '2021-12-14 18:30:07', '2021-12-14 18:30:07'),
(41, 6, '2021-12-14 18:30:59', '2021-12-14 18:30:59'),
(42, 6, '2021-12-14 18:31:52', '2021-12-14 18:31:52'),
(43, 6, '2021-12-14 18:32:32', '2021-12-14 18:32:32'),
(44, 6, '2021-12-14 18:33:17', '2021-12-14 18:33:17'),
(45, 6, '2021-12-14 18:33:56', '2021-12-14 18:33:56'),
(46, 12, '2021-12-14 18:35:33', '2021-12-14 18:35:33'),
(47, 12, '2021-12-14 18:36:09', '2021-12-14 18:36:09'),
(48, 13, '2021-12-14 18:51:11', '2021-12-14 18:51:11'),
(49, 13, '2021-12-14 18:51:53', '2021-12-14 18:51:53'),
(50, 13, '2021-12-14 18:58:13', '2021-12-14 18:58:13'),
(51, 17, '2021-12-14 21:25:03', '2022-02-05 19:07:17'),
(52, 17, '2021-12-14 21:25:34', '2022-02-05 19:07:44'),
(53, 15, '2021-12-14 21:26:35', '2021-12-14 21:26:35'),
(54, 8, '2021-12-14 21:39:36', '2021-12-14 21:39:36'),
(55, 8, '2021-12-14 21:40:10', '2021-12-14 21:40:10'),
(56, 8, '2021-12-14 21:40:38', '2021-12-14 21:40:38'),
(57, 8, '2021-12-14 21:41:01', '2021-12-14 21:41:01'),
(58, 8, '2021-12-14 21:41:36', '2021-12-14 21:41:36'),
(59, 8, '2021-12-14 21:42:15', '2021-12-14 21:42:15'),
(60, 8, '2021-12-14 21:42:54', '2021-12-14 21:42:54'),
(61, 8, '2021-12-14 21:43:37', '2021-12-14 21:43:37'),
(62, 6, '2021-12-15 15:14:02', '2021-12-15 15:14:02'),
(63, 6, '2021-12-15 15:14:35', '2021-12-15 15:14:35'),
(64, 6, '2021-12-15 15:15:00', '2021-12-15 15:15:00'),
(65, 6, '2021-12-15 15:15:30', '2021-12-15 15:15:30'),
(66, 6, '2021-12-15 15:15:57', '2021-12-15 15:15:57'),
(67, 11, '2021-12-15 15:16:45', '2021-12-15 15:16:45'),
(68, 11, '2021-12-15 15:17:40', '2021-12-15 15:17:40'),
(69, 11, '2021-12-15 15:18:02', '2021-12-15 15:18:02'),
(70, 11, '2021-12-15 15:18:41', '2021-12-15 15:18:41'),
(71, 11, '2021-12-15 15:19:08', '2021-12-15 15:19:08'),
(72, 11, '2021-12-15 15:19:52', '2021-12-15 15:19:52'),
(73, 7, '2021-12-15 15:20:57', '2021-12-15 15:20:57'),
(74, 7, '2021-12-15 15:21:37', '2021-12-15 15:21:37'),
(75, 7, '2021-12-15 15:22:11', '2021-12-15 15:22:11'),
(76, 7, '2021-12-15 15:22:44', '2021-12-15 15:22:44'),
(77, 7, '2021-12-15 15:23:44', '2021-12-15 15:23:44'),
(78, 7, '2021-12-15 15:24:35', '2021-12-15 15:24:35'),
(79, 7, '2021-12-15 15:25:21', '2021-12-15 15:25:21'),
(80, 7, '2021-12-15 15:25:53', '2021-12-15 15:25:53'),
(81, 7, '2021-12-15 15:26:18', '2021-12-15 15:26:18'),
(82, 7, '2021-12-15 15:26:52', '2021-12-15 15:26:52'),
(83, 5, '2021-12-15 15:30:44', '2021-12-15 15:30:44'),
(84, 5, '2021-12-15 15:31:17', '2021-12-15 15:31:17'),
(85, 5, '2021-12-15 15:31:44', '2021-12-15 15:31:44'),
(86, 5, '2021-12-15 15:32:48', '2021-12-15 15:32:48'),
(87, 5, '2021-12-15 15:33:18', '2021-12-15 15:33:18'),
(88, 5, '2021-12-15 15:33:51', '2021-12-15 15:33:51'),
(89, 5, '2021-12-15 15:35:25', '2021-12-15 15:35:25'),
(90, 5, '2021-12-15 15:36:16', '2021-12-15 15:36:16'),
(91, 5, '2021-12-15 15:44:47', '2021-12-15 15:44:47'),
(92, 5, '2021-12-15 15:45:17', '2021-12-15 15:45:17'),
(93, 5, '2021-12-15 15:46:01', '2021-12-15 15:46:01'),
(94, 5, '2021-12-15 15:46:41', '2021-12-15 15:46:41'),
(95, 5, '2021-12-15 15:47:14', '2021-12-15 15:47:14'),
(96, 5, '2021-12-15 15:47:51', '2021-12-15 15:47:51'),
(97, 5, '2021-12-15 15:48:22', '2021-12-15 15:48:22'),
(98, 5, '2021-12-15 15:48:50', '2021-12-15 15:48:50'),
(99, 5, '2021-12-15 15:49:25', '2021-12-15 15:49:25'),
(100, 5, '2021-12-15 15:49:55', '2021-12-15 15:49:55'),
(101, 5, '2021-12-15 15:50:26', '2021-12-15 15:50:26'),
(102, 3, '2021-12-15 18:11:36', '2021-12-15 18:11:36'),
(103, 3, '2021-12-15 18:12:19', '2021-12-15 18:12:19'),
(104, 3, '2021-12-15 18:12:57', '2021-12-15 18:12:57'),
(105, 3, '2021-12-15 18:13:26', '2021-12-15 18:13:26'),
(106, 3, '2021-12-15 18:14:19', '2021-12-15 18:14:19'),
(107, 3, '2021-12-15 18:14:43', '2021-12-15 18:14:43'),
(108, 3, '2021-12-15 18:15:14', '2021-12-15 18:15:14'),
(109, 3, '2021-12-15 18:15:37', '2021-12-15 18:15:37'),
(110, 3, '2021-12-15 18:16:07', '2021-12-15 18:16:07'),
(111, 3, '2021-12-15 18:16:41', '2021-12-15 18:16:41'),
(112, 3, '2021-12-15 18:17:18', '2021-12-15 18:17:18'),
(113, 3, '2021-12-15 18:17:49', '2021-12-15 18:17:49'),
(114, 3, '2021-12-15 18:18:18', '2021-12-15 18:18:18'),
(115, 3, '2021-12-15 18:18:51', '2021-12-15 18:18:51'),
(116, 3, '2021-12-15 18:19:16', '2021-12-15 18:19:16'),
(117, 3, '2021-12-15 18:19:43', '2021-12-15 18:19:43'),
(118, 3, '2021-12-15 18:20:15', '2021-12-15 18:20:15'),
(119, 3, '2021-12-15 18:20:45', '2021-12-15 18:20:45'),
(120, 3, '2021-12-15 18:21:17', '2021-12-15 18:21:17'),
(121, 3, '2021-12-15 18:21:48', '2021-12-15 18:21:48'),
(122, 10, '2021-12-16 00:19:20', '2021-12-16 00:19:20'),
(123, 10, '2021-12-16 00:20:01', '2021-12-16 00:20:01'),
(124, 10, '2021-12-16 00:20:32', '2021-12-16 00:20:32'),
(125, 10, '2021-12-16 00:21:11', '2021-12-16 00:21:11'),
(126, 10, '2021-12-16 00:21:39', '2021-12-16 00:21:39'),
(127, 10, '2021-12-16 00:22:16', '2021-12-16 00:22:16'),
(128, 10, '2021-12-16 00:23:19', '2021-12-16 00:23:19'),
(129, 13, '2021-12-16 00:24:34', '2021-12-16 00:24:34'),
(130, 13, '2021-12-16 01:05:25', '2021-12-16 01:05:25'),
(131, 13, '2021-12-16 01:06:00', '2021-12-16 01:06:00'),
(132, 13, '2021-12-16 01:06:30', '2021-12-16 01:06:30'),
(133, 13, '2021-12-16 01:07:01', '2021-12-16 01:07:01'),
(134, 13, '2021-12-16 01:07:50', '2021-12-16 01:07:50'),
(135, 13, '2021-12-16 01:08:35', '2021-12-16 01:08:35'),
(136, 13, '2021-12-16 01:09:13', '2021-12-16 01:09:13'),
(137, 13, '2021-12-16 01:09:49', '2021-12-16 01:09:49'),
(138, 13, '2021-12-16 01:10:25', '2021-12-16 01:10:25'),
(139, 13, '2021-12-16 01:11:14', '2021-12-16 01:11:14'),
(140, 17, '2021-12-16 01:11:59', '2022-02-05 19:08:14'),
(141, 17, '2021-12-16 01:13:03', '2022-02-05 19:08:39'),
(142, 13, '2021-12-16 01:15:56', '2022-02-05 19:09:15'),
(144, 19, '2021-12-16 01:17:03', '2022-02-05 19:42:09'),
(146, 9, '2021-12-16 01:22:22', '2021-12-16 01:22:22'),
(147, 7, '2021-12-16 01:23:06', '2021-12-16 01:23:06'),
(148, 9, '2021-12-16 01:23:43', '2021-12-16 01:23:43'),
(149, 9, '2021-12-16 01:24:32', '2021-12-16 01:24:32'),
(150, 9, '2021-12-16 01:26:48', '2021-12-16 01:26:48'),
(151, 9, '2021-12-16 01:27:14', '2021-12-16 01:27:14'),
(152, 9, '2021-12-16 01:27:40', '2021-12-16 01:27:40'),
(153, 9, '2021-12-16 01:28:09', '2021-12-16 01:28:09'),
(154, 9, '2021-12-16 01:29:01', '2021-12-16 01:29:01'),
(156, 9, '2021-12-16 01:29:37', '2021-12-16 01:29:37'),
(157, 9, '2021-12-16 01:30:35', '2021-12-16 01:30:35'),
(158, 9, '2021-12-16 01:31:24', '2021-12-16 01:31:24'),
(159, 9, '2021-12-16 01:33:17', '2021-12-16 01:33:17'),
(160, 5, '2021-12-17 02:56:45', '2021-12-17 02:56:45'),
(161, 8, '2021-12-17 02:59:08', '2021-12-17 02:59:08'),
(162, 8, '2021-12-17 02:59:47', '2021-12-17 02:59:47'),
(163, 17, '2021-12-24 19:58:48', '2021-12-24 19:58:48'),
(164, 17, '2021-12-24 19:59:52', '2021-12-24 19:59:52'),
(165, 5, '2021-12-24 20:01:29', '2021-12-24 20:01:29'),
(166, 10, '2021-12-24 20:02:16', '2021-12-24 20:02:16'),
(167, 17, '2021-12-24 20:03:27', '2021-12-24 20:03:27'),
(168, 19, '2021-12-24 20:04:28', '2022-02-05 20:06:04'),
(169, 17, '2021-12-24 20:05:34', '2021-12-24 20:05:34'),
(170, 17, '2021-12-25 02:49:49', '2021-12-25 02:49:49'),
(171, 17, '2021-12-25 02:50:25', '2021-12-25 02:50:25'),
(172, 10, '2021-12-25 02:51:20', '2021-12-25 02:51:20'),
(173, 17, '2021-12-25 02:55:10', '2021-12-25 02:55:10'),
(174, 13, '2021-12-25 02:56:00', '2021-12-25 02:56:00'),
(175, 17, '2021-12-25 02:57:42', '2021-12-25 02:57:42'),
(176, 17, '2021-12-25 03:04:26', '2021-12-25 03:04:26'),
(177, 17, '2021-12-25 03:06:33', '2021-12-25 03:06:33'),
(178, 17, '2021-12-25 03:08:05', '2021-12-25 03:08:05'),
(179, 10, '2021-12-25 03:09:54', '2021-12-25 03:09:54'),
(180, 17, '2021-12-25 03:10:46', '2021-12-25 03:10:46'),
(182, 17, '2021-12-25 03:16:00', '2021-12-25 03:16:00'),
(183, 10, '2021-12-25 03:17:38', '2021-12-25 03:17:38'),
(184, 17, '2021-12-25 03:19:17', '2021-12-25 03:19:17'),
(185, 13, '2021-12-25 03:20:09', '2021-12-25 03:20:09'),
(186, 13, '2021-12-25 03:20:53', '2021-12-25 03:20:53'),
(187, 13, '2021-12-25 03:21:44', '2021-12-25 03:21:44'),
(190, 18, '2021-12-25 03:26:26', '2021-12-25 03:26:26'),
(191, 18, '2021-12-25 03:27:18', '2021-12-25 03:27:18'),
(192, 13, '2021-12-25 03:42:41', '2021-12-25 03:42:41'),
(193, 17, '2021-12-25 23:20:32', '2021-12-25 23:20:32'),
(194, 17, '2021-12-25 23:22:42', '2021-12-25 23:22:42'),
(195, 17, '2021-12-26 09:37:42', '2021-12-26 09:37:42'),
(196, 10, '2021-12-26 09:42:50', '2021-12-26 09:42:50'),
(197, 17, '2021-12-26 09:45:05', '2021-12-26 09:45:05'),
(198, 17, '2021-12-26 09:47:19', '2021-12-26 09:47:19'),
(199, 17, '2021-12-26 09:48:21', '2021-12-26 09:48:21'),
(200, 5, '2021-12-26 09:49:49', '2021-12-26 09:49:49'),
(201, 10, '2021-12-26 09:51:06', '2021-12-26 09:51:06'),
(202, 5, '2021-12-26 09:53:07', '2021-12-26 09:53:07'),
(203, 5, '2021-12-26 09:55:02', '2021-12-26 09:55:02'),
(204, 8, '2021-12-26 09:58:42', '2021-12-26 09:58:42'),
(205, 8, '2021-12-26 09:59:29', '2021-12-26 09:59:29'),
(206, 17, '2021-12-26 10:00:16', '2021-12-26 10:00:16'),
(207, 13, '2021-12-26 10:01:37', '2021-12-26 10:01:37'),
(208, 17, '2021-12-26 10:02:53', '2021-12-26 10:02:53'),
(209, 8, '2021-12-26 10:03:45', '2021-12-26 10:03:45'),
(210, 17, '2021-12-26 10:04:55', '2021-12-26 10:04:55'),
(212, 18, '2021-12-30 23:47:17', '2021-12-30 23:47:17'),
(213, 6, '2021-12-30 23:52:04', '2021-12-30 23:52:04'),
(214, 16, '2022-01-03 19:15:44', '2022-01-03 19:15:44'),
(215, 17, '2022-01-03 19:43:48', '2022-01-03 19:43:48'),
(216, 17, '2022-01-04 02:54:42', '2022-01-04 02:54:42'),
(217, 17, '2022-01-04 02:56:15', '2022-01-04 02:56:15'),
(218, 17, '2022-01-04 02:58:05', '2022-01-04 02:58:05'),
(219, 5, '2022-01-04 03:00:05', '2022-01-04 03:00:05'),
(220, 5, '2022-01-04 03:01:41', '2022-01-04 03:01:41'),
(221, 17, '2022-01-04 03:02:37', '2022-01-04 03:02:37'),
(222, 17, '2022-01-04 03:04:00', '2022-01-04 03:04:00'),
(223, 18, '2022-01-08 16:06:54', '2022-01-08 16:06:54'),
(224, 18, '2022-01-08 16:08:20', '2022-01-08 16:08:20'),
(225, 18, '2022-01-08 16:10:26', '2022-01-08 16:10:26'),
(226, 6, '2022-01-09 04:54:04', '2022-01-09 04:54:04'),
(227, 13, '2022-01-09 05:15:40', '2022-01-09 05:15:40'),
(228, 17, '2022-01-09 05:33:18', '2022-01-09 05:33:18'),
(229, 13, '2022-01-09 06:56:05', '2022-01-09 06:56:05'),
(230, 18, '2022-01-22 19:07:47', '2022-01-22 19:07:47'),
(231, 18, '2022-01-22 19:08:43', '2022-01-22 19:08:43'),
(232, 18, '2022-01-22 19:09:48', '2022-01-22 19:09:48'),
(233, 18, '2022-01-22 19:10:47', '2022-01-22 19:10:47'),
(234, 18, '2022-01-22 19:12:26', '2022-01-22 19:12:26'),
(235, 5, '2022-01-27 16:38:47', '2022-01-27 16:38:47'),
(236, 18, '2022-01-31 07:17:26', '2022-01-31 07:17:26'),
(237, 18, '2022-01-31 07:18:49', '2022-01-31 07:18:49'),
(238, 18, '2022-02-01 04:31:26', '2022-02-01 04:31:26'),
(239, 19, '2022-02-05 19:37:28', '2022-02-05 19:37:28'),
(240, 19, '2022-02-05 19:39:32', '2022-02-05 19:39:32'),
(241, 19, '2022-02-05 19:40:58', '2022-02-05 19:40:58'),
(243, 8, '2022-02-09 17:56:53', '2022-02-09 17:56:53'),
(244, 18, '2022-02-14 23:06:00', '2022-02-14 23:06:00'),
(245, 5, '2022-02-17 07:55:02', '2022-02-17 07:55:02'),
(246, 17, '2022-02-19 01:08:47', '2022-02-19 01:08:47'),
(247, 17, '2022-02-19 01:12:01', '2022-02-19 01:12:01'),
(248, 18, '2022-02-19 01:14:28', '2022-02-20 15:02:07'),
(249, 17, '2022-02-19 01:16:10', '2022-02-19 01:16:10'),
(250, 17, '2022-02-19 01:35:07', '2022-02-19 01:35:07'),
(251, 17, '2022-02-19 01:36:57', '2022-02-19 01:36:57'),
(252, 17, '2022-02-19 01:40:51', '2022-02-19 01:40:51'),
(253, 17, '2022-02-19 01:42:18', '2022-02-19 01:42:18'),
(254, 13, '2022-02-19 01:54:15', '2022-02-19 01:54:15'),
(255, 17, '2022-02-19 01:59:29', '2022-02-19 01:59:29'),
(256, 17, '2022-02-19 02:01:36', '2022-02-19 02:01:36'),
(257, 17, '2022-02-19 02:29:16', '2022-02-19 02:29:16'),
(258, 6, '2022-02-19 02:36:38', '2022-02-19 02:36:38'),
(259, 6, '2022-02-19 02:37:23', '2022-02-19 02:37:23'),
(260, 17, '2022-02-19 02:43:50', '2022-02-19 02:43:50'),
(261, 17, '2022-02-19 03:17:34', '2022-02-19 03:17:34'),
(262, 17, '2022-02-19 03:19:17', '2022-02-19 03:19:17'),
(263, 17, '2022-02-19 03:34:55', '2022-02-19 03:34:55'),
(264, 17, '2022-02-19 03:38:55', '2022-02-19 03:38:55');

-- --------------------------------------------------------

--
-- Table structure for table `co_book_lists`
--

CREATE TABLE `co_book_lists` (
  `id` bigint(20) UNSIGNED NOT NULL,
  `category_id` bigint(20) UNSIGNED NOT NULL,
  `book_id` bigint(20) UNSIGNED NOT NULL,
  `author` varchar(255) COLLATE utf8mb4_unicode_ci DEFAULT NULL,
  `available` int(8) NOT NULL DEFAULT '0' COMMENT '0 not , 1 yes, 2 Not available',
  `title` varchar(255) COLLATE utf8mb4_unicode_ci DEFAULT NULL,
  `language` varchar(255) COLLATE utf8mb4_unicode_ci DEFAULT NULL,
  `content` varchar(255) COLLATE utf8mb4_unicode_ci DEFAULT NULL,
  `add_another_book_translation` int(11) NOT NULL DEFAULT '0' COMMENT '0 show another title 1 not showing another column',
  `created_at` timestamp NULL DEFAULT NULL,
  `updated_at` timestamp NULL DEFAULT NULL
) ENGINE=InnoDB DEFAULT CHARSET=utf8mb4 COLLATE=utf8mb4_unicode_ci;

--
-- Dumping data for table `co_book_lists`
--

INSERT INTO `co_book_lists` (`id`, `category_id`, `book_id`, `author`, `available`, `title`, `language`, `content`, `add_another_book_translation`, `created_at`, `updated_at`) VALUES
(1, 3, 1, 'Z. T. Fomum', 1, 'Discipleship at any cost', 'EN', '{\"16\":{\"text\":\"8\",\"type\":\"1\"},\"20\":{\"text\":\"8\",\"type\":\"1\"},\"22\":{\"text\":\"8\",\"type\":\"1\"},\"23\":{\"text\":\"6\",\"type\":\"1\"},\"24\":{\"text\":\"8\",\"type\":\"1\"}}', 0, '2021-12-04 11:56:37', '2022-02-10 23:55:01'),
(3, 1, 2, 'Z. T. Fomum', 1, 'The way of life', 'EN', '{\"16\":{\"text\":\"8\",\"type\":\"1\"},\"20\":{\"text\":\"8\",\"type\":\"1\"},\"22\":{\"text\":\"8\",\"type\":\"1\"},\"23\":{\"text\":\"6\",\"type\":\"1\"},\"24\":{\"text\":\"8\",\"type\":\"1\"}}', 0, '2021-12-05 07:47:07', '2022-02-03 01:01:32'),
(4, 1, 3, 'Z. T. Fomum', 1, 'The way of obedience', 'EN', '{\"16\":{\"text\":\"8\",\"type\":\"1\"},\"20\":{\"text\":\"8\",\"type\":\"1\"},\"22\":{\"text\":\"8\",\"type\":\"1\"},\"23\":{\"text\":\"6\",\"type\":\"1\"},\"24\":{\"text\":\"6\",\"type\":\"1\"}}', 0, '2021-12-05 07:47:35', '2022-02-07 15:50:06'),
(5, 1, 4, 'Z. T. Fomum', 1, 'The way of discipleship', 'EN', '{\"16\":{\"text\":\"8\",\"type\":\"1\"},\"20\":{\"text\":\"8\",\"type\":\"1\"},\"22\":{\"text\":\"8\",\"type\":\"1\"},\"23\":{\"text\":\"6\",\"type\":\"1\"},\"24\":{\"text\":\"8\",\"type\":\"1\"}}', 0, '2021-12-05 07:47:41', '2022-02-06 16:39:51'),
(7, 5, 6, 'Z.T. Fomum', 1, 'The Way of Victorious Praying', 'EN', '{\"16\":{\"text\":\"8\",\"type\":\"1\"},\"20\":{\"text\":\"8\",\"type\":\"1\"},\"22\":{\"text\":\"8\",\"type\":\"1\"},\"23\":{\"text\":\"8\",\"type\":\"1\"},\"24\":{\"text\":\"6\",\"type\":\"1\"}}', 0, '2021-12-05 07:48:42', '2021-12-31 08:06:47'),
(8, 5, 7, 'Z. T. Fomum', 1, 'The Ministry Of Fasting', 'EN', '{\"16\":{\"text\":\"8\",\"type\":\"1\"},\"20\":{\"text\":\"8\",\"type\":\"1\"},\"22\":{\"text\":\"6\",\"type\":\"1\"},\"23\":{\"text\":\"8\",\"type\":\"1\"},\"24\":{\"text\":\"6\",\"type\":\"1\"}}', 0, '2021-12-05 07:48:48', '2022-02-11 17:10:39'),
(9, 3, 1, 'Z. T. Fomum', 1, 'Disciple Coûte que Coûte', 'FR', '{\"16\":{\"text\":\"8\",\"type\":\"1\"},\"20\":{\"text\":\"8\",\"type\":\"1\"},\"22\":{\"text\":\"8\",\"type\":\"1\"},\"23\":{\"text\":\"6\",\"type\":\"1\"},\"24\":{\"text\":\"8\",\"type\":\"1\"}}', 1, '2021-12-05 08:26:50', '2022-02-10 23:55:01'),
(13, 1, 4, 'Z. T. Fomum', 1, 'Le chemin d\'etre disciple', 'FR', '{\"16\":{\"text\":\"8\",\"type\":\"1\"},\"20\":{\"text\":\"8\",\"type\":\"1\"},\"22\":{\"text\":\"8\",\"type\":\"1\"},\"23\":{\"text\":\"6\",\"type\":\"1\"},\"24\":{\"text\":\"8\",\"type\":\"1\"}}', 1, '2021-12-10 01:26:56', '2022-02-06 16:39:51'),
(15, 3, 11, 'Z. T. Fomum', 1, 'The Use of Time', 'EN', '{\"16\":{\"text\":\"8\",\"type\":\"1\"},\"20\":{\"text\":\"8\",\"type\":\"1\"},\"22\":{\"text\":\"8\",\"type\":\"1\"},\"23\":{\"text\":\"6\",\"type\":\"1\"},\"24\":{\"text\":\"8\",\"type\":\"1\"}}', 0, '2021-12-10 03:32:48', '2022-01-29 11:54:32'),
(16, 3, 12, 'Z. T. Fomum', 1, 'Retreats For Spiritual Progress', 'EN', '{\"16\":{\"text\":\"8\",\"type\":\"1\"},\"20\":{\"text\":\"8\",\"type\":\"1\"},\"22\":{\"text\":\"8\",\"type\":\"1\"},\"23\":{\"text\":\"6\",\"type\":\"1\"},\"24\":{\"text\":\"8\",\"type\":\"1\"}}', 0, '2021-12-10 12:14:15', '2022-02-15 11:40:47'),
(17, 1, 2, 'Z. T. Fomum', 1, 'Der Weg des Leben', 'DE', '{\"16\":{\"text\":\"8\",\"type\":\"1\"},\"20\":{\"text\":\"8\",\"type\":\"1\"},\"22\":{\"text\":\"6\",\"type\":\"1\"},\"23\":{\"text\":\"6\",\"type\":\"1\"},\"24\":{\"text\":\"8\",\"type\":\"1\"}}', 1, '2021-12-11 12:39:02', '2022-01-13 08:09:57'),
(18, 1, 2, NULL, 0, 'Le chemin de la vie', 'FR', '{\"16\":{\"text\":\"8\",\"type\":\"1\"},\"20\":{\"text\":\"8\",\"type\":\"1\"},\"22\":{\"text\":\"8\",\"type\":\"1\"},\"23\":{\"text\":\"6\",\"type\":\"1\"},\"24\":{\"text\":\"8\",\"type\":\"1\"}}', 1, '2021-12-11 12:39:54', '2021-12-11 12:39:54'),
(19, 3, 11, NULL, 0, 'L’Utilisation du Temps', 'FR', '{\"16\":{\"text\":\"8\",\"type\":\"1\"},\"20\":{\"text\":\"8\",\"type\":\"1\"},\"22\":{\"text\":\"6\",\"type\":\"1\"},\"23\":{\"text\":\"6\",\"type\":\"1\"},\"24\":{\"text\":\"7\",\"type\":\"1\"}}', 1, '2021-12-11 13:00:20', '2021-12-11 13:00:20'),
(20, 10, 13, 'Z. T. Fomum', 1, 'Deliverance From Sin', 'EN', '{\"16\":{\"text\":\"8\",\"type\":\"1\"},\"20\":{\"text\":\"8\",\"type\":\"1\"},\"22\":{\"text\":\"8\",\"type\":\"1\"},\"23\":{\"text\":\"6\",\"type\":\"1\"},\"24\":{\"text\":\"6\",\"type\":\"1\"}}', 0, '2021-12-11 13:11:45', '2022-02-12 04:58:27'),
(21, 11, 14, 'Z.T. Fomum', 1, 'Enjoying The Premarital Life', 'EN', '{\"16\":{\"text\":\"8\",\"type\":\"1\"},\"20\":{\"text\":\"8\",\"type\":\"1\"},\"22\":{\"text\":\"6\",\"type\":\"1\"},\"23\":{\"text\":\"6\",\"type\":\"1\"},\"24\":{\"text\":\"6\",\"type\":\"1\"}}', 0, '2021-12-11 13:12:53', '2022-01-01 23:19:28'),
(22, 7, 15, 'Z. T. Fomum', 1, 'Vision, Burden, Action', 'EN', '{\"16\":{\"text\":\"8\",\"type\":\"1\"},\"20\":{\"text\":\"8\",\"type\":\"1\"},\"22\":{\"text\":\"8\",\"type\":\"1\"},\"23\":{\"text\":\"6\",\"type\":\"1\"},\"24\":{\"text\":\"6\",\"type\":\"1\"}}', 0, '2021-12-11 13:13:36', '2022-01-22 19:04:16'),
(23, 6, 16, 'Z. T. Fomum', 1, 'God’s Love And Forgiveness', 'EN', '{\"16\":{\"text\":\"8\",\"type\":\"1\"},\"20\":{\"text\":\"8\",\"type\":\"1\"},\"22\":{\"text\":\"8\",\"type\":\"1\"},\"23\":{\"text\":\"6\",\"type\":\"1\"},\"24\":{\"text\":\"8\",\"type\":\"1\"}}', 0, '2021-12-11 13:14:22', '2022-02-14 23:04:45'),
(24, 12, 17, 'Z. T. Fomum', 1, 'The Secluded Worshiper: Anna', 'EN', '{\"16\":{\"text\":\"8\",\"type\":\"1\"},\"20\":{\"text\":\"8\",\"type\":\"1\"},\"22\":{\"text\":\"8\",\"type\":\"1\"},\"23\":{\"text\":\"6\",\"type\":\"1\"},\"24\":{\"text\":\"6\",\"type\":\"1\"}}', 0, '2021-12-11 13:15:30', '2022-02-16 20:53:57'),
(25, 13, 18, 'Z. T. Fomum', 1, 'Spiritual Aggressiveness', 'EN', '{\"16\":{\"text\":\"8\",\"type\":\"1\"},\"20\":{\"text\":\"8\",\"type\":\"1\"},\"22\":{\"text\":\"6\",\"type\":\"1\"},\"23\":{\"text\":\"6\",\"type\":\"1\"},\"24\":{\"text\":\"6\",\"type\":\"1\"}}', 0, '2021-12-11 13:16:31', '2022-01-09 05:25:25'),
(27, 16, 20, 'Z. T. Fomum', 0, 'Lola on The Way Of Life', 'EN', '{\"16\":{\"text\":\"6\",\"type\":\"1\"},\"20\":{\"text\":\"6\",\"type\":\"1\"},\"22\":{\"text\":\"6\",\"type\":\"1\"},\"23\":{\"text\":\"6\",\"type\":\"1\"},\"24\":{\"text\":\"8\",\"type\":\"1\"}}', 0, '2021-12-11 13:25:23', '2022-02-13 20:53:56'),
(28, 15, 21, 'Z. T. Fomum', 1, 'A Broken Vessel', 'EN', '{\"16\":{\"text\":\"8\",\"type\":\"1\"},\"20\":{\"text\":\"8\",\"type\":\"1\"},\"22\":{\"text\":\"6\",\"type\":\"1\"},\"23\":{\"text\":\"6\",\"type\":\"1\"},\"24\":{\"text\":\"6\",\"type\":\"1\"}}', 0, '2021-12-11 13:26:04', '2022-02-11 17:39:18'),
(29, 9, 22, 'Z. T. Fomum', 0, 'The Complete Works of ZTF on Basic Christian Doctrine', 'EN', '{\"16\":{\"text\":\"8\",\"type\":\"1\"},\"20\":{\"text\":\"6\",\"type\":\"1\"},\"22\":{\"text\":\"8\",\"type\":\"1\"},\"23\":{\"text\":\"6\",\"type\":\"1\"},\"24\":{\"text\":\"6\",\"type\":\"1\"}}', 0, '2021-12-11 13:27:35', '2022-02-04 21:24:01'),
(30, 8, 23, 'Z. T. Fomum', 0, 'From His Lips: About The Auhtor', 'EN', '{\"16\":{\"text\":\"8\",\"type\":\"1\"},\"20\":{\"text\":\"8\",\"type\":\"1\"},\"22\":{\"text\":\"6\",\"type\":\"1\"},\"23\":{\"text\":\"6\",\"type\":\"1\"},\"24\":{\"text\":\"8\",\"type\":\"1\"}}', 0, '2021-12-11 13:28:21', '2022-01-18 14:34:38'),
(31, 1, 2, NULL, 0, 'EL Camino de la Vida', 'ES', '{\"16\":{\"text\":\"8\",\"type\":\"1\"},\"20\":{\"text\":\"8\",\"type\":\"1\"},\"22\":{\"text\":\"6\",\"type\":\"1\"},\"23\":{\"text\":\"6\",\"type\":\"1\"},\"24\":{\"text\":\"8\",\"type\":\"1\"}}', 1, '2021-12-11 14:11:29', '2021-12-11 14:11:29'),
(32, 1, 2, NULL, 0, 'O Caminho da Vida', 'PT', '{\"16\":{\"text\":\"8\",\"type\":\"1\"},\"20\":{\"text\":\"8\",\"type\":\"1\"},\"22\":{\"text\":\"6\",\"type\":\"1\"},\"23\":{\"text\":\"6\",\"type\":\"1\"},\"24\":{\"text\":\"8\",\"type\":\"1\"}}', 1, '2021-12-11 14:12:33', '2021-12-11 14:12:33'),
(33, 1, 2, NULL, 0, 'La Via della Vita', 'IT', '{\"16\":{\"text\":\"8\",\"type\":\"1\"},\"20\":{\"text\":\"8\",\"type\":\"1\"},\"22\":{\"text\":\"6\",\"type\":\"1\"},\"23\":{\"text\":\"6\",\"type\":\"1\"},\"24\":{\"text\":\"8\",\"type\":\"1\"}}', 1, '2021-12-11 14:13:08', '2021-12-11 14:13:08'),
(34, 1, 2, NULL, 0, 'ПУТЬ ЖИЗНИ', 'RU', '{\"16\":{\"text\":\"8\",\"type\":\"1\"},\"20\":{\"text\":\"6\",\"type\":\"1\"},\"22\":{\"text\":\"6\",\"type\":\"1\"},\"23\":{\"text\":\"6\",\"type\":\"1\"},\"24\":{\"text\":\"8\",\"type\":\"1\"}}', 1, '2021-12-11 14:49:04', '2021-12-11 14:49:04'),
(35, 6, 16, 'Z. T. Fomum', 1, 'L’amour et le Pardon de Dieu', 'FR', '{\"16\":{\"text\":\"8\",\"type\":\"1\"},\"20\":{\"text\":\"8\",\"type\":\"1\"},\"22\":{\"text\":\"8\",\"type\":\"1\"},\"23\":{\"text\":\"6\",\"type\":\"1\"},\"24\":{\"text\":\"6\",\"type\":\"1\"}}', 1, '2021-12-11 14:50:14', '2022-02-14 23:04:45'),
(36, 6, 16, 'Z. T. Fomum', 1, 'Gottes Liebe und Vergebung', 'DE', '{\"16\":{\"text\":\"8\",\"type\":\"1\"},\"20\":{\"text\":\"8\",\"type\":\"1\"},\"22\":{\"text\":\"6\",\"type\":\"1\"},\"23\":{\"text\":\"6\",\"type\":\"1\"},\"24\":{\"text\":\"8\",\"type\":\"1\"}}', 1, '2021-12-11 14:58:34', '2022-02-14 23:04:45'),
(37, 6, 16, 'Z. T. Fomum', 1, 'Η Αγαπη Και Η Συγχωρηση Του Θεου', 'EL', '{\"16\":{\"text\":\"8\",\"type\":\"1\"},\"20\":{\"text\":\"6\",\"type\":\"1\"},\"22\":{\"text\":\"6\",\"type\":\"1\"},\"23\":{\"text\":\"6\",\"type\":\"1\"},\"24\":{\"text\":\"6\",\"type\":\"1\"}}', 1, '2021-12-11 15:01:03', '2022-02-14 23:04:45'),
(38, 6, 16, 'Z. T. Fomum', 1, 'L’amore e il perdono di Dio', 'IT', '{\"16\":{\"text\":\"8\",\"type\":\"1\"},\"20\":{\"text\":\"8\",\"type\":\"1\"},\"22\":{\"text\":\"6\",\"type\":\"1\"},\"23\":{\"text\":\"6\",\"type\":\"1\"},\"24\":{\"text\":\"6\",\"type\":\"1\"}}', 1, '2021-12-11 15:02:14', '2022-02-14 23:04:45'),
(39, 6, 16, 'Z. T. Fomum', 1, 'Guds Kjærlighet og Tilgivelse', 'NO', '{\"16\":{\"text\":\"6\",\"type\":\"1\"},\"20\":{\"text\":\"6\",\"type\":\"1\"},\"22\":{\"text\":\"6\",\"type\":\"1\"},\"23\":{\"text\":\"6\",\"type\":\"1\"},\"24\":{\"text\":\"6\",\"type\":\"1\"}}', 1, '2021-12-11 15:02:55', '2022-02-14 23:04:45'),
(40, 6, 16, 'Z. T. Fomum', 1, 'Droga Pełnego Życia', 'PL', '{\"16\":{\"text\":\"8\",\"type\":\"1\"},\"20\":{\"text\":\"6\",\"type\":\"1\"},\"22\":{\"text\":\"6\",\"type\":\"1\"},\"23\":{\"text\":\"6\",\"type\":\"1\"},\"24\":{\"text\":\"6\",\"type\":\"1\"}}', 1, '2021-12-11 15:13:08', '2022-02-14 23:04:45'),
(41, 6, 16, 'Z. T. Fomum', 1, 'O Amore e o Perdâo de Deus', 'PT', '{\"16\":{\"text\":\"8\",\"type\":\"1\"},\"20\":{\"text\":\"8\",\"type\":\"1\"},\"22\":{\"text\":\"6\",\"type\":\"1\"},\"23\":{\"text\":\"6\",\"type\":\"1\"},\"24\":{\"text\":\"8\",\"type\":\"1\"}}', 1, '2021-12-11 15:15:31', '2022-02-14 23:04:45'),
(42, 6, 16, 'Z. T. Fomum', 1, 'El Amor Y El Perdón de Dios', 'ES', '{\"16\":{\"text\":\"8\",\"type\":\"1\"},\"20\":{\"text\":\"8\",\"type\":\"1\"},\"22\":{\"text\":\"6\",\"type\":\"1\"},\"23\":{\"text\":\"6\",\"type\":\"1\"},\"24\":{\"text\":\"8\",\"type\":\"1\"}}', 1, '2021-12-11 15:16:51', '2022-02-14 23:04:45'),
(43, 6, 16, 'Z. T. Fomum', 1, 'Rudo Rwamwari Nekuregerera', 'SN', '{\"16\":{\"text\":\"6\",\"type\":\"1\"},\"20\":{\"text\":\"6\",\"type\":\"1\"},\"22\":{\"text\":\"6\",\"type\":\"1\"},\"23\":{\"text\":\"6\",\"type\":\"1\"},\"24\":{\"text\":\"6\",\"type\":\"1\"}}', 1, '2021-12-11 15:24:29', '2022-02-14 23:04:45'),
(44, 6, 16, 'Z. T. Fomum', 1, 'Urukundo N’imbabazi By’imana', 'RW', '{\"16\":{\"text\":\"8\",\"type\":\"1\"},\"20\":{\"text\":\"6\",\"type\":\"1\"},\"22\":{\"text\":\"6\",\"type\":\"1\"},\"23\":{\"text\":\"6\",\"type\":\"1\"},\"24\":{\"text\":\"6\",\"type\":\"1\"}}', 1, '2021-12-11 15:26:13', '2022-02-14 23:04:45'),
(45, 6, 16, 'Z. T. Fomum', 1, 'የእግዚአብሔር ፍቅርና ይቅርባይነት', 'AM', '{\"16\":{\"text\":\"6\",\"type\":\"1\"},\"20\":{\"text\":\"6\",\"type\":\"1\"},\"22\":{\"text\":\"6\",\"type\":\"1\"},\"23\":{\"text\":\"6\",\"type\":\"1\"},\"24\":{\"text\":\"6\",\"type\":\"1\"}}', 1, '2021-12-11 15:28:01', '2022-02-14 23:04:45'),
(46, 6, 16, 'Z. T. Fomum', 1, 'परमेश्वर का प्रेम और क्षमा', 'HI', '{\"16\":{\"text\":\"6\",\"type\":\"1\"},\"20\":{\"text\":\"8\",\"type\":\"1\"},\"22\":{\"text\":\"6\",\"type\":\"1\"},\"23\":{\"text\":\"6\",\"type\":\"1\"},\"24\":{\"text\":\"6\",\"type\":\"1\"}}', 1, '2021-12-11 15:31:25', '2022-02-14 23:04:45'),
(47, 6, 16, 'Z. T. Fomum', 1, 'దేవుని ప్రేమ మరియు క్షమాపణ', 'TE', '{\"16\":{\"text\":\"6\",\"type\":\"1\"},\"20\":{\"text\":\"6\",\"type\":\"1\"},\"22\":{\"text\":\"6\",\"type\":\"1\"},\"23\":{\"text\":\"6\",\"type\":\"1\"},\"24\":{\"text\":\"6\",\"type\":\"1\"}}', 1, '2021-12-11 15:32:51', '2022-02-14 23:04:45'),
(48, 6, 16, 'Z. T. Fomum', 1, 'محبة الله وغفرانه', 'AR', '{\"16\":{\"text\":\"8\",\"type\":\"1\"},\"20\":{\"text\":\"6\",\"type\":\"1\"},\"22\":{\"text\":\"6\",\"type\":\"1\"},\"23\":{\"text\":\"6\",\"type\":\"1\"},\"24\":{\"text\":\"6\",\"type\":\"1\"}}', 1, '2021-12-11 15:36:25', '2022-02-14 23:04:45'),
(49, 6, 16, 'Z. T. Fomum', 1, '神的爱与祂的赦免', 'ZH', '{\"16\":{\"text\":\"8\",\"type\":\"1\"},\"20\":{\"text\":\"6\",\"type\":\"1\"},\"22\":{\"text\":\"6\",\"type\":\"1\"},\"23\":{\"text\":\"6\",\"type\":\"1\"},\"24\":{\"text\":\"8\",\"type\":\"1\"}}', 1, '2021-12-11 15:37:18', '2022-02-14 23:04:45'),
(50, 6, 16, 'Z. T. Fomum', 1, 'Gods liefde en vergiffenis', 'NL', '{\"16\":{\"text\":\"8\",\"type\":\"1\"},\"20\":{\"text\":\"8\",\"type\":\"1\"},\"22\":{\"text\":\"6\",\"type\":\"1\"},\"23\":{\"text\":\"6\",\"type\":\"1\"},\"24\":{\"text\":\"8\",\"type\":\"1\"}}', 1, '2021-12-11 15:38:28', '2022-02-14 23:04:45'),
(51, 6, 16, 'Z. T. Fomum', 1, 'Dragostea si iertarea lui Dumnezeu', 'RO', '{\"16\":{\"text\":\"8\",\"type\":\"1\"},\"20\":{\"text\":\"6\",\"type\":\"1\"},\"22\":{\"text\":\"6\",\"type\":\"1\"},\"23\":{\"text\":\"6\",\"type\":\"1\"},\"24\":{\"text\":\"6\",\"type\":\"1\"}}', 1, '2021-12-11 15:40:14', '2022-02-14 23:04:45'),
(52, 8, 23, 'Z. T. Fomum', 0, 'De Ses lèvres: à propos de lui-meme', 'FR', '{\"16\":{\"text\":\"8\",\"type\":\"1\"},\"20\":{\"text\":\"8\",\"type\":\"1\"},\"22\":{\"text\":\"6\",\"type\":\"1\"},\"23\":{\"text\":\"6\",\"type\":\"1\"},\"24\":{\"text\":\"8\",\"type\":\"1\"}}', 1, '2021-12-11 18:53:09', '2022-01-19 07:55:03'),
(53, 1, 3, 'Z. T. Fomum', 1, 'Le chemin de l\'obeissance', 'FR', '{\"16\":{\"text\":\"8\",\"type\":\"1\"},\"20\":{\"text\":\"8\",\"type\":\"1\"},\"22\":{\"text\":\"8\",\"type\":\"1\"},\"23\":{\"text\":\"6\",\"type\":\"1\"},\"24\":{\"text\":\"8\",\"type\":\"1\"}}', 1, '2021-12-12 05:22:19', '2022-02-07 15:50:06'),
(55, 7, 15, 'Z. T. Fomum', 1, 'Vision, Fardeau, Action', 'FR', '{\"16\":{\"text\":\"8\",\"type\":\"1\"},\"20\":{\"text\":\"8\",\"type\":\"1\"},\"22\":{\"text\":\"6\",\"type\":\"1\"},\"23\":{\"text\":\"6\",\"type\":\"1\"},\"24\":{\"text\":\"7\",\"type\":\"1\"}}', 1, '2021-12-12 07:43:38', '2022-01-22 19:04:51'),
(56, 13, 18, 'Z. T. Fomum', 1, 'l\'agressivité spirituelle', 'FR', '{\"16\":{\"text\":\"8\",\"type\":\"1\"},\"20\":{\"text\":\"8\",\"type\":\"1\"},\"22\":{\"text\":\"6\",\"type\":\"1\"},\"23\":{\"text\":\"6\",\"type\":\"1\"},\"24\":{\"text\":\"7\",\"type\":\"1\"}}', 1, '2021-12-12 07:44:33', '2022-01-09 05:25:08'),
(57, 11, 14, NULL, 0, 'Jouir de la vie Sexuelle', 'FR', '{\"16\":{\"text\":\"8\",\"type\":\"1\"},\"20\":{\"text\":\"8\",\"type\":\"1\"},\"22\":{\"text\":\"6\",\"type\":\"1\"},\"23\":{\"text\":\"6\",\"type\":\"1\"},\"24\":{\"text\":\"7\",\"type\":\"1\"}}', 1, '2021-12-12 07:45:33', '2021-12-12 07:45:33'),
(58, 10, 13, 'Z. T. Fomum', 1, 'Delivrance du peche', 'FR', '{\"16\":{\"text\":\"8\",\"type\":\"1\"},\"20\":{\"text\":\"8\",\"type\":\"1\"},\"22\":{\"text\":\"6\",\"type\":\"1\"},\"23\":{\"text\":\"6\",\"type\":\"1\"},\"24\":{\"text\":\"7\",\"type\":\"1\"}}', 1, '2021-12-12 07:51:35', '2022-02-12 04:58:27'),
(59, 12, 17, 'Z. T. Fomum', 1, 'L’adoratrice Récluse: La Prophetesse Anne', 'FR', '{\"16\":{\"text\":\"8\",\"type\":\"1\"},\"20\":{\"text\":\"8\",\"type\":\"1\"},\"22\":{\"text\":\"6\",\"type\":\"1\"},\"23\":{\"text\":\"6\",\"type\":\"1\"},\"24\":{\"text\":\"6\",\"type\":\"1\"}}', 1, '2021-12-12 07:52:48', '2022-02-16 20:53:57'),
(60, 9, 22, NULL, 0, 'L’Œuvre complète de ZTF sur la Doctrine chrétienne fondamentale', 'FR', '{\"16\":{\"text\":\"8\",\"type\":\"1\"},\"20\":{\"text\":\"6\",\"type\":\"1\"},\"22\":{\"text\":\"6\",\"type\":\"1\"},\"23\":{\"text\":\"6\",\"type\":\"1\"},\"24\":{\"text\":\"7\",\"type\":\"1\"}}', 1, '2021-12-12 07:53:53', '2021-12-12 07:53:53'),
(61, 16, 20, 'Z. T. Fomum', 0, 'Lola sur le chemin de la vie', 'FR', '{\"16\":{\"text\":\"8\",\"type\":\"1\"},\"20\":{\"text\":\"8\",\"type\":\"1\"},\"22\":{\"text\":\"6\",\"type\":\"1\"},\"23\":{\"text\":\"6\",\"type\":\"1\"},\"24\":{\"text\":\"8\",\"type\":\"1\"}}', 1, '2021-12-12 07:54:43', '2022-02-13 20:53:56'),
(62, 15, 21, 'Z. T. Fomum', 1, 'Un vase brisé', 'FR', '{\"16\":{\"text\":\"8\",\"type\":\"1\"},\"20\":{\"text\":\"8\",\"type\":\"1\"},\"22\":{\"text\":\"6\",\"type\":\"1\"},\"23\":{\"text\":\"6\",\"type\":\"1\"},\"24\":{\"text\":\"7\",\"type\":\"1\"}}', 1, '2021-12-12 07:55:29', '2022-02-11 17:39:18'),
(67, 1, 26, 'Z. T. Fomum', 1, 'The Way of Sanctification', 'EN', '{\"16\":{\"text\":\"8\",\"type\":\"1\"},\"20\":{\"text\":\"8\",\"type\":\"1\"},\"22\":{\"text\":\"8\",\"type\":\"1\"},\"23\":{\"text\":\"6\",\"type\":\"1\"},\"24\":{\"text\":\"8\",\"type\":\"1\"}}', 0, '2021-12-13 15:10:53', '2022-02-07 02:50:19'),
(68, 5, 27, 'Z. T. Fomum', 1, 'The Practice of Intercession', 'EN', '{\"16\":{\"text\":\"8\",\"type\":\"1\"},\"20\":{\"text\":\"8\",\"type\":\"1\"},\"22\":{\"text\":\"6\",\"type\":\"1\"},\"23\":{\"text\":\"8\",\"type\":\"1\"},\"24\":{\"text\":\"6\",\"type\":\"1\"}}', 0, '2021-12-13 15:38:03', '2022-02-14 12:50:10'),
(69, 1, 28, 'Z. T. Fomum', 1, 'The Way Of Christian Character', 'EN', '{\"16\":{\"text\":\"8\",\"type\":\"1\"},\"20\":{\"text\":\"8\",\"type\":\"1\"},\"22\":{\"text\":\"8\",\"type\":\"1\"},\"23\":{\"text\":\"6\",\"type\":\"1\"},\"24\":{\"text\":\"8\",\"type\":\"1\"}}', 0, '2021-12-13 15:51:20', '2022-01-07 13:18:14'),
(70, 1, 29, 'Z. T. Fomum', 1, 'The Way Of Spiritual Power', 'EN', '{\"16\":{\"text\":\"8\",\"type\":\"1\"},\"20\":{\"text\":\"8\",\"type\":\"1\"},\"22\":{\"text\":\"8\",\"type\":\"1\"},\"23\":{\"text\":\"6\",\"type\":\"1\"},\"24\":{\"text\":\"6\",\"type\":\"1\"}}', 0, '2021-12-13 15:51:57', '2022-02-15 01:35:25'),
(71, 1, 30, 'Z. T. Fomum', 1, 'The Way Of Christian Service', 'EN', '{\"16\":{\"text\":\"8\",\"type\":\"1\"},\"20\":{\"text\":\"8\",\"type\":\"1\"},\"22\":{\"text\":\"8\",\"type\":\"1\"},\"23\":{\"text\":\"6\",\"type\":\"1\"},\"24\":{\"text\":\"6\",\"type\":\"1\"}}', 0, '2021-12-13 15:52:27', '2022-02-07 15:50:50'),
(72, 1, 31, 'Z. T. Fomum', 1, 'The Way Of Spiritual Warfare', 'EN', '{\"16\":{\"text\":\"8\",\"type\":\"1\"},\"20\":{\"text\":\"8\",\"type\":\"1\"},\"22\":{\"text\":\"8\",\"type\":\"1\"},\"23\":{\"text\":\"6\",\"type\":\"1\"},\"24\":{\"text\":\"6\",\"type\":\"1\"}}', 0, '2021-12-13 15:53:04', '2022-02-07 20:55:18'),
(73, 1, 32, 'Z. T. Fomum', 1, 'The Way of Suffering For Christ', 'EN', '{\"16\":{\"text\":\"8\",\"type\":\"1\"},\"20\":{\"text\":\"8\",\"type\":\"1\"},\"22\":{\"text\":\"8\",\"type\":\"1\"},\"23\":{\"text\":\"6\",\"type\":\"1\"},\"24\":{\"text\":\"6\",\"type\":\"1\"}}', 0, '2021-12-13 15:54:07', '2022-02-07 20:55:35'),
(74, 1, 33, 'Z. T. Fomum', 1, 'The Way Of Overcomers', 'EN', '{\"16\":{\"text\":\"8\",\"type\":\"1\"},\"20\":{\"text\":\"8\",\"type\":\"1\"},\"22\":{\"text\":\"8\",\"type\":\"1\"},\"23\":{\"text\":\"6\",\"type\":\"1\"},\"24\":{\"text\":\"6\",\"type\":\"1\"}}', 0, '2021-12-13 15:54:39', '2022-02-07 20:55:57'),
(75, 1, 34, 'Z. T. Fomum', 1, 'The Way Of Spiritual Encouragement', 'EN', '{\"16\":{\"text\":\"8\",\"type\":\"1\"},\"20\":{\"text\":\"8\",\"type\":\"1\"},\"22\":{\"text\":\"8\",\"type\":\"1\"},\"23\":{\"text\":\"6\",\"type\":\"1\"},\"24\":{\"text\":\"6\",\"type\":\"1\"}}', 0, '2021-12-13 15:55:14', '2022-02-10 23:55:38'),
(76, 1, 35, 'Z. T. Fomum', 1, 'The Way Of Loving The Lord', 'EN', '{\"16\":{\"text\":\"8\",\"type\":\"1\"},\"20\":{\"text\":\"8\",\"type\":\"1\"},\"22\":{\"text\":\"8\",\"type\":\"1\"},\"23\":{\"text\":\"6\",\"type\":\"1\"},\"24\":{\"text\":\"6\",\"type\":\"1\"}}', 0, '2021-12-13 15:55:46', '2022-02-10 23:56:11'),
(78, 3, 37, 'Z. T. Fomum', 1, 'Personal Spiritual Revival', 'EN', '{\"16\":{\"text\":\"8\",\"type\":\"1\"},\"20\":{\"text\":\"8\",\"type\":\"1\"},\"22\":{\"text\":\"8\",\"type\":\"1\"},\"23\":{\"text\":\"6\",\"type\":\"1\"},\"24\":{\"text\":\"8\",\"type\":\"1\"}}', 0, '2021-12-13 16:25:22', '2022-01-29 02:30:42'),
(79, 6, 38, 'Z. T. Fomum', 1, 'Come Back Home My Son: I Still Love You', 'EN', '{\"16\":{\"text\":\"8\",\"type\":\"1\"},\"20\":{\"text\":\"8\",\"type\":\"1\"},\"22\":{\"text\":\"8\",\"type\":\"1\"},\"23\":{\"text\":\"6\",\"type\":\"1\"},\"24\":{\"text\":\"6\",\"type\":\"1\"}}', 0, '2021-12-14 18:28:12', '2022-02-11 17:15:18'),
(80, 6, 39, 'Z.T. Fomum', 1, 'Jesus Loves You And Wants To Heal You', 'EN', '{\"16\":{\"text\":\"8\",\"type\":\"1\"},\"20\":{\"text\":\"8\",\"type\":\"1\"},\"22\":{\"text\":\"8\",\"type\":\"1\"},\"23\":{\"text\":\"6\",\"type\":\"1\"},\"24\":{\"text\":\"6\",\"type\":\"1\"}}', 0, '2021-12-14 18:28:47', '2022-01-04 03:08:07'),
(81, 6, 40, 'Z. T. Fomum', 1, 'Meet The Liberator', 'EN', '{\"16\":{\"text\":\"8\",\"type\":\"1\"},\"20\":{\"text\":\"8\",\"type\":\"1\"},\"22\":{\"text\":\"8\",\"type\":\"1\"},\"23\":{\"text\":\"6\",\"type\":\"1\"},\"24\":{\"text\":\"8\",\"type\":\"1\"}}', 0, '2021-12-14 18:30:07', '2022-01-20 15:06:26'),
(82, 6, 41, 'Z. T. Fomum', 1, 'Salvation And Soul Winning', 'EN', '{\"16\":{\"text\":\"8\",\"type\":\"1\"},\"20\":{\"text\":\"8\",\"type\":\"1\"},\"22\":{\"text\":\"6\",\"type\":\"1\"},\"23\":{\"text\":\"6\",\"type\":\"1\"},\"24\":{\"text\":\"8\",\"type\":\"1\"}}', 0, '2021-12-14 18:30:59', '2022-01-07 14:15:06'),
(83, 6, 42, 'Z. T. Fomum', 0, 'The Salvation Of The Lord Jesus: Soul Winning (Vol. 3)', 'EN', '{\"16\":{\"text\":\"6\",\"type\":\"1\"},\"20\":{\"text\":\"6\",\"type\":\"1\"},\"22\":{\"text\":\"6\",\"type\":\"1\"},\"23\":{\"text\":\"6\",\"type\":\"1\"},\"24\":{\"text\":\"6\",\"type\":\"1\"}}', 0, '2021-12-14 18:31:52', '2022-02-11 17:36:53'),
(84, 6, 43, 'Z. T. Fomum', 1, 'Soul Winning And The Making Of Disciples', 'EN', '{\"16\":{\"text\":\"8\",\"type\":\"1\"},\"20\":{\"text\":\"8\",\"type\":\"1\"},\"22\":{\"text\":\"6\",\"type\":\"1\"},\"23\":{\"text\":\"6\",\"type\":\"1\"},\"24\":{\"text\":\"8\",\"type\":\"1\"}}', 0, '2021-12-14 18:32:32', '2022-01-22 17:37:11'),
(85, 6, 44, 'Z. T. Fomum', 0, 'Victorious Soul Winning', 'EN', '{\"16\":{\"text\":\"6\",\"type\":\"1\"},\"20\":{\"text\":\"6\",\"type\":\"1\"},\"22\":{\"text\":\"6\",\"type\":\"1\"},\"23\":{\"text\":\"6\",\"type\":\"1\"},\"24\":{\"text\":\"8\",\"type\":\"1\"}}', 0, '2021-12-14 18:33:17', '2022-01-29 11:48:00'),
(86, 6, 45, 'Z. T. Fomum', 1, 'Come And See: Jesus Has Not Changed!', 'EN', '{\"16\":{\"text\":\"8\",\"type\":\"1\"},\"20\":{\"text\":\"8\",\"type\":\"1\"},\"22\":{\"text\":\"6\",\"type\":\"1\"},\"23\":{\"text\":\"6\",\"type\":\"1\"},\"24\":{\"text\":\"6\",\"type\":\"1\"}}', 0, '2021-12-14 18:33:56', '2022-02-11 17:38:56'),
(87, 12, 46, 'Z. T. Fomum', 1, 'Unending Intimacy: Mary of Bethany', 'EN', '{\"16\":{\"text\":\"8\",\"type\":\"1\"},\"20\":{\"text\":\"8\",\"type\":\"1\"},\"22\":{\"text\":\"6\",\"type\":\"1\"},\"23\":{\"text\":\"6\",\"type\":\"1\"},\"24\":{\"text\":\"6\",\"type\":\"1\"}}', 0, '2021-12-14 18:35:33', '2022-02-12 04:52:11'),
(88, 12, 47, 'Z.T. Fomum', 1, 'Winning Love: Mary Magdalene', 'EN', '{\"16\":{\"text\":\"8\",\"type\":\"1\"},\"20\":{\"text\":\"8\",\"type\":\"1\"},\"22\":{\"text\":\"6\",\"type\":\"1\"},\"23\":{\"text\":\"6\",\"type\":\"1\"},\"24\":{\"text\":\"8\",\"type\":\"1\"}}', 0, '2021-12-14 18:36:09', '2022-01-03 19:25:33'),
(89, 13, 48, 'Z.T. Fomum', 0, 'The Character And The Personality of The Leader', 'EN', '{\"16\":{\"text\":\"8\",\"type\":\"1\"},\"20\":{\"text\":\"6\",\"type\":\"1\"},\"22\":{\"text\":\"6\",\"type\":\"1\"},\"23\":{\"text\":\"6\",\"type\":\"1\"},\"24\":{\"text\":\"13\",\"type\":\"1\"}}', 0, '2021-12-14 18:51:11', '2022-01-04 02:37:34'),
(90, 13, 49, 'Z.T. Fomum', 0, 'Leading A Local Church', 'EN', '{\"16\":{\"text\":\"8\",\"type\":\"1\"},\"20\":{\"text\":\"8\",\"type\":\"1\"},\"22\":{\"text\":\"6\",\"type\":\"1\"},\"23\":{\"text\":\"6\",\"type\":\"1\"},\"24\":{\"text\":\"8\",\"type\":\"1\"}}', 0, '2021-12-14 18:51:53', '2021-12-25 03:02:43'),
(91, 13, 50, 'Z.T. Fomum', 0, 'The Leader And His God', 'EN', '{\"16\":{\"text\":\"8\",\"type\":\"1\"},\"20\":{\"text\":\"8\",\"type\":\"1\"},\"22\":{\"text\":\"6\",\"type\":\"1\"},\"23\":{\"text\":\"6\",\"type\":\"1\"},\"24\":{\"text\":\"12\",\"type\":\"1\"}}', 0, '2021-12-14 18:58:13', '2022-01-04 02:47:20'),
(92, 17, 51, 'Z. T. Fomum', 1, 'Inner Healing', 'EN', '{\"16\":{\"text\":\"8\",\"type\":\"1\"},\"20\":{\"text\":\"8\",\"type\":\"1\"},\"22\":{\"text\":\"8\",\"type\":\"1\"},\"23\":{\"text\":\"6\",\"type\":\"1\"},\"24\":{\"text\":\"6\",\"type\":\"1\"}}', 0, '2021-12-14 21:25:03', '2022-02-05 19:07:17'),
(93, 17, 52, 'Z. T. Fomum', 1, 'No Failure Needs to be Final', 'EN', '{\"16\":{\"text\":\"8\",\"type\":\"1\"},\"20\":{\"text\":\"8\",\"type\":\"1\"},\"22\":{\"text\":\"8\",\"type\":\"1\"},\"23\":{\"text\":\"6\",\"type\":\"1\"},\"24\":{\"text\":\"6\",\"type\":\"1\"}}', 0, '2021-12-14 21:25:34', '2022-02-05 19:07:44'),
(94, 15, 53, 'Z. T. Fomum', 1, 'The Joy of Begging to Belong to the Lord Jesus Christ: A Testimony', 'EN', '{\"16\":{\"text\":\"8\",\"type\":\"1\"},\"20\":{\"text\":\"8\",\"type\":\"1\"},\"22\":{\"text\":\"7\",\"type\":\"1\"},\"23\":{\"text\":\"6\",\"type\":\"1\"},\"24\":{\"text\":\"6\",\"type\":\"1\"}}', 0, '2021-12-14 21:26:35', '2022-02-12 05:27:31'),
(95, 8, 54, 'Z.T. Fomum', 0, 'From His Lips: About His Co-Workers', 'EN', '{\"16\":{\"text\":\"8\",\"type\":\"1\"},\"20\":{\"text\":\"8\",\"type\":\"1\"},\"22\":{\"text\":\"6\",\"type\":\"1\"},\"23\":{\"text\":\"6\",\"type\":\"1\"},\"24\":{\"text\":\"8\",\"type\":\"1\"}}', 0, '2021-12-14 21:39:36', '2022-01-03 19:57:57'),
(96, 8, 55, 'Z. T. Fomum', 0, 'From His Lips: Back From His Missions', 'EN', '{\"16\":{\"text\":\"8\",\"type\":\"1\"},\"20\":{\"text\":\"6\",\"type\":\"1\"},\"22\":{\"text\":\"6\",\"type\":\"1\"},\"23\":{\"text\":\"6\",\"type\":\"1\"},\"24\":{\"text\":\"8\",\"type\":\"1\"}}', 0, '2021-12-14 21:40:10', '2022-01-19 07:57:39'),
(97, 8, 56, 'Z.T. Fomum', 0, 'From His Lips: About Our Ministry', 'EN', '{\"16\":{\"text\":\"8\",\"type\":\"1\"},\"20\":{\"text\":\"8\",\"type\":\"1\"},\"22\":{\"text\":\"6\",\"type\":\"1\"},\"23\":{\"text\":\"6\",\"type\":\"1\"},\"24\":{\"text\":\"8\",\"type\":\"1\"}}', 0, '2021-12-14 21:40:38', '2022-01-04 03:10:34'),
(98, 8, 57, 'Z. T. Fomum', 0, 'From His Lips: On Our Vision', 'EN', '{\"16\":{\"text\":\"8\",\"type\":\"1\"},\"20\":{\"text\":\"8\",\"type\":\"1\"},\"22\":{\"text\":\"6\",\"type\":\"1\"},\"23\":{\"text\":\"6\",\"type\":\"1\"},\"24\":{\"text\":\"8\",\"type\":\"1\"}}', 0, '2021-12-14 21:41:01', '2022-01-07 21:50:04'),
(99, 8, 58, 'Z. T. Fomum', 0, 'The Work is the Worker (Volume 2)', 'EN', '{\"16\":{\"text\":\"8\",\"type\":\"1\"},\"20\":{\"text\":\"8\",\"type\":\"1\"},\"22\":{\"text\":\"6\",\"type\":\"1\"},\"23\":{\"text\":\"8\",\"type\":\"1\"},\"24\":{\"text\":\"8\",\"type\":\"1\"}}', 0, '2021-12-14 21:41:36', '2022-02-09 17:55:58'),
(100, 8, 59, 'Z. T. Fomum', 0, 'The Influences that moulded him', 'EN', '{\"16\":{\"text\":\"8\",\"type\":\"1\"},\"20\":{\"text\":\"8\",\"type\":\"1\"},\"22\":{\"text\":\"6\",\"type\":\"1\"},\"23\":{\"text\":\"8\",\"type\":\"1\"},\"24\":{\"text\":\"8\",\"type\":\"1\"}}', 0, '2021-12-14 21:42:15', '2022-01-08 13:41:57'),
(101, 8, 60, 'Z. T. Fomum', 0, ' The Authority And Power Of A Life', 'EN', '{\"16\":{\"text\":\"8\",\"type\":\"1\"},\"20\":{\"text\":\"8\",\"type\":\"1\"},\"22\":{\"text\":\"6\",\"type\":\"1\"},\"23\":{\"text\":\"6\",\"type\":\"1\"},\"24\":{\"text\":\"8\",\"type\":\"1\"}}', 0, '2021-12-14 21:42:54', '2022-01-07 14:48:20'),
(102, 8, 61, 'Z. T. Fomum', 0, 'The Battles he fought', 'EN', '{\"16\":{\"text\":\"8\",\"type\":\"1\"},\"20\":{\"text\":\"8\",\"type\":\"1\"},\"22\":{\"text\":\"6\",\"type\":\"1\"},\"23\":{\"text\":\"8\",\"type\":\"1\"},\"24\":{\"text\":\"8\",\"type\":\"1\"}}', 0, '2021-12-14 21:43:37', '2022-01-07 18:14:05'),
(104, 6, 62, 'Z.T. Fomum', 1, '36 Reasons For Winning The Lost To Christ', 'EN', '{\"16\":{\"text\":\"8\",\"type\":\"1\"},\"20\":{\"text\":\"8\",\"type\":\"1\"},\"22\":{\"text\":\"8\",\"type\":\"1\"},\"23\":{\"text\":\"6\",\"type\":\"1\"},\"24\":{\"text\":\"8\",\"type\":\"1\"}}', 0, '2021-12-15 15:14:02', '2021-12-31 08:25:44'),
(105, 6, 63, 'Z. T. Fomum', 1, 'Soul-Winning (Volume 1)', 'EN', '{\"16\":{\"text\":\"8\",\"type\":\"1\"},\"20\":{\"text\":\"8\",\"type\":\"1\"},\"22\":{\"text\":\"6\",\"type\":\"1\"},\"23\":{\"text\":\"6\",\"type\":\"1\"},\"24\":{\"text\":\"6\",\"type\":\"1\"}}', 0, '2021-12-15 15:14:35', '2022-02-11 17:39:39'),
(106, 6, 64, 'Z. T. Fomum', 1, 'Soul Winning (Vol 2)', 'EN', '{\"16\":{\"text\":\"8\",\"type\":\"1\"},\"20\":{\"text\":\"8\",\"type\":\"1\"},\"22\":{\"text\":\"6\",\"type\":\"1\"},\"23\":{\"text\":\"6\",\"type\":\"1\"},\"24\":{\"text\":\"6\",\"type\":\"1\"}}', 0, '2021-12-15 15:15:00', '2022-02-11 17:39:56'),
(107, 6, 65, 'Z. T. Fomum', 1, 'Celebrity A Mask', 'EN', '{\"16\":{\"text\":\"8\",\"type\":\"1\"},\"20\":{\"text\":\"8\",\"type\":\"1\"},\"22\":{\"text\":\"8\",\"type\":\"1\"},\"23\":{\"text\":\"8\",\"type\":\"1\"},\"24\":{\"text\":\"6\",\"type\":\"1\"}}', 0, '2021-12-15 15:15:30', '2022-02-12 04:49:44'),
(108, 6, 66, 'Z. T. Fomum', 1, 'Encounter The Saviour', 'EN', '{\"16\":{\"text\":\"8\",\"type\":\"1\"},\"20\":{\"text\":\"8\",\"type\":\"1\"},\"22\":{\"text\":\"8\",\"type\":\"1\"},\"23\":{\"text\":\"6\",\"type\":\"1\"},\"24\":{\"text\":\"8\",\"type\":\"1\"}}', 0, '2021-12-15 15:15:57', '2022-01-20 15:06:47'),
(109, 11, 67, 'Z. T. Fomum', 1, 'Enjoying The Choice Of Your Marriage Partner', 'EN', '{\"16\":{\"text\":\"8\",\"type\":\"1\"},\"20\":{\"text\":\"8\",\"type\":\"1\"},\"22\":{\"text\":\"6\",\"type\":\"1\"},\"23\":{\"text\":\"6\",\"type\":\"1\"},\"24\":{\"text\":\"6\",\"type\":\"1\"}}', 0, '2021-12-15 15:16:45', '2022-02-12 04:53:21'),
(110, 11, 68, 'Z. T. Fomum', 1, 'Enjoying The Married Life', 'EN', '{\"16\":{\"text\":\"8\",\"type\":\"1\"},\"20\":{\"text\":\"8\",\"type\":\"1\"},\"22\":{\"text\":\"8\",\"type\":\"1\"},\"23\":{\"text\":\"6\",\"type\":\"1\"},\"24\":{\"text\":\"6\",\"type\":\"1\"}}', 0, '2021-12-15 15:17:40', '2022-02-12 04:53:47'),
(111, 11, 69, 'Z. T. Fomum', 1, 'Divorce And Remarriage', 'EN', '{\"16\":{\"text\":\"8\",\"type\":\"1\"},\"20\":{\"text\":\"8\",\"type\":\"1\"},\"22\":{\"text\":\"6\",\"type\":\"1\"},\"23\":{\"text\":\"6\",\"type\":\"1\"},\"24\":{\"text\":\"6\",\"type\":\"1\"}}', 0, '2021-12-15 15:18:02', '2022-02-12 04:54:12'),
(112, 11, 70, 'Z. T. Fomum', 1, 'A Successful Marriage: The Husband’s Making', 'EN', '{\"16\":{\"text\":\"8\",\"type\":\"1\"},\"20\":{\"text\":\"8\",\"type\":\"1\"},\"22\":{\"text\":\"6\",\"type\":\"1\"},\"23\":{\"text\":\"6\",\"type\":\"1\"},\"24\":{\"text\":\"6\",\"type\":\"1\"}}', 0, '2021-12-15 15:18:41', '2022-02-11 17:43:11'),
(113, 11, 71, 'Z. T. Fomum', 1, 'A Successful Marriage: The Wife’s Making', 'EN', '{\"16\":{\"text\":\"8\",\"type\":\"1\"},\"20\":{\"text\":\"8\",\"type\":\"1\"},\"22\":{\"text\":\"6\",\"type\":\"1\"},\"23\":{\"text\":\"6\",\"type\":\"1\"},\"24\":{\"text\":\"6\",\"type\":\"1\"}}', 0, '2021-12-15 15:19:08', '2022-02-12 04:51:44'),
(114, 11, 72, 'Z.T. Fomum', 1, 'Life-changing Thoughts on Marriage', 'EN', '{\"16\":{\"text\":\"8\",\"type\":\"1\"},\"20\":{\"text\":\"8\",\"type\":\"1\"},\"22\":{\"text\":\"6\",\"type\":\"1\"},\"23\":{\"text\":\"6\",\"type\":\"1\"},\"24\":{\"text\":\"8\",\"type\":\"1\"}}', 0, '2021-12-15 15:19:52', '2022-01-03 19:31:33'),
(115, 7, 73, 'Z. T. Fomum', 1, 'The Ministers And The Ministry of The New Covenant', 'EN', '{\"16\":{\"text\":\"8\",\"type\":\"1\"},\"20\":{\"text\":\"8\",\"type\":\"1\"},\"22\":{\"text\":\"8\",\"type\":\"1\"},\"23\":{\"text\":\"6\",\"type\":\"1\"},\"24\":{\"text\":\"6\",\"type\":\"1\"}}', 0, '2021-12-15 15:20:57', '2022-02-12 04:55:30'),
(116, 7, 74, 'Z.T. Fomum', 1, 'The Cross in The Life And Ministry of The Believer', 'EN', '{\"16\":{\"text\":\"8\",\"type\":\"1\"},\"20\":{\"text\":\"8\",\"type\":\"1\"},\"22\":{\"text\":\"8\",\"type\":\"1\"},\"23\":{\"text\":\"6\",\"type\":\"1\"},\"24\":{\"text\":\"10\",\"type\":\"1\"}}', 0, '2021-12-15 15:21:37', '2022-01-04 03:09:23'),
(117, 7, 75, 'Z. T. Fomum', 1, 'Knowing The God of Unparalleled Goodness', 'EN', '{\"16\":{\"text\":\"8\",\"type\":\"1\"},\"20\":{\"text\":\"8\",\"type\":\"1\"},\"22\":{\"text\":\"8\",\"type\":\"1\"},\"23\":{\"text\":\"6\",\"type\":\"1\"},\"24\":{\"text\":\"6\",\"type\":\"1\"}}', 0, '2021-12-15 15:22:11', '2022-02-12 04:55:52'),
(118, 7, 76, 'Z.T. Fomum', 1, 'Brokenness: The Secret of Spiritual Overflow', 'EN', '{\"16\":{\"text\":\"8\",\"type\":\"1\"},\"20\":{\"text\":\"8\",\"type\":\"1\"},\"22\":{\"text\":\"8\",\"type\":\"1\"},\"23\":{\"text\":\"6\",\"type\":\"1\"},\"24\":{\"text\":\"11\",\"type\":\"1\"}}', 0, '2021-12-15 15:22:44', '2022-01-04 03:09:57'),
(119, 7, 77, 'Z. T. Fomum', 1, 'The Secret of Spiritual Rest', 'EN', '{\"16\":{\"text\":\"8\",\"type\":\"1\"},\"20\":{\"text\":\"8\",\"type\":\"1\"},\"22\":{\"text\":\"8\",\"type\":\"1\"},\"23\":{\"text\":\"6\",\"type\":\"1\"},\"24\":{\"text\":\"6\",\"type\":\"1\"}}', 0, '2021-12-15 15:23:44', '2022-02-12 04:56:12'),
(120, 7, 78, 'Z. T. Fomum', 1, 'Making Spiritual Progress (Volume 1)', 'EN', '{\"16\":{\"text\":\"8\",\"type\":\"1\"},\"20\":{\"text\":\"8\",\"type\":\"1\"},\"22\":{\"text\":\"8\",\"type\":\"1\"},\"23\":{\"text\":\"6\",\"type\":\"1\"},\"24\":{\"text\":\"6\",\"type\":\"1\"}}', 0, '2021-12-15 15:24:35', '2022-02-12 04:56:33'),
(121, 7, 79, 'Z. T. Fomum', 1, 'Making Spiritual Progress (Volume 2)', 'EN', '{\"16\":{\"text\":\"8\",\"type\":\"1\"},\"20\":{\"text\":\"8\",\"type\":\"1\"},\"22\":{\"text\":\"8\",\"type\":\"1\"},\"23\":{\"text\":\"6\",\"type\":\"1\"},\"24\":{\"text\":\"6\",\"type\":\"1\"}}', 0, '2021-12-15 15:25:21', '2022-02-12 04:56:49'),
(122, 7, 80, 'Z. T. Fomum', 1, 'Making Spiritual Progress (Volume 3)', 'EN', '{\"16\":{\"text\":\"8\",\"type\":\"1\"},\"20\":{\"text\":\"8\",\"type\":\"1\"},\"22\":{\"text\":\"6\",\"type\":\"1\"},\"23\":{\"text\":\"6\",\"type\":\"1\"},\"24\":{\"text\":\"6\",\"type\":\"1\"}}', 0, '2021-12-15 15:25:53', '2022-02-12 04:50:46'),
(123, 7, 81, 'Z. T. Fomum', 1, 'Making Spiritual Progress (Volume 4)', 'EN', '{\"16\":{\"text\":\"8\",\"type\":\"1\"},\"20\":{\"text\":\"8\",\"type\":\"1\"},\"22\":{\"text\":\"6\",\"type\":\"1\"},\"23\":{\"text\":\"6\",\"type\":\"1\"},\"24\":{\"text\":\"14\",\"type\":\"1\"}}', 0, '2021-12-15 15:26:18', '2022-01-07 00:58:17'),
(124, 7, 82, 'Z. T. Fomum', 1, 'Moving on With The Lord Jesus Christ', 'EN', '{\"16\":{\"text\":\"8\",\"type\":\"1\"},\"20\":{\"text\":\"8\",\"type\":\"1\"},\"22\":{\"text\":\"8\",\"type\":\"1\"},\"23\":{\"text\":\"6\",\"type\":\"1\"},\"24\":{\"text\":\"8\",\"type\":\"1\"}}', 0, '2021-12-15 15:26:52', '2022-01-29 11:56:38'),
(125, 5, 83, 'Z. T. Fomum', 1, 'The Art Of Intercession', 'EN', '{\"16\":{\"text\":\"8\",\"type\":\"1\"},\"20\":{\"text\":\"8\",\"type\":\"1\"},\"22\":{\"text\":\"6\",\"type\":\"1\"},\"23\":{\"text\":\"8\",\"type\":\"1\"},\"24\":{\"text\":\"6\",\"type\":\"1\"}}', 0, '2021-12-15 15:30:44', '2022-02-11 17:12:18'),
(126, 5, 84, 'Z. T. Fomum', 1, 'Praying With Power', 'EN', '{\"16\":{\"text\":\"8\",\"type\":\"1\"},\"20\":{\"text\":\"8\",\"type\":\"1\"},\"22\":{\"text\":\"6\",\"type\":\"1\"},\"23\":{\"text\":\"8\",\"type\":\"1\"},\"24\":{\"text\":\"8\",\"type\":\"1\"}}', 0, '2021-12-15 15:31:17', '2022-01-29 02:29:37'),
(127, 5, 85, 'Z. T. Fomum', 1, 'Practical Spiritual Warfare Through Prayer', 'EN', '{\"16\":{\"text\":\"8\",\"type\":\"1\"},\"20\":{\"text\":\"8\",\"type\":\"1\"},\"22\":{\"text\":\"6\",\"type\":\"1\"},\"23\":{\"text\":\"8\",\"type\":\"1\"},\"24\":{\"text\":\"6\",\"type\":\"1\"}}', 0, '2021-12-15 15:31:44', '2022-02-11 17:14:08'),
(128, 5, 86, 'Z. T. Fomum', 1, 'Moving God Through Prayer', 'EN', '{\"16\":{\"text\":\"8\",\"type\":\"1\"},\"20\":{\"text\":\"8\",\"type\":\"1\"},\"22\":{\"text\":\"6\",\"type\":\"1\"},\"23\":{\"text\":\"8\",\"type\":\"1\"},\"24\":{\"text\":\"6\",\"type\":\"1\"}}', 0, '2021-12-15 15:32:48', '2022-02-11 17:13:44'),
(129, 5, 87, 'Z. T. Fomum', 1, 'The Ministry of Praise And Thanksgiving', 'EN', '{\"16\":{\"text\":\"8\",\"type\":\"1\"},\"20\":{\"text\":\"8\",\"type\":\"1\"},\"22\":{\"text\":\"6\",\"type\":\"1\"},\"23\":{\"text\":\"8\",\"type\":\"1\"},\"24\":{\"text\":\"6\",\"type\":\"1\"}}', 0, '2021-12-15 15:33:18', '2022-02-11 17:13:23'),
(130, 5, 88, 'Z. T. Fomum', 1, 'Waiting on The Lord in Prayer', 'EN', '{\"16\":{\"text\":\"8\",\"type\":\"1\"},\"20\":{\"text\":\"8\",\"type\":\"1\"},\"22\":{\"text\":\"6\",\"type\":\"1\"},\"23\":{\"text\":\"8\",\"type\":\"1\"},\"24\":{\"text\":\"6\",\"type\":\"1\"}}', 0, '2021-12-15 15:33:51', '2022-02-11 17:13:03'),
(131, 5, 89, 'Z. T. Fomum', 1, 'The Ministry of Supplication', 'EN', '{\"16\":{\"text\":\"8\",\"type\":\"1\"},\"20\":{\"text\":\"8\",\"type\":\"1\"},\"22\":{\"text\":\"6\",\"type\":\"1\"},\"23\":{\"text\":\"8\",\"type\":\"1\"},\"24\":{\"text\":\"6\",\"type\":\"1\"}}', 0, '2021-12-15 15:35:25', '2022-02-11 03:14:46'),
(132, 5, 90, 'Z. T. Fomum', 1, 'Life-Changing Thoughts on Prayer (Vol 1)', 'EN', '{\"16\":{\"text\":\"8\",\"type\":\"1\"},\"20\":{\"text\":\"8\",\"type\":\"1\"},\"22\":{\"text\":\"6\",\"type\":\"1\"},\"23\":{\"text\":\"8\",\"type\":\"1\"},\"24\":{\"text\":\"6\",\"type\":\"1\"}}', 0, '2021-12-15 15:36:16', '2022-02-18 15:31:59'),
(133, 5, 91, 'Z. T. Fomum', 1, 'The Centrality of Prayer', 'EN', '{\"16\":{\"text\":\"8\",\"type\":\"1\"},\"20\":{\"text\":\"8\",\"type\":\"1\"},\"22\":{\"text\":\"6\",\"type\":\"1\"},\"23\":{\"text\":\"8\",\"type\":\"1\"},\"24\":{\"text\":\"6\",\"type\":\"1\"}}', 0, '2021-12-15 15:44:47', '2022-02-11 03:10:34'),
(134, 5, 92, 'Z. T. Fomum', 1, 'Life-Changing Thoughts on Prayer (Vol 2)', 'EN', '{\"16\":{\"text\":\"8\",\"type\":\"1\"},\"20\":{\"text\":\"8\",\"type\":\"1\"},\"22\":{\"text\":\"6\",\"type\":\"1\"},\"23\":{\"text\":\"8\",\"type\":\"1\"},\"24\":{\"text\":\"6\",\"type\":\"1\"}}', 0, '2021-12-15 15:45:17', '2022-02-12 15:35:38'),
(135, 5, 93, 'Z. T. Fomum', 0, 'Prayer and Spiritual Intimacy', 'EN', '{\"16\":{\"text\":\"6\",\"type\":\"1\"},\"20\":{\"text\":\"6\",\"type\":\"1\"},\"22\":{\"text\":\"6\",\"type\":\"1\"},\"23\":{\"text\":\"6\",\"type\":\"1\"},\"24\":{\"text\":\"12\",\"type\":\"1\"}}', 0, '2021-12-15 15:46:01', '2022-01-08 14:34:13'),
(136, 5, 94, 'Z.T. Fomum', 1, 'Life-Changing Thoughts on Prayer (Vol 3)', 'EN', '{\"16\":{\"text\":\"8\",\"type\":\"1\"},\"20\":{\"text\":\"6\",\"type\":\"1\"},\"22\":{\"text\":\"6\",\"type\":\"1\"},\"23\":{\"text\":\"6\",\"type\":\"1\"},\"24\":{\"text\":\"12\",\"type\":\"1\"}}', 0, '2021-12-15 15:46:41', '2022-01-04 02:50:47'),
(137, 5, 95, 'Z. T. Fomum', 1, 'The Art of Worship', 'EN', '{\"16\":{\"text\":\"8\",\"type\":\"1\"},\"20\":{\"text\":\"8\",\"type\":\"1\"},\"22\":{\"text\":\"6\",\"type\":\"1\"},\"23\":{\"text\":\"8\",\"type\":\"1\"},\"24\":{\"text\":\"13\",\"type\":\"1\"}}', 0, '2021-12-15 15:47:14', '2022-01-09 05:28:29'),
(138, 5, 96, 'Z. T. Fomum', 1, 'Life-Changing Thoughts on Prayer (Vol 4)', 'EN', '{\"16\":{\"text\":\"8\",\"type\":\"1\"},\"20\":{\"text\":\"8\",\"type\":\"1\"},\"22\":{\"text\":\"6\",\"type\":\"1\"},\"23\":{\"text\":\"8\",\"type\":\"1\"},\"24\":{\"text\":\"8\",\"type\":\"1\"}}', 0, '2021-12-15 15:47:51', '2022-02-12 05:02:26'),
(139, 5, 97, 'Z. T. Fomum', 1, 'Life-Changing Thoughts on Prayer (Vol 5)', 'EN', '{\"16\":{\"text\":\"6\",\"type\":\"1\"},\"20\":{\"text\":\"6\",\"type\":\"1\"},\"22\":{\"text\":\"6\",\"type\":\"1\"},\"23\":{\"text\":\"6\",\"type\":\"1\"},\"24\":{\"text\":\"13\",\"type\":\"1\"}}', 0, '2021-12-15 15:48:22', '2022-01-07 17:12:52'),
(140, 5, 98, 'Z. T. Fomum', 1, 'Learning to Importune in Prayer', 'EN', '{\"16\":{\"text\":\"8\",\"type\":\"1\"},\"20\":{\"text\":\"8\",\"type\":\"1\"},\"22\":{\"text\":\"6\",\"type\":\"1\"},\"23\":{\"text\":\"8\",\"type\":\"1\"},\"24\":{\"text\":\"8\",\"type\":\"1\"}}', 0, '2021-12-15 15:48:50', '2022-01-08 14:34:43'),
(141, 5, 99, 'Z.T. Fomum', 1, 'Prayer And A Walk With God', 'EN', '{\"16\":{\"text\":\"8\",\"type\":\"1\"},\"20\":{\"text\":\"8\",\"type\":\"1\"},\"22\":{\"text\":\"6\",\"type\":\"1\"},\"23\":{\"text\":\"8\",\"type\":\"1\"},\"24\":{\"text\":\"13\",\"type\":\"1\"}}', 0, '2021-12-15 15:49:25', '2022-01-04 02:41:00'),
(142, 5, 100, 'Z.T. Fomum', 0, 'From His Prayer files', 'EN', '{\"16\":{\"text\":\"8\",\"type\":\"1\"},\"20\":{\"text\":\"8\",\"type\":\"1\"},\"22\":{\"text\":\"6\",\"type\":\"1\"},\"23\":{\"text\":\"8\",\"type\":\"1\"},\"24\":{\"text\":\"8\",\"type\":\"1\"}}', 0, '2021-12-15 15:49:55', '2022-01-03 13:58:58'),
(143, 5, 101, 'Z. T. Fomum', 1, 'Prayer and Holiness', 'EN', '{\"16\":{\"text\":\"8\",\"type\":\"1\"},\"20\":{\"text\":\"8\",\"type\":\"1\"},\"22\":{\"text\":\"6\",\"type\":\"1\"},\"23\":{\"text\":\"8\",\"type\":\"1\"},\"24\":{\"text\":\"8\",\"type\":\"1\"}}', 0, '2021-12-15 15:50:26', '2022-01-09 05:12:53'),
(144, 3, 102, 'Z. T. Fomum', 1, 'Daily Dynamic Encounters with God', 'EN', '{\"16\":{\"text\":\"8\",\"type\":\"1\"},\"20\":{\"text\":\"8\",\"type\":\"1\"},\"22\":{\"text\":\"8\",\"type\":\"1\"},\"23\":{\"text\":\"6\",\"type\":\"1\"},\"24\":{\"text\":\"13\",\"type\":\"1\"}}', 0, '2021-12-15 18:11:36', '2022-02-12 16:54:18'),
(145, 3, 103, 'Z. T. Fomum', 1, 'The School of Truth', 'EN', '{\"16\":{\"text\":\"8\",\"type\":\"1\"},\"20\":{\"text\":\"8\",\"type\":\"1\"},\"22\":{\"text\":\"7\",\"type\":\"1\"},\"23\":{\"text\":\"6\",\"type\":\"1\"},\"24\":{\"text\":\"6\",\"type\":\"1\"}}', 0, '2021-12-15 18:12:19', '2022-02-10 23:56:43'),
(146, 3, 104, 'Z. T. Fomum', 1, 'How to Succeed in The Christian Life', 'EN', '{\"16\":{\"text\":\"8\",\"type\":\"1\"},\"20\":{\"text\":\"8\",\"type\":\"1\"},\"22\":{\"text\":\"8\",\"type\":\"1\"},\"23\":{\"text\":\"6\",\"type\":\"1\"},\"24\":{\"text\":\"6\",\"type\":\"1\"}}', 0, '2021-12-15 18:12:57', '2022-02-10 23:57:08'),
(147, 3, 105, 'Z. T. Fomum', 1, 'The Christian And Money', 'EN', '{\"16\":{\"text\":\"8\",\"type\":\"1\"},\"20\":{\"text\":\"8\",\"type\":\"1\"},\"22\":{\"text\":\"8\",\"type\":\"1\"},\"23\":{\"text\":\"6\",\"type\":\"1\"},\"24\":{\"text\":\"8\",\"type\":\"1\"}}', 0, '2021-12-15 18:13:26', '2022-01-29 02:28:25'),
(148, 3, 106, 'Z. T. Fomum', 1, 'Deliverance From The Sin of Laziness', 'EN', '{\"16\":{\"text\":\"8\",\"type\":\"1\"},\"20\":{\"text\":\"8\",\"type\":\"1\"},\"22\":{\"text\":\"8\",\"type\":\"1\"},\"23\":{\"text\":\"6\",\"type\":\"1\"},\"24\":{\"text\":\"8\",\"type\":\"1\"}}', 0, '2021-12-15 18:14:19', '2022-02-11 03:14:18'),
(149, 3, 107, 'Z. T. Fomum', 1, 'The Art of Working Hard', 'EN', '{\"16\":{\"text\":\"8\",\"type\":\"1\"},\"20\":{\"text\":\"8\",\"type\":\"1\"},\"22\":{\"text\":\"8\",\"type\":\"1\"},\"23\":{\"text\":\"6\",\"type\":\"1\"},\"24\":{\"text\":\"6\",\"type\":\"1\"}}', 0, '2021-12-15 18:14:43', '2022-02-11 03:15:40'),
(150, 3, 108, 'Z. T. Fomum', 1, 'Knowing God - The Greatest Need of The Hour', 'EN', '{\"16\":{\"text\":\"8\",\"type\":\"1\"},\"20\":{\"text\":\"8\",\"type\":\"1\"},\"22\":{\"text\":\"8\",\"type\":\"1\"},\"23\":{\"text\":\"6\",\"type\":\"1\"},\"24\":{\"text\":\"6\",\"type\":\"1\"}}', 0, '2021-12-15 18:15:14', '2022-02-11 17:03:57'),
(151, 3, 109, 'Z. T. Fomum', 1, 'Revelation: A Must', 'EN', '{\"16\":{\"text\":\"8\",\"type\":\"1\"},\"20\":{\"text\":\"8\",\"type\":\"1\"},\"22\":{\"text\":\"8\",\"type\":\"1\"},\"23\":{\"text\":\"6\",\"type\":\"1\"},\"24\":{\"text\":\"6\",\"type\":\"1\"}}', 0, '2021-12-15 18:15:37', '2022-02-11 17:04:21'),
(152, 3, 110, 'Z.T. Fomum', 1, 'True Repentance', 'EN', '{\"16\":{\"text\":\"8\",\"type\":\"1\"},\"20\":{\"text\":\"8\",\"type\":\"1\"},\"22\":{\"text\":\"8\",\"type\":\"1\"},\"23\":{\"text\":\"6\",\"type\":\"1\"},\"24\":{\"text\":\"13\",\"type\":\"1\"}}', 0, '2021-12-15 18:16:07', '2022-01-04 02:44:45'),
(153, 3, 111, 'Z. T. Fomum', 1, 'Restitution - An Important Message For The Overcomers', 'EN', '{\"16\":{\"text\":\"8\",\"type\":\"1\"},\"20\":{\"text\":\"8\",\"type\":\"1\"},\"22\":{\"text\":\"8\",\"type\":\"1\"},\"23\":{\"text\":\"6\",\"type\":\"1\"},\"24\":{\"text\":\"6\",\"type\":\"1\"}}', 0, '2021-12-15 18:16:41', '2022-02-11 17:04:42'),
(154, 3, 112, 'Z. T. Fomum', 1, 'You Can Receive a Pure Heart Today', 'EN', '{\"16\":{\"text\":\"8\",\"type\":\"1\"},\"20\":{\"text\":\"8\",\"type\":\"1\"},\"22\":{\"text\":\"7\",\"type\":\"1\"},\"23\":{\"text\":\"6\",\"type\":\"1\"},\"24\":{\"text\":\"8\",\"type\":\"1\"}}', 0, '2021-12-15 18:17:18', '2022-02-12 05:02:58'),
(155, 3, 113, 'Z. T. Fomum', 1, 'You Can Lead Someone to The Lord Jesus Today', 'EN', '{\"16\":{\"text\":\"8\",\"type\":\"1\"},\"20\":{\"text\":\"8\",\"type\":\"1\"},\"22\":{\"text\":\"8\",\"type\":\"1\"},\"23\":{\"text\":\"6\",\"type\":\"1\"},\"24\":{\"text\":\"6\",\"type\":\"1\"}}', 0, '2021-12-15 18:17:49', '2022-02-11 17:05:21'),
(156, 3, 114, 'Z. T. Fomum', 1, 'You Can Receive The Baptism Into The Holy Spirit Now', 'EN', '{\"16\":{\"text\":\"8\",\"type\":\"1\"},\"20\":{\"text\":\"8\",\"type\":\"1\"},\"22\":{\"text\":\"8\",\"type\":\"1\"},\"23\":{\"text\":\"6\",\"type\":\"1\"},\"24\":{\"text\":\"6\",\"type\":\"1\"}}', 0, '2021-12-15 18:18:18', '2022-02-11 17:06:31'),
(157, 3, 115, 'Z. T. Fomum', 1, 'The Dignity of Manual Labour', 'EN', '{\"16\":{\"text\":\"8\",\"type\":\"1\"},\"20\":{\"text\":\"8\",\"type\":\"1\"},\"22\":{\"text\":\"8\",\"type\":\"1\"},\"23\":{\"text\":\"6\",\"type\":\"1\"},\"24\":{\"text\":\"6\",\"type\":\"1\"}}', 0, '2021-12-15 18:18:51', '2022-02-11 17:07:02'),
(158, 3, 116, 'Z. T. Fomum', 1, 'You Have a Talent!', 'EN', '{\"16\":{\"text\":\"8\",\"type\":\"1\"},\"20\":{\"text\":\"8\",\"type\":\"1\"},\"22\":{\"text\":\"8\",\"type\":\"1\"},\"23\":{\"text\":\"6\",\"type\":\"1\"},\"24\":{\"text\":\"6\",\"type\":\"1\"}}', 0, '2021-12-15 18:19:16', '2022-02-11 03:15:19'),
(159, 3, 117, 'Z. T. Fomum', 1, 'The Making of Disciples', 'EN', '{\"16\":{\"text\":\"8\",\"type\":\"1\"},\"20\":{\"text\":\"8\",\"type\":\"1\"},\"22\":{\"text\":\"8\",\"type\":\"1\"},\"23\":{\"text\":\"6\",\"type\":\"1\"},\"24\":{\"text\":\"8\",\"type\":\"1\"}}', 0, '2021-12-15 18:19:43', '2022-01-28 22:09:55'),
(160, 3, 118, 'Z. T. Fomum', 1, 'The Secret of Spiritual Fruitfulness', 'EN', '{\"16\":{\"text\":\"8\",\"type\":\"1\"},\"20\":{\"text\":\"8\",\"type\":\"1\"},\"22\":{\"text\":\"8\",\"type\":\"1\"},\"23\":{\"text\":\"6\",\"type\":\"1\"},\"24\":{\"text\":\"6\",\"type\":\"1\"}}', 0, '2021-12-15 18:20:15', '2022-02-11 17:07:36'),
(161, 3, 119, 'Z. T. Fomum', 1, 'Are You Still a Disciple of The Lord Jesus?', 'EN', '{\"16\":{\"text\":\"8\",\"type\":\"1\"},\"20\":{\"text\":\"8\",\"type\":\"1\"},\"22\":{\"text\":\"8\",\"type\":\"1\"},\"23\":{\"text\":\"6\",\"type\":\"1\"},\"24\":{\"text\":\"6\",\"type\":\"1\"}}', 0, '2021-12-15 18:20:45', '2022-02-11 17:08:21'),
(162, 3, 120, 'Z. T. Fomum', 1, 'The Overcomer as a Servant of Man', 'EN', '{\"16\":{\"text\":\"8\",\"type\":\"1\"},\"20\":{\"text\":\"8\",\"type\":\"1\"},\"22\":{\"text\":\"8\",\"type\":\"1\"},\"23\":{\"text\":\"6\",\"type\":\"1\"},\"24\":{\"text\":\"6\",\"type\":\"1\"}}', 0, '2021-12-15 18:21:17', '2022-02-11 17:09:10'),
(163, 3, 121, 'Z. T. Fomum', 1, 'Who is Truly a Disciple of The Lord Jesus?', 'EN', '{\"16\":{\"text\":\"8\",\"type\":\"1\"},\"20\":{\"text\":\"8\",\"type\":\"1\"},\"22\":{\"text\":\"8\",\"type\":\"1\"},\"23\":{\"text\":\"6\",\"type\":\"1\"},\"24\":{\"text\":\"6\",\"type\":\"1\"}}', 0, '2021-12-15 18:21:48', '2022-02-11 17:09:50'),
(164, 10, 122, 'Z. T. Fomum', 1, 'Sanctified And Consecrated For Spiritual Ministry', 'EN', '{\"16\":{\"text\":\"8\",\"type\":\"1\"},\"20\":{\"text\":\"8\",\"type\":\"1\"},\"22\":{\"text\":\"8\",\"type\":\"1\"},\"23\":{\"text\":\"6\",\"type\":\"1\"},\"24\":{\"text\":\"6\",\"type\":\"1\"}}', 0, '2021-12-16 00:19:20', '2022-02-12 04:58:51'),
(165, 10, 123, 'Z. T. Fomum', 1, 'The Sower, The Seed, And The Hearts of Men', 'EN', '{\"16\":{\"text\":\"8\",\"type\":\"1\"},\"20\":{\"text\":\"8\",\"type\":\"1\"},\"22\":{\"text\":\"8\",\"type\":\"1\"},\"23\":{\"text\":\"6\",\"type\":\"1\"},\"24\":{\"text\":\"8\",\"type\":\"1\"}}', 0, '2021-12-16 00:20:01', '2022-01-29 11:49:00'),
(166, 10, 124, 'Z. T. Fomum', 1, 'Freedom From The Sin of Adultery And Fornication', 'EN', '{\"16\":{\"text\":\"8\",\"type\":\"1\"},\"20\":{\"text\":\"8\",\"type\":\"1\"},\"22\":{\"text\":\"8\",\"type\":\"1\"},\"23\":{\"text\":\"6\",\"type\":\"1\"},\"24\":{\"text\":\"8\",\"type\":\"1\"}}', 0, '2021-12-16 00:20:32', '2022-01-28 22:07:57'),
(167, 10, 125, 'Z. T. Fomum', 1, 'The Sin Before You May Lead to Immediate Death: Do Not Commit it!', 'EN', '{\"16\":{\"text\":\"8\",\"type\":\"1\"},\"20\":{\"text\":\"8\",\"type\":\"1\"},\"22\":{\"text\":\"8\",\"type\":\"1\"},\"23\":{\"text\":\"6\",\"type\":\"1\"},\"24\":{\"text\":\"6\",\"type\":\"1\"}}', 0, '2021-12-16 00:21:11', '2022-02-12 04:59:13'),
(168, 10, 126, 'Z. T. Fomum', 1, 'Be Filled With The Holy Spirit', 'EN', '{\"16\":{\"text\":\"8\",\"type\":\"1\"},\"20\":{\"text\":\"8\",\"type\":\"1\"},\"22\":{\"text\":\"6\",\"type\":\"1\"},\"23\":{\"text\":\"6\",\"type\":\"1\"},\"24\":{\"text\":\"6\",\"type\":\"1\"}}', 0, '2021-12-16 00:21:39', '2022-02-12 05:00:36'),
(169, 10, 127, 'Z. T. Fomum', 1, 'The Power of The Holy Spirit in The Winning of The Lost', 'EN', '{\"16\":{\"text\":\"8\",\"type\":\"1\"},\"20\":{\"text\":\"8\",\"type\":\"1\"},\"22\":{\"text\":\"6\",\"type\":\"1\"},\"23\":{\"text\":\"6\",\"type\":\"1\"},\"24\":{\"text\":\"6\",\"type\":\"1\"}}', 0, '2021-12-16 00:22:16', '2022-02-12 04:59:41'),
(170, 10, 128, 'Z.T. Fomum', 1, 'Deliverance from the Sin of Gluttony', 'EN', '{\"16\":{\"text\":\"8\",\"type\":\"1\"},\"20\":{\"text\":\"8\",\"type\":\"1\"},\"22\":{\"text\":\"6\",\"type\":\"1\"},\"23\":{\"text\":\"6\",\"type\":\"1\"},\"24\":{\"text\":\"8\",\"type\":\"1\"}}', 0, '2021-12-16 00:23:19', '2022-01-03 19:17:07');
INSERT INTO `co_book_lists` (`id`, `category_id`, `book_id`, `author`, `available`, `title`, `language`, `content`, `add_another_book_translation`, `created_at`, `updated_at`) VALUES
(171, 13, 129, 'Z. T. Fomum', 1, 'Revolutionary Thoughts On Spiritual Leadership', 'EN', '{\"16\":{\"text\":\"8\",\"type\":\"1\"},\"20\":{\"text\":\"8\",\"type\":\"1\"},\"22\":{\"text\":\"6\",\"type\":\"1\"},\"23\":{\"text\":\"6\",\"type\":\"1\"},\"24\":{\"text\":\"8\",\"type\":\"1\"}}', 0, '2021-12-16 00:24:34', '2022-01-09 05:22:26'),
(172, 13, 130, 'Z. T. Fomum', 1, 'Leading God’s People', 'EN', '{\"16\":{\"text\":\"8\",\"type\":\"1\"},\"20\":{\"text\":\"8\",\"type\":\"1\"},\"22\":{\"text\":\"6\",\"type\":\"1\"},\"23\":{\"text\":\"6\",\"type\":\"1\"},\"24\":{\"text\":\"8\",\"type\":\"1\"}}', 0, '2021-12-16 01:05:25', '2022-01-07 18:35:02'),
(173, 13, 131, 'Z. T. Fomum', 1, 'The Shepherd And The Flock', 'EN', '{\"16\":{\"text\":\"8\",\"type\":\"1\"},\"20\":{\"text\":\"8\",\"type\":\"1\"},\"22\":{\"text\":\"7\",\"type\":\"1\"},\"23\":{\"text\":\"6\",\"type\":\"1\"},\"24\":{\"text\":\"13\",\"type\":\"1\"}}', 0, '2021-12-16 01:06:00', '2022-01-27 20:26:58'),
(174, 13, 132, 'Z. T. Fomum', 1, 'Basic Christian Leadership', 'EN', '{\"16\":{\"text\":\"8\",\"type\":\"1\"},\"20\":{\"text\":\"8\",\"type\":\"1\"},\"22\":{\"text\":\"6\",\"type\":\"1\"},\"23\":{\"text\":\"6\",\"type\":\"1\"},\"24\":{\"text\":\"6\",\"type\":\"1\"}}', 0, '2021-12-16 01:06:30', '2022-02-12 04:49:21'),
(175, 13, 133, 'Z.T. Fomum', 1, 'Spiritual Nobility', 'EN', '{\"16\":{\"text\":\"8\",\"type\":\"1\"},\"20\":{\"text\":\"8\",\"type\":\"1\"},\"22\":{\"text\":\"8\",\"type\":\"1\"},\"23\":{\"text\":\"6\",\"type\":\"1\"},\"24\":{\"text\":\"13\",\"type\":\"1\"}}', 0, '2021-12-16 01:07:01', '2022-01-04 02:36:46'),
(176, 13, 134, 'Z. T. Fomum', 0, 'Laws of Spiritual Leadership', 'EN', '{\"16\":{\"text\":\"8\",\"type\":\"1\"},\"20\":{\"text\":\"8\",\"type\":\"1\"},\"22\":{\"text\":\"6\",\"type\":\"1\"},\"23\":{\"text\":\"6\",\"type\":\"1\"},\"24\":{\"text\":\"8\",\"type\":\"1\"}}', 0, '2021-12-16 01:07:50', '2022-01-08 13:19:02'),
(177, 13, 135, 'Z.T. Fomum', 1, 'Power For Service', 'EN', '{\"16\":{\"text\":\"8\",\"type\":\"1\"},\"20\":{\"text\":\"8\",\"type\":\"1\"},\"22\":{\"text\":\"6\",\"type\":\"1\"},\"23\":{\"text\":\"6\",\"type\":\"1\"},\"24\":{\"text\":\"8\",\"type\":\"1\"}}', 0, '2021-12-16 01:08:35', '2022-01-03 19:08:34'),
(178, 13, 136, 'Z. T. Fomum', 1, 'Prerequisites For Spiritual Ministry', 'EN', '{\"16\":{\"text\":\"8\",\"type\":\"1\"},\"20\":{\"text\":\"8\",\"type\":\"1\"},\"22\":{\"text\":\"6\",\"type\":\"1\"},\"23\":{\"text\":\"6\",\"type\":\"1\"},\"24\":{\"text\":\"8\",\"type\":\"1\"}}', 0, '2021-12-16 01:09:13', '2022-01-22 17:13:34'),
(179, 13, 137, 'Z.T. Fomum', 1, 'In The Crucible For Service', 'EN', '{\"16\":{\"text\":\"8\",\"type\":\"1\"},\"20\":{\"text\":\"8\",\"type\":\"1\"},\"22\":{\"text\":\"6\",\"type\":\"1\"},\"23\":{\"text\":\"6\",\"type\":\"1\"},\"24\":{\"text\":\"12\",\"type\":\"1\"}}', 0, '2021-12-16 01:09:49', '2022-01-03 19:29:55'),
(180, 13, 138, 'Z.T. Fomum', 0, 'You, Your Team, And Your Ministry', 'EN', '{\"16\":{\"text\":\"8\",\"type\":\"1\"},\"20\":{\"text\":\"8\",\"type\":\"1\"},\"22\":{\"text\":\"6\",\"type\":\"1\"},\"23\":{\"text\":\"6\",\"type\":\"1\"},\"24\":{\"text\":\"13\",\"type\":\"1\"}}', 0, '2021-12-16 01:10:25', '2022-01-04 02:40:33'),
(181, 13, 139, 'Z. T. Fomum', 1, 'Laws of Spiritual Success (Volume 1)', 'EN', '{\"16\":{\"text\":\"8\",\"type\":\"1\"},\"20\":{\"text\":\"8\",\"type\":\"1\"},\"22\":{\"text\":\"8\",\"type\":\"1\"},\"23\":{\"text\":\"6\",\"type\":\"1\"},\"24\":{\"text\":\"6\",\"type\":\"1\"}}', 0, '2021-12-16 01:11:14', '2022-02-11 17:41:02'),
(182, 17, 140, 'Z. T. Fomum', 1, 'Facing Life’s Problems Victoriously', 'EN', '{\"16\":{\"text\":\"8\",\"type\":\"1\"},\"20\":{\"text\":\"8\",\"type\":\"1\"},\"22\":{\"text\":\"8\",\"type\":\"1\"},\"23\":{\"text\":\"6\",\"type\":\"1\"},\"24\":{\"text\":\"6\",\"type\":\"1\"}}', 0, '2021-12-16 01:11:59', '2022-02-05 19:08:14'),
(183, 17, 141, 'Z. T. Fomum', 1, 'A Word To The Students', 'EN', '{\"16\":{\"text\":\"8\",\"type\":\"1\"},\"20\":{\"text\":\"8\",\"type\":\"1\"},\"22\":{\"text\":\"6\",\"type\":\"1\"},\"23\":{\"text\":\"6\",\"type\":\"1\"},\"24\":{\"text\":\"6\",\"type\":\"1\"}}', 0, '2021-12-16 01:13:03', '2022-02-05 19:08:39'),
(184, 13, 142, 'Z. T. Fomum', 1, 'A Missionary life and a missionary heart', 'EN', '{\"16\":{\"text\":\"8\",\"type\":\"1\"},\"20\":{\"text\":\"8\",\"type\":\"1\"},\"22\":{\"text\":\"6\",\"type\":\"1\"},\"23\":{\"text\":\"6\",\"type\":\"1\"},\"24\":{\"text\":\"10\",\"type\":\"1\"}}', 0, '2021-12-16 01:15:56', '2022-02-05 19:09:15'),
(186, 19, 144, 'Z. T. Fomum', 1, 'The Prophecy of the Overthrow of the satanic prince of Yaounde', 'EN', '{\"16\":{\"text\":\"8\",\"type\":\"1\"},\"20\":{\"text\":\"8\",\"type\":\"1\"},\"22\":{\"text\":\"8\",\"type\":\"1\"},\"23\":{\"text\":\"6\",\"type\":\"1\"},\"24\":{\"text\":\"8\",\"type\":\"1\"}}', 0, '2021-12-16 01:17:03', '2022-02-05 19:42:09'),
(188, 9, 146, 'Z. T. Fomum', 0, 'The School of Soul Winners and Soul Winning', 'EN', '{\"16\":{\"text\":\"8\",\"type\":\"1\"},\"20\":{\"text\":\"8\",\"type\":\"1\"},\"22\":{\"text\":\"6\",\"type\":\"1\"},\"23\":{\"text\":\"6\",\"type\":\"1\"},\"24\":{\"text\":\"6\",\"type\":\"1\"}}', 0, '2021-12-16 01:22:22', '2022-02-04 21:28:42'),
(189, 7, 147, 'Z. T. Fomum', 1, 'Making Spiritual Progress (Volumes 1 - 4)', 'EN', '{\"16\":{\"text\":\"8\",\"type\":\"1\"},\"20\":{\"text\":\"8\",\"type\":\"1\"},\"22\":{\"text\":\"6\",\"type\":\"1\"},\"23\":{\"text\":\"6\",\"type\":\"1\"},\"24\":{\"text\":\"6\",\"type\":\"1\"}}', 0, '2021-12-16 01:23:06', '2022-01-08 13:39:40'),
(190, 9, 148, 'Z. T. Fomum', 0, 'The Complete Works of ZTF on Prayer (Vol. 1)', 'EN', '{\"16\":{\"text\":\"8\",\"type\":\"1\"},\"20\":{\"text\":\"8\",\"type\":\"1\"},\"22\":{\"text\":\"6\",\"type\":\"1\"},\"23\":{\"text\":\"6\",\"type\":\"1\"},\"24\":{\"text\":\"6\",\"type\":\"1\"}}', 0, '2021-12-16 01:23:43', '2022-02-04 21:23:35'),
(191, 9, 149, 'Z. T. Fomum', 0, 'The Complete Works of ZTF on Prayer (Vol. 2)', 'EN', '{\"16\":{\"text\":\"8\",\"type\":\"1\"},\"20\":{\"text\":\"8\",\"type\":\"1\"},\"22\":{\"text\":\"6\",\"type\":\"1\"},\"23\":{\"text\":\"6\",\"type\":\"1\"},\"24\":{\"text\":\"6\",\"type\":\"1\"}}', 0, '2021-12-16 01:24:32', '2022-02-12 04:54:38'),
(192, 9, 150, 'Z. T. Fomum', 0, 'The Complete Works of ZTF on Prayer (Vol. 3)', 'EN', '{\"16\":{\"text\":\"8\",\"type\":\"1\"},\"20\":{\"text\":\"6\",\"type\":\"1\"},\"22\":{\"text\":\"6\",\"type\":\"1\"},\"23\":{\"text\":\"6\",\"type\":\"1\"},\"24\":{\"text\":\"6\",\"type\":\"1\"}}', 0, '2021-12-16 01:26:48', '2022-01-25 19:08:37'),
(193, 9, 151, 'Z. T. Fomum', 0, 'The Complete Works of ZTF on Prayer (Vol. 4)', 'EN', '{\"16\":{\"text\":\"8\",\"type\":\"1\"},\"20\":{\"text\":\"6\",\"type\":\"1\"},\"22\":{\"text\":\"6\",\"type\":\"1\"},\"23\":{\"text\":\"6\",\"type\":\"1\"},\"24\":{\"text\":\"13\",\"type\":\"1\"}}', 0, '2021-12-16 01:27:14', '2022-01-25 19:10:45'),
(194, 9, 152, 'Z. T. Fomum', 0, 'The Complete Works of ZTF on Prayer (Vol. 5)', 'EN', '{\"16\":{\"text\":\"8\",\"type\":\"1\"},\"20\":{\"text\":\"6\",\"type\":\"1\"},\"22\":{\"text\":\"6\",\"type\":\"1\"},\"23\":{\"text\":\"6\",\"type\":\"1\"},\"24\":{\"text\":\"6\",\"type\":\"1\"}}', 0, '2021-12-16 01:27:40', '2022-01-25 04:03:39'),
(195, 9, 153, 'Z. T. Fomum', 0, 'The Complete Works of ZTF on Prayer (Vol. 6)', 'EN', '{\"16\":{\"text\":\"6\",\"type\":\"1\"},\"20\":{\"text\":\"6\",\"type\":\"1\"},\"22\":{\"text\":\"6\",\"type\":\"1\"},\"23\":{\"text\":\"6\",\"type\":\"1\"},\"24\":{\"text\":\"6\",\"type\":\"1\"}}', 0, '2021-12-16 01:28:09', '2022-01-08 13:28:00'),
(196, 9, 154, 'Z. T. Fomum', 0, 'The Complete Works of ZTF on Leadership (Vol. 1)', 'EN', '{\"16\":{\"text\":\"8\",\"type\":\"1\"},\"20\":{\"text\":\"8\",\"type\":\"1\"},\"22\":{\"text\":\"6\",\"type\":\"1\"},\"23\":{\"text\":\"6\",\"type\":\"1\"},\"24\":{\"text\":\"6\",\"type\":\"1\"}}', 0, '2021-12-16 01:29:01', '2022-01-08 13:28:30'),
(198, 9, 156, 'Z. T. Fomum', 0, 'The Complete Works of ZTF on Leadership (Vol. 2)', 'EN', '{\"16\":{\"text\":\"6\",\"type\":\"1\"},\"20\":{\"text\":\"6\",\"type\":\"1\"},\"22\":{\"text\":\"6\",\"type\":\"1\"},\"23\":{\"text\":\"6\",\"type\":\"1\"},\"24\":{\"text\":\"6\",\"type\":\"1\"}}', 0, '2021-12-16 01:29:37', '2022-01-08 13:28:47'),
(199, 9, 157, 'Z. T. Fomum', 0, 'The Complet Works of ZTF on The Gospel Message', 'EN', '{\"16\":{\"text\":\"8\",\"type\":\"1\"},\"20\":{\"text\":\"8\",\"type\":\"1\"},\"22\":{\"text\":\"6\",\"type\":\"1\"},\"23\":{\"text\":\"6\",\"type\":\"1\"},\"24\":{\"text\":\"6\",\"type\":\"1\"}}', 0, '2021-12-16 01:30:35', '2022-02-12 15:28:43'),
(200, 9, 158, 'Z. T. Fomum', 0, 'The Complete Works of ZTF on Holiness', 'EN', '{\"16\":{\"text\":\"8\",\"type\":\"1\"},\"20\":{\"text\":\"6\",\"type\":\"1\"},\"22\":{\"text\":\"6\",\"type\":\"1\"},\"23\":{\"text\":\"6\",\"type\":\"1\"},\"24\":{\"text\":\"6\",\"type\":\"1\"}}', 0, '2021-12-16 01:31:24', '2022-01-08 13:20:25'),
(201, 9, 159, 'Z.T. Fomum', 0, 'The Complete Works of ZTF on Marriage', 'EN', '{\"16\":{\"text\":\"8\",\"type\":\"1\"},\"20\":{\"text\":\"6\",\"type\":\"1\"},\"22\":{\"text\":\"6\",\"type\":\"1\"},\"23\":{\"text\":\"6\",\"type\":\"1\"},\"24\":{\"text\":\"6\",\"type\":\"1\"}}', 0, '2021-12-16 01:33:17', '2022-01-03 19:35:26'),
(202, 5, 160, 'Z.T. Fomum', 0, 'Prayer Crusades (Vol 1)', 'EN', '{\"16\":{\"text\":\"6\",\"type\":\"1\"},\"20\":{\"text\":\"6\",\"type\":\"1\"},\"22\":{\"text\":\"6\",\"type\":\"1\"},\"23\":{\"text\":\"6\",\"type\":\"1\"},\"24\":{\"text\":\"13\",\"type\":\"1\"}}', 0, '2021-12-17 02:56:45', '2021-12-26 09:54:16'),
(203, 8, 161, 'Z. T. Fomum', 0, 'The Fruit of His Life', 'EN', '{\"16\":{\"text\":\"6\",\"type\":\"1\"},\"20\":{\"text\":\"6\",\"type\":\"1\"},\"22\":{\"text\":\"6\",\"type\":\"1\"},\"23\":{\"text\":\"6\",\"type\":\"1\"},\"24\":{\"text\":\"12\",\"type\":\"1\"}}', 0, '2021-12-17 02:59:08', '2022-01-08 13:17:27'),
(204, 8, 162, 'Z. T. Fomum', 0, 'The Facets of His Ministry', 'EN', '{\"16\":{\"text\":\"6\",\"type\":\"1\"},\"20\":{\"text\":\"6\",\"type\":\"1\"},\"22\":{\"text\":\"6\",\"type\":\"1\"},\"23\":{\"text\":\"6\",\"type\":\"1\"},\"24\":{\"text\":\"12\",\"type\":\"1\"}}', 0, '2021-12-17 02:59:47', '2022-01-08 13:17:59'),
(205, 3, 12, 'Z. T. Fomum', 1, 'Retraites pour le Progrès Spirituel', 'FR', '{\"16\":{\"text\":\"8\",\"type\":\"1\"},\"20\":{\"text\":\"8\",\"type\":\"1\"},\"22\":{\"text\":\"8\",\"type\":\"1\"},\"23\":{\"text\":\"6\",\"type\":\"1\"},\"24\":{\"text\":\"8\",\"type\":\"1\"}}', 1, '2021-12-23 22:51:00', '2022-02-15 11:40:47'),
(206, 3, 12, 'Z. T. Fomum', 1, 'Exerzitien Für Das Geistige Wachstum', 'DE', '{\"16\":{\"text\":\"8\",\"type\":\"1\"},\"20\":{\"text\":\"8\",\"type\":\"1\"},\"22\":{\"text\":\"6\",\"type\":\"1\"},\"23\":{\"text\":\"6\",\"type\":\"1\"},\"24\":{\"text\":\"8\",\"type\":\"1\"}}', 1, '2021-12-23 22:52:08', '2022-02-15 11:40:47'),
(207, 3, 37, 'Z. T. Fomum', 1, 'Réveil Spirituel Personnel', 'FR', '{\"16\":{\"text\":\"8\",\"type\":\"1\"},\"20\":{\"text\":\"8\",\"type\":\"1\"},\"22\":{\"text\":\"6\",\"type\":\"1\"},\"23\":{\"text\":\"6\",\"type\":\"1\"},\"24\":{\"text\":\"7\",\"type\":\"1\"}}', 1, '2021-12-23 22:53:50', '2022-01-20 15:22:31'),
(208, 17, 163, 'Z.T. Fomum', 1, 'Blessings and Curses', 'EN', '{\"16\":{\"text\":\"8\",\"type\":\"1\"},\"20\":{\"text\":\"8\",\"type\":\"1\"},\"22\":{\"text\":\"6\",\"type\":\"1\"},\"23\":{\"text\":\"6\",\"type\":\"1\"},\"24\":{\"text\":\"8\",\"type\":\"1\"}}', 0, '2021-12-24 19:58:48', '2021-12-24 19:58:48'),
(209, 17, 164, 'Z. T. Fomum', 1, 'Spiritual Fragrance (Volume 1)', 'EN', '{\"16\":{\"text\":\"8\",\"type\":\"1\"},\"20\":{\"text\":\"8\",\"type\":\"1\"},\"22\":{\"text\":\"6\",\"type\":\"1\"},\"23\":{\"text\":\"6\",\"type\":\"1\"},\"24\":{\"text\":\"8\",\"type\":\"1\"}}', 0, '2021-12-24 19:59:52', '2022-01-09 05:25:59'),
(210, 5, 165, 'Z.T. Fomum', 0, 'Practical Helps in Fasting Long Fasts', 'EN', '{\"16\":{\"text\":\"8\",\"type\":\"1\"},\"20\":{\"text\":\"6\",\"type\":\"1\"},\"22\":{\"text\":\"6\",\"type\":\"1\"},\"23\":{\"text\":\"6\",\"type\":\"1\"},\"24\":{\"text\":\"13\",\"type\":\"1\"}}', 0, '2021-12-24 20:01:29', '2022-01-04 02:35:45'),
(211, 10, 166, 'Z. T. Fomum', 1, 'Issues Of The Heart', 'EN', '{\"16\":{\"text\":\"8\",\"type\":\"1\"},\"20\":{\"text\":\"8\",\"type\":\"1\"},\"22\":{\"text\":\"6\",\"type\":\"1\"},\"23\":{\"text\":\"6\",\"type\":\"1\"},\"24\":{\"text\":\"12\",\"type\":\"1\"}}', 0, '2021-12-24 20:02:16', '2022-01-09 05:00:31'),
(212, 17, 167, 'Z.T. Fomum', 1, 'Roots And Destinies', 'EN', '{\"16\":{\"text\":\"8\",\"type\":\"1\"},\"20\":{\"text\":\"8\",\"type\":\"1\"},\"22\":{\"text\":\"6\",\"type\":\"1\"},\"23\":{\"text\":\"6\",\"type\":\"1\"},\"24\":{\"text\":\"13\",\"type\":\"1\"}}', 0, '2021-12-24 20:03:27', '2022-01-04 02:36:13'),
(213, 19, 168, 'Z. T. Fomum', 1, 'The Overthrow of Principalities And Powers', 'EN', '{\"16\":{\"text\":\"8\",\"type\":\"1\"},\"20\":{\"text\":\"8\",\"type\":\"1\"},\"22\":{\"text\":\"6\",\"type\":\"1\"},\"23\":{\"text\":\"6\",\"type\":\"1\"},\"24\":{\"text\":\"8\",\"type\":\"1\"}}', 0, '2021-12-24 20:04:28', '2022-02-05 20:06:04'),
(214, 17, 169, 'Z.T. Fomum', 0, 'Walking With God (Vol. 1)', 'EN', '{\"16\":{\"text\":\"8\",\"type\":\"1\"},\"20\":{\"text\":\"6\",\"type\":\"1\"},\"22\":{\"text\":\"6\",\"type\":\"1\"},\"23\":{\"text\":\"6\",\"type\":\"1\"},\"24\":{\"text\":\"12\",\"type\":\"1\"}}', 0, '2021-12-24 20:05:34', '2022-01-04 02:48:17'),
(215, 17, 170, 'Z.T. Fomum', 0, 'God Centeredness', 'EN', '{\"16\":{\"text\":\"8\",\"type\":\"1\"},\"20\":{\"text\":\"8\",\"type\":\"1\"},\"22\":{\"text\":\"6\",\"type\":\"1\"},\"23\":{\"text\":\"6\",\"type\":\"1\"},\"24\":{\"text\":\"13\",\"type\":\"1\"}}', 0, '2021-12-25 02:49:49', '2022-01-04 02:41:59'),
(216, 17, 171, 'Z. T. Fomum', 1, 'Victorious Dispositions', 'EN', '{\"16\":{\"text\":\"8\",\"type\":\"1\"},\"20\":{\"text\":\"8\",\"type\":\"1\"},\"22\":{\"text\":\"6\",\"type\":\"1\"},\"23\":{\"text\":\"6\",\"type\":\"1\"},\"24\":{\"text\":\"12\",\"type\":\"1\"}}', 0, '2021-12-25 02:50:25', '2022-01-09 05:51:20'),
(217, 10, 172, 'Z.T. Fomum', 1, 'The Believer’s Conscience', 'EN', '{\"16\":{\"text\":\"8\",\"type\":\"1\"},\"20\":{\"text\":\"8\",\"type\":\"1\"},\"22\":{\"text\":\"6\",\"type\":\"1\"},\"23\":{\"text\":\"6\",\"type\":\"1\"},\"24\":{\"text\":\"12\",\"type\":\"1\"}}', 0, '2021-12-25 02:51:20', '2022-01-04 02:51:16'),
(218, 17, 173, 'Z. T. Fomum', 1, 'The Processes Of Faith', 'EN', '{\"16\":{\"text\":\"8\",\"type\":\"1\"},\"20\":{\"text\":\"8\",\"type\":\"1\"},\"22\":{\"text\":\"6\",\"type\":\"1\"},\"23\":{\"text\":\"6\",\"type\":\"1\"},\"24\":{\"text\":\"13\",\"type\":\"1\"}}', 0, '2021-12-25 02:55:10', '2022-01-09 05:50:12'),
(219, 13, 174, 'Z. T. Fomum', 1, 'Church Planting Strategies', 'EN', '{\"16\":{\"text\":\"8\",\"type\":\"1\"},\"20\":{\"text\":\"8\",\"type\":\"1\"},\"22\":{\"text\":\"6\",\"type\":\"1\"},\"23\":{\"text\":\"6\",\"type\":\"1\"},\"24\":{\"text\":\"12\",\"type\":\"1\"}}', 0, '2021-12-25 02:56:00', '2022-01-23 23:14:59'),
(220, 17, 175, 'Z.T. Fomum', 0, 'The Spirit-Filled Life (Vol. 1)', 'EN', '{\"16\":{\"text\":\"6\",\"type\":\"1\"},\"20\":{\"text\":\"6\",\"type\":\"1\"},\"22\":{\"text\":\"6\",\"type\":\"1\"},\"23\":{\"text\":\"6\",\"type\":\"1\"},\"24\":{\"text\":\"13\",\"type\":\"1\"}}', 0, '2021-12-25 02:57:42', '2022-01-04 02:39:38'),
(221, 17, 176, 'Z. T. Fomum', 1, 'The Church: Rights And Responsibilities of The Believer', 'EN', '{\"16\":{\"text\":\"8\",\"type\":\"1\"},\"20\":{\"text\":\"8\",\"type\":\"1\"},\"22\":{\"text\":\"6\",\"type\":\"1\"},\"23\":{\"text\":\"6\",\"type\":\"1\"},\"24\":{\"text\":\"8\",\"type\":\"1\"}}', 0, '2021-12-25 03:04:26', '2022-01-09 05:29:55'),
(222, 17, 177, 'Z. T. Fomum', 0, 'God, Money, And You', 'EN', '{\"16\":{\"text\":\"8\",\"type\":\"1\"},\"20\":{\"text\":\"8\",\"type\":\"1\"},\"22\":{\"text\":\"6\",\"type\":\"1\"},\"23\":{\"text\":\"6\",\"type\":\"1\"},\"24\":{\"text\":\"13\",\"type\":\"1\"}}', 0, '2021-12-25 03:06:33', '2022-01-23 23:13:45'),
(223, 17, 178, 'Z.T. Fomum', 0, 'Knowing God And Walking With Him', 'EN', '{\"16\":{\"text\":\"8\",\"type\":\"1\"},\"20\":{\"text\":\"8\",\"type\":\"1\"},\"22\":{\"text\":\"6\",\"type\":\"1\"},\"23\":{\"text\":\"6\",\"type\":\"1\"},\"24\":{\"text\":\"8\",\"type\":\"1\"}}', 0, '2021-12-25 03:08:05', '2021-12-25 03:08:05'),
(224, 10, 179, 'Z.T. Fomum', 0, 'Practical Dying to Self And The Spirit-filled Life', 'EN', '{\"16\":{\"text\":\"8\",\"type\":\"1\"},\"20\":{\"text\":\"8\",\"type\":\"1\"},\"22\":{\"text\":\"6\",\"type\":\"1\"},\"23\":{\"text\":\"6\",\"type\":\"1\"},\"24\":{\"text\":\"8\",\"type\":\"1\"}}', 0, '2021-12-25 03:09:54', '2021-12-25 03:09:54'),
(225, 17, 180, 'Z. T. Fomum', 0, 'Knowing and Serving God (Volume 2)', 'EN', '{\"16\":{\"text\":\"6\",\"type\":\"1\"},\"20\":{\"text\":\"6\",\"type\":\"1\"},\"22\":{\"text\":\"6\",\"type\":\"1\"},\"23\":{\"text\":\"6\",\"type\":\"1\"},\"24\":{\"text\":\"6\",\"type\":\"1\"}}', 0, '2021-12-25 03:10:46', '2022-02-15 01:12:33'),
(227, 17, 182, 'Z.T. Fomum', 0, 'Esther', 'EN', '{\"16\":{\"text\":\"8\",\"type\":\"1\"},\"20\":{\"text\":\"8\",\"type\":\"1\"},\"22\":{\"text\":\"6\",\"type\":\"1\"},\"23\":{\"text\":\"6\",\"type\":\"1\"},\"24\":{\"text\":\"8\",\"type\":\"1\"}}', 0, '2021-12-25 03:16:00', '2021-12-25 03:16:00'),
(228, 10, 183, 'Z. T. Fomum', 1, 'A Vessel of Honour', 'EN', '{\"16\":{\"text\":\"8\",\"type\":\"1\"},\"20\":{\"text\":\"6\",\"type\":\"1\"},\"22\":{\"text\":\"6\",\"type\":\"1\"},\"23\":{\"text\":\"6\",\"type\":\"1\"},\"24\":{\"text\":\"6\",\"type\":\"1\"}}', 0, '2021-12-25 03:17:38', '2022-02-12 04:52:37'),
(229, 17, 184, 'Z. T. Fomum', 0, 'The true Christian foundation', 'EN', '{\"16\":{\"text\":\"6\",\"type\":\"1\"},\"20\":{\"text\":\"6\",\"type\":\"1\"},\"22\":{\"text\":\"6\",\"type\":\"1\"},\"23\":{\"text\":\"6\",\"type\":\"1\"},\"24\":{\"text\":\"12\",\"type\":\"1\"}}', 0, '2021-12-25 03:19:17', '2022-01-09 05:30:14'),
(230, 13, 185, 'Z. T. Fomum', 1, 'The Heart Surgery for the Potential Minister of the Gospel', 'EN', '{\"16\":{\"text\":\"8\",\"type\":\"1\"},\"20\":{\"text\":\"8\",\"type\":\"1\"},\"22\":{\"text\":\"6\",\"type\":\"1\"},\"23\":{\"text\":\"6\",\"type\":\"1\"},\"24\":{\"text\":\"8\",\"type\":\"1\"}}', 0, '2021-12-25 03:20:09', '2022-01-09 05:31:48'),
(231, 13, 186, 'Z. T. Fomum', 1, 'The Qualifications of a Missionary', 'EN', '{\"16\":{\"text\":\"6\",\"type\":\"1\"},\"20\":{\"text\":\"6\",\"type\":\"1\"},\"22\":{\"text\":\"6\",\"type\":\"1\"},\"23\":{\"text\":\"6\",\"type\":\"1\"},\"24\":{\"text\":\"6\",\"type\":\"1\"}}', 0, '2021-12-25 03:20:53', '2022-02-11 17:41:39'),
(232, 13, 187, 'Z.T. Fomum', 0, 'Qualifications For Serving in The Gospel', 'EN', '{\"16\":{\"text\":\"8\",\"type\":\"1\"},\"20\":{\"text\":\"8\",\"type\":\"1\"},\"22\":{\"text\":\"6\",\"type\":\"1\"},\"23\":{\"text\":\"6\",\"type\":\"1\"},\"24\":{\"text\":\"8\",\"type\":\"1\"}}', 0, '2021-12-25 03:21:44', '2021-12-29 00:25:23'),
(235, 18, 190, 'T. W. Andoseh', 2, 'What Our Ministry is', 'EN', '{\"16\":{\"text\":\"8\",\"type\":\"1\"},\"20\":{\"text\":\"8\",\"type\":\"1\"},\"22\":{\"text\":\"6\",\"type\":\"1\"},\"23\":{\"text\":\"6\",\"type\":\"1\"},\"24\":{\"text\":\"8\",\"type\":\"1\"}}', 0, '2021-12-25 03:26:26', '2022-01-29 11:49:57'),
(236, 18, 191, 'T. W. Andoseh', 2, 'The Missionary as a Son', 'EN', '{\"16\":{\"text\":\"8\",\"type\":\"1\"},\"20\":{\"text\":\"8\",\"type\":\"1\"},\"22\":{\"text\":\"6\",\"type\":\"1\"},\"23\":{\"text\":\"6\",\"type\":\"1\"},\"24\":{\"text\":\"8\",\"type\":\"1\"}}', 0, '2021-12-25 03:27:18', '2022-01-08 16:11:15'),
(237, 13, 192, 'Z. T. Fomum', 1, 'Spiritual Leadership in the Pattern of David', 'EN', '{\"16\":{\"text\":\"8\",\"type\":\"1\"},\"20\":{\"text\":\"8\",\"type\":\"1\"},\"22\":{\"text\":\"6\",\"type\":\"1\"},\"23\":{\"text\":\"6\",\"type\":\"1\"},\"24\":{\"text\":\"8\",\"type\":\"1\"}}', 0, '2021-12-25 03:42:41', '2022-01-09 05:27:31'),
(238, 17, 193, 'Z. T. Fomum', 1, 'In The Power of Another', 'EN', '{\"16\":{\"text\":\"6\",\"type\":\"1\"},\"20\":{\"text\":\"6\",\"type\":\"1\"},\"22\":{\"text\":\"6\",\"type\":\"1\"},\"23\":{\"text\":\"6\",\"type\":\"1\"},\"24\":{\"text\":\"13\",\"type\":\"1\"}}', 0, '2021-12-25 23:20:32', '2022-01-09 04:59:56'),
(239, 17, 194, 'Z.T. Fomum', 0, 'The Inner Life: Ministry in Bujumbura', 'EN', '{\"16\":{\"text\":\"6\",\"type\":\"1\"},\"20\":{\"text\":\"6\",\"type\":\"1\"},\"22\":{\"text\":\"6\",\"type\":\"1\"},\"23\":{\"text\":\"6\",\"type\":\"1\"},\"24\":{\"text\":\"13\",\"type\":\"1\"}}', 0, '2021-12-25 23:22:42', '2022-01-04 02:43:00'),
(240, 17, 195, 'Z.T. Fomum', 0, 'Rebellion', 'EN', '{\"16\":{\"text\":\"6\",\"type\":\"1\"},\"20\":{\"text\":\"6\",\"type\":\"1\"},\"22\":{\"text\":\"6\",\"type\":\"1\"},\"23\":{\"text\":\"6\",\"type\":\"1\"},\"24\":{\"text\":\"13\",\"type\":\"1\"}}', 0, '2021-12-26 09:37:42', '2022-01-04 02:43:47'),
(241, 10, 196, 'Z. T. Fomum', 1, 'Separation from the common', 'EN', '{\"16\":{\"text\":\"6\",\"type\":\"1\"},\"20\":{\"text\":\"6\",\"type\":\"1\"},\"22\":{\"text\":\"6\",\"type\":\"1\"},\"23\":{\"text\":\"6\",\"type\":\"1\"},\"24\":{\"text\":\"13\",\"type\":\"1\"}}', 0, '2021-12-26 09:42:50', '2022-01-29 11:36:18'),
(242, 10, 196, 'Z. T. Fomum', 1, 'La Separation du Commun', 'FR', '{\"16\":{\"text\":\"6\",\"type\":\"1\"},\"20\":{\"text\":\"6\",\"type\":\"1\"},\"22\":{\"text\":\"6\",\"type\":\"1\"},\"23\":{\"text\":\"6\",\"type\":\"1\"},\"24\":{\"text\":\"7\",\"type\":\"1\"}}', 1, '2021-12-26 09:43:50', '2022-01-10 19:57:02'),
(243, 17, 197, 'Z.T. Fomum', 0, 'The Power of a man\'s all', 'EN', '{\"16\":{\"text\":\"6\",\"type\":\"1\"},\"20\":{\"text\":\"6\",\"type\":\"1\"},\"22\":{\"text\":\"6\",\"type\":\"1\"},\"23\":{\"text\":\"6\",\"type\":\"1\"},\"24\":{\"text\":\"13\",\"type\":\"1\"}}', 0, '2021-12-26 09:45:05', '2022-01-04 02:38:55'),
(244, 17, 198, 'Z.T. Fomum', 0, 'The Spirit-Filled Life (Vol. 5)', 'EN', '{\"16\":{\"text\":\"6\",\"type\":\"1\"},\"20\":{\"text\":\"6\",\"type\":\"1\"},\"22\":{\"text\":\"6\",\"type\":\"1\"},\"23\":{\"text\":\"6\",\"type\":\"1\"},\"24\":{\"text\":\"13\",\"type\":\"1\"}}', 0, '2021-12-26 09:47:19', '2021-12-26 09:47:19'),
(245, 17, 199, 'Z.T. Fomum', 0, 'Victorious proclamations', 'EN', '{\"16\":{\"text\":\"6\",\"type\":\"1\"},\"20\":{\"text\":\"6\",\"type\":\"1\"},\"22\":{\"text\":\"6\",\"type\":\"1\"},\"23\":{\"text\":\"6\",\"type\":\"1\"},\"24\":{\"text\":\"13\",\"type\":\"1\"}}', 0, '2021-12-26 09:48:21', '2022-01-04 02:40:16'),
(246, 5, 200, 'Z. T. Fomum', 0, 'Pray Without Ceasing', 'EN', '{\"16\":{\"text\":\"6\",\"type\":\"1\"},\"20\":{\"text\":\"6\",\"type\":\"1\"},\"22\":{\"text\":\"6\",\"type\":\"1\"},\"23\":{\"text\":\"6\",\"type\":\"1\"},\"24\":{\"text\":\"12\",\"type\":\"1\"}}', 0, '2021-12-26 09:49:49', '2022-01-06 18:32:55'),
(247, 10, 201, 'Z. T. Fomum', 1, 'Dealing with the self-life', 'EN', '{\"16\":{\"text\":\"6\",\"type\":\"1\"},\"20\":{\"text\":\"6\",\"type\":\"1\"},\"22\":{\"text\":\"6\",\"type\":\"1\"},\"23\":{\"text\":\"6\",\"type\":\"1\"},\"24\":{\"text\":\"12\",\"type\":\"1\"}}', 0, '2021-12-26 09:51:06', '2022-01-09 04:51:48'),
(248, 5, 202, 'Z. T. Fomum', 1, 'Pray or Perish', 'EN', '{\"16\":{\"text\":\"6\",\"type\":\"1\"},\"20\":{\"text\":\"6\",\"type\":\"1\"},\"22\":{\"text\":\"6\",\"type\":\"1\"},\"23\":{\"text\":\"6\",\"type\":\"1\"},\"24\":{\"text\":\"12\",\"type\":\"1\"}}', 0, '2021-12-26 09:53:07', '2022-01-09 05:11:09'),
(249, 5, 203, 'Z. T. Fomum', 0, 'Prayer Crusades (Vol 3)', 'EN', '{\"16\":{\"text\":\"6\",\"type\":\"1\"},\"20\":{\"text\":\"6\",\"type\":\"1\"},\"22\":{\"text\":\"6\",\"type\":\"1\"},\"23\":{\"text\":\"6\",\"type\":\"1\"},\"24\":{\"text\":\"12\",\"type\":\"1\"}}', 0, '2021-12-26 09:55:02', '2022-01-09 06:33:05'),
(250, 8, 204, 'Z. T. Fomum', 0, 'The Movements he Birthed', 'EN', '{\"16\":{\"text\":\"6\",\"type\":\"1\"},\"20\":{\"text\":\"6\",\"type\":\"1\"},\"22\":{\"text\":\"6\",\"type\":\"1\"},\"23\":{\"text\":\"6\",\"type\":\"1\"},\"24\":{\"text\":\"12\",\"type\":\"1\"}}', 0, '2021-12-26 09:58:42', '2022-01-29 11:42:28'),
(251, 8, 205, 'Z. T. Fomum', 0, 'The Story of his Scientific Research', 'EN', '{\"16\":{\"text\":\"6\",\"type\":\"1\"},\"20\":{\"text\":\"6\",\"type\":\"1\"},\"22\":{\"text\":\"6\",\"type\":\"1\"},\"23\":{\"text\":\"6\",\"type\":\"1\"},\"24\":{\"text\":\"12\",\"type\":\"1\"}}', 0, '2021-12-26 09:59:29', '2022-01-29 11:43:12'),
(252, 17, 206, 'Z. T. Fomum', 0, 'Relationships and Intimacy With God', 'EN', '{\"16\":{\"text\":\"6\",\"type\":\"1\"},\"20\":{\"text\":\"6\",\"type\":\"1\"},\"22\":{\"text\":\"6\",\"type\":\"1\"},\"23\":{\"text\":\"6\",\"type\":\"1\"},\"24\":{\"text\":\"12\",\"type\":\"1\"}}', 0, '2021-12-26 10:00:16', '2022-01-29 11:44:22'),
(253, 13, 207, 'Z. T. Fomum', 0, 'Rebellion and crippled leadership', 'EN', '{\"16\":{\"text\":\"6\",\"type\":\"1\"},\"20\":{\"text\":\"6\",\"type\":\"1\"},\"22\":{\"text\":\"6\",\"type\":\"1\"},\"23\":{\"text\":\"6\",\"type\":\"1\"},\"24\":{\"text\":\"12\",\"type\":\"1\"}}', 0, '2021-12-26 10:01:37', '2022-01-09 06:46:48'),
(254, 17, 208, 'Z.T. Fomum', 0, 'Preparing a Message', 'EN', '{\"16\":{\"text\":\"6\",\"type\":\"1\"},\"20\":{\"text\":\"6\",\"type\":\"1\"},\"22\":{\"text\":\"6\",\"type\":\"1\"},\"23\":{\"text\":\"6\",\"type\":\"1\"},\"24\":{\"text\":\"12\",\"type\":\"1\"}}', 0, '2021-12-26 10:02:53', '2022-01-04 02:56:56'),
(255, 8, 209, 'Z. T. Fomum', 0, 'The Story of His Life of Seeking God', 'EN', '{\"16\":{\"text\":\"6\",\"type\":\"1\"},\"20\":{\"text\":\"6\",\"type\":\"1\"},\"22\":{\"text\":\"6\",\"type\":\"1\"},\"23\":{\"text\":\"6\",\"type\":\"1\"},\"24\":{\"text\":\"11\",\"type\":\"1\"}}', 0, '2021-12-26 10:03:45', '2022-01-29 11:43:44'),
(256, 17, 210, 'Z.T. Fomum', 0, 'Spiritual Fragrance (Volume 3)', 'EN', '{\"16\":{\"text\":\"6\",\"type\":\"1\"},\"20\":{\"text\":\"6\",\"type\":\"1\"},\"22\":{\"text\":\"6\",\"type\":\"1\"},\"23\":{\"text\":\"6\",\"type\":\"1\"},\"24\":{\"text\":\"11\",\"type\":\"1\"}}', 0, '2021-12-26 10:04:55', '2021-12-26 10:04:55'),
(258, 1, 4, 'Z.T. Fomum', 0, 'El Camino Del Discipulado', 'ES', '{\"16\":{\"text\":\"8\",\"type\":\"1\"},\"20\":{\"text\":\"8\",\"type\":\"1\"},\"22\":{\"text\":\"6\",\"type\":\"1\"},\"23\":{\"text\":\"6\",\"type\":\"1\"},\"24\":{\"text\":\"8\",\"type\":\"1\"}}', 1, '2021-12-30 06:20:31', '2022-02-06 16:39:51'),
(259, 1, 3, 'Z. T. Fomum', 1, 'El Camino de la Obediencia', 'ES', '{\"16\":{\"text\":\"8\",\"type\":\"1\"},\"20\":{\"text\":\"8\",\"type\":\"1\"},\"22\":{\"text\":\"6\",\"type\":\"1\"},\"23\":{\"text\":\"6\",\"type\":\"1\"},\"24\":{\"text\":\"8\",\"type\":\"1\"}}', 1, '2021-12-30 06:26:47', '2022-02-07 15:50:06'),
(260, 1, 28, 'Z.T. Fomum', 0, 'El Camino Del Carácter Cristiano', 'ES', '{\"16\":{\"text\":\"8\",\"type\":\"1\"},\"20\":{\"text\":\"8\",\"type\":\"1\"},\"22\":{\"text\":\"6\",\"type\":\"1\"},\"23\":{\"text\":\"6\",\"type\":\"1\"},\"24\":{\"text\":\"8\",\"type\":\"1\"}}', 1, '2021-12-30 06:28:25', '2021-12-30 06:28:25'),
(261, 3, 114, 'Z. T. Fomum', 1, 'Usted puede recibir el Bautismo En el Espíritu Santo a hora', 'ES', '{\"16\":{\"text\":\"8\",\"type\":\"1\"},\"20\":{\"text\":\"8\",\"type\":\"1\"},\"22\":{\"text\":\"6\",\"type\":\"1\"},\"23\":{\"text\":\"6\",\"type\":\"1\"},\"24\":{\"text\":\"8\",\"type\":\"1\"}}', 1, '2021-12-30 06:29:29', '2022-02-11 17:06:31'),
(262, 3, 37, 'Z.T. Fomum', 0, 'Avivamiento Espiritual Personal', 'ES', '{\"16\":{\"text\":\"8\",\"type\":\"1\"},\"20\":{\"text\":\"8\",\"type\":\"1\"},\"22\":{\"text\":\"6\",\"type\":\"1\"},\"23\":{\"text\":\"6\",\"type\":\"1\"},\"24\":{\"text\":\"8\",\"type\":\"1\"}}', 1, '2021-12-30 06:31:32', '2021-12-30 06:31:32'),
(263, 1, 26, 'Z.T. Fomum', 0, 'El Camino de la Santificacion', 'ES', '{\"16\":{\"text\":\"8\",\"type\":\"1\"},\"20\":{\"text\":\"8\",\"type\":\"1\"},\"22\":{\"text\":\"6\",\"type\":\"1\"},\"23\":{\"text\":\"6\",\"type\":\"1\"},\"24\":{\"text\":\"8\",\"type\":\"1\"}}', 1, '2021-12-30 06:33:01', '2022-02-07 02:50:19'),
(264, 5, 6, 'Z.T. Fomum', 0, 'El Camino de la Oración Victoriosa', 'ES', '{\"16\":{\"text\":\"8\",\"type\":\"1\"},\"20\":{\"text\":\"8\",\"type\":\"1\"},\"22\":{\"text\":\"6\",\"type\":\"1\"},\"23\":{\"text\":\"6\",\"type\":\"1\"},\"24\":{\"text\":\"8\",\"type\":\"1\"}}', 1, '2021-12-30 06:33:46', '2021-12-30 06:33:46'),
(265, 13, 142, 'Z.T. Fomum', 0, 'Un Corazón Misionero Y una Vida Misionera', 'ES', '{\"16\":{\"text\":\"8\",\"type\":\"1\"},\"20\":{\"text\":\"8\",\"type\":\"1\"},\"22\":{\"text\":\"6\",\"type\":\"1\"},\"23\":{\"text\":\"6\",\"type\":\"1\"},\"24\":{\"text\":\"8\",\"type\":\"1\"}}', 1, '2021-12-30 06:35:02', '2022-02-05 19:09:15'),
(266, 15, 53, 'Z. T. Fomum', 1, 'El Gozo de Suplicar Para Pertenecer al Señor Jesús: Un Testimonio', 'ES', '{\"16\":{\"text\":\"8\",\"type\":\"1\"},\"20\":{\"text\":\"8\",\"type\":\"1\"},\"22\":{\"text\":\"6\",\"type\":\"1\"},\"23\":{\"text\":\"6\",\"type\":\"1\"},\"24\":{\"text\":\"8\",\"type\":\"1\"}}', 1, '2021-12-30 06:36:17', '2022-02-12 05:27:31'),
(267, 3, 1, 'Z. T. Fomum', 1, 'Discípulo Cueste Lo Que Cueste', 'ES', '{\"16\":{\"text\":\"8\",\"type\":\"1\"},\"20\":{\"text\":\"8\",\"type\":\"1\"},\"22\":{\"text\":\"6\",\"type\":\"1\"},\"23\":{\"text\":\"6\",\"type\":\"1\"},\"24\":{\"text\":\"8\",\"type\":\"1\"}}', 1, '2021-12-30 06:37:31', '2022-02-10 23:55:01'),
(268, 3, 1, 'Z. T. Fomum', 1, 'Jüngerschaft Um Jeden Preis', 'DE', '{\"16\":{\"text\":\"8\",\"type\":\"1\"},\"20\":{\"text\":\"8\",\"type\":\"1\"},\"22\":{\"text\":\"6\",\"type\":\"1\"},\"23\":{\"text\":\"6\",\"type\":\"1\"},\"24\":{\"text\":\"8\",\"type\":\"1\"}}', 1, '2021-12-30 06:45:55', '2022-02-10 23:55:01'),
(269, 10, 123, 'Z. T. Fomum', 1, 'Der Sämann, der Samen und die Herzen der Menschen', 'DE', '{\"16\":{\"text\":\"8\",\"type\":\"1\"},\"20\":{\"text\":\"8\",\"type\":\"1\"},\"22\":{\"text\":\"6\",\"type\":\"1\"},\"23\":{\"text\":\"6\",\"type\":\"1\"},\"24\":{\"text\":\"8\",\"type\":\"1\"}}', 1, '2021-12-30 06:47:43', '2022-01-09 06:57:34'),
(270, 1, 3, 'Z. T. Fomum', 1, 'Der Weg des Gehorsams', 'DE', '{\"16\":{\"text\":\"8\",\"type\":\"1\"},\"20\":{\"text\":\"8\",\"type\":\"1\"},\"22\":{\"text\":\"6\",\"type\":\"1\"},\"23\":{\"text\":\"6\",\"type\":\"1\"},\"24\":{\"text\":\"8\",\"type\":\"1\"}}', 1, '2021-12-30 06:48:34', '2022-02-07 15:50:06'),
(271, 13, 133, 'Z. T. Fomum', 1, 'Die Geistliche Vornehmheit', 'DE', '{\"16\":{\"text\":\"8\",\"type\":\"1\"},\"20\":{\"text\":\"8\",\"type\":\"1\"},\"22\":{\"text\":\"6\",\"type\":\"1\"},\"23\":{\"text\":\"6\",\"type\":\"1\"},\"24\":{\"text\":\"8\",\"type\":\"1\"}}', 1, '2021-12-30 06:51:12', '2022-01-13 08:17:51'),
(272, 17, 170, 'Z.T. Fomum', 0, 'Auf Gott Zentriert', 'DE', '{\"16\":{\"text\":\"8\",\"type\":\"1\"},\"20\":{\"text\":\"8\",\"type\":\"1\"},\"22\":{\"text\":\"6\",\"type\":\"1\"},\"23\":{\"text\":\"6\",\"type\":\"1\"},\"24\":{\"text\":\"8\",\"type\":\"1\"}}', 1, '2021-12-30 06:52:02', '2021-12-30 06:52:02'),
(273, 15, 21, 'Z. T. Fomum', 1, 'Ein Zerbrochenes Gefäß', 'DE', '{\"16\":{\"text\":\"8\",\"type\":\"1\"},\"20\":{\"text\":\"8\",\"type\":\"1\"},\"22\":{\"text\":\"6\",\"type\":\"1\"},\"23\":{\"text\":\"6\",\"type\":\"1\"},\"24\":{\"text\":\"8\",\"type\":\"1\"}}', 1, '2021-12-30 06:53:32', '2022-02-11 17:39:18'),
(274, 10, 13, 'Z. T. Fomum', 1, 'Befreiung Von Der Sünde', 'DE', '{\"16\":{\"text\":\"8\",\"type\":\"1\"},\"20\":{\"text\":\"8\",\"type\":\"1\"},\"22\":{\"text\":\"6\",\"type\":\"1\"},\"23\":{\"text\":\"6\",\"type\":\"1\"},\"24\":{\"text\":\"8\",\"type\":\"1\"}}', 1, '2021-12-30 06:54:29', '2022-02-12 04:58:27'),
(275, 5, 7, 'Z. T. Fomum', 1, 'Der Dienst Des Fastens', 'DE', '{\"16\":{\"text\":\"8\",\"type\":\"1\"},\"20\":{\"text\":\"8\",\"type\":\"1\"},\"22\":{\"text\":\"6\",\"type\":\"1\"},\"23\":{\"text\":\"6\",\"type\":\"1\"},\"24\":{\"text\":\"8\",\"type\":\"1\"}}', 1, '2021-12-30 06:55:16', '2022-02-11 17:10:39'),
(276, 3, 102, 'Z. T. Fomum', 1, 'Tägliche Dynamische Begegnungen Mit Gott', 'DE', '{\"16\":{\"text\":\"8\",\"type\":\"1\"},\"20\":{\"text\":\"8\",\"type\":\"1\"},\"22\":{\"text\":\"6\",\"type\":\"1\"},\"23\":{\"text\":\"6\",\"type\":\"1\"},\"24\":{\"text\":\"8\",\"type\":\"1\"}}', 1, '2021-12-30 06:56:27', '2022-02-12 16:54:18'),
(277, 3, 105, 'Z. T. Fomum', 1, 'Der Christ Und Geld', 'DE', '{\"16\":{\"text\":\"8\",\"type\":\"1\"},\"20\":{\"text\":\"8\",\"type\":\"1\"},\"22\":{\"text\":\"6\",\"type\":\"1\"},\"23\":{\"text\":\"6\",\"type\":\"1\"},\"24\":{\"text\":\"8\",\"type\":\"1\"}}', 1, '2021-12-30 06:57:22', '2022-01-13 08:12:30'),
(278, 17, 173, 'Z. T. Fomum', 1, 'Die Prozesse des Glaubens', 'DE', '{\"16\":{\"text\":\"8\",\"type\":\"1\"},\"20\":{\"text\":\"6\",\"type\":\"1\"},\"22\":{\"text\":\"6\",\"type\":\"1\"},\"23\":{\"text\":\"6\",\"type\":\"1\"},\"24\":{\"text\":\"8\",\"type\":\"1\"}}', 1, '2021-12-30 06:58:12', '2022-01-13 08:19:18'),
(279, 17, 52, 'Z. T. Fomum', 1, 'Keine Niederlage Muss Endgültig Sein!', 'DE', '{\"16\":{\"text\":\"8\",\"type\":\"1\"},\"20\":{\"text\":\"8\",\"type\":\"1\"},\"22\":{\"text\":\"6\",\"type\":\"1\"},\"23\":{\"text\":\"6\",\"type\":\"1\"},\"24\":{\"text\":\"8\",\"type\":\"1\"}}', 1, '2021-12-30 06:59:46', '2022-02-05 19:07:44'),
(280, 5, 89, 'Z. T. Fomum', 1, 'O Ministério de Súplica', 'PT', '{\"16\":{\"text\":\"8\",\"type\":\"1\"},\"20\":{\"text\":\"8\",\"type\":\"1\"},\"22\":{\"text\":\"6\",\"type\":\"1\"},\"23\":{\"text\":\"6\",\"type\":\"1\"},\"24\":{\"text\":\"8\",\"type\":\"1\"}}', 1, '2021-12-30 07:03:21', '2022-02-11 03:14:46'),
(281, 6, 65, 'Z. T. Fomum', 1, 'A Máscara da Fama', 'PT', '{\"16\":{\"text\":\"8\",\"type\":\"1\"},\"20\":{\"text\":\"8\",\"type\":\"1\"},\"22\":{\"text\":\"6\",\"type\":\"1\"},\"23\":{\"text\":\"6\",\"type\":\"1\"},\"24\":{\"text\":\"8\",\"type\":\"1\"}}', 1, '2021-12-30 07:05:25', '2022-02-12 04:49:44'),
(282, 3, 37, 'Z.T. Fomum', 0, 'Avivamento Espiritual Pessoal', 'PT', '{\"16\":{\"text\":\"8\",\"type\":\"1\"},\"20\":{\"text\":\"8\",\"type\":\"1\"},\"22\":{\"text\":\"6\",\"type\":\"1\"},\"23\":{\"text\":\"6\",\"type\":\"1\"},\"24\":{\"text\":\"8\",\"type\":\"1\"}}', 1, '2021-12-30 07:12:28', '2021-12-30 07:12:28'),
(283, 5, 6, 'Z.T. Fomum', 0, 'O Caminho da Oração Vitoriosa', 'PT', '{\"16\":{\"text\":\"8\",\"type\":\"1\"},\"20\":{\"text\":\"8\",\"type\":\"1\"},\"22\":{\"text\":\"6\",\"type\":\"1\"},\"23\":{\"text\":\"6\",\"type\":\"1\"},\"24\":{\"text\":\"8\",\"type\":\"1\"}}', 1, '2021-12-30 07:13:21', '2021-12-30 07:13:21'),
(284, 3, 102, 'Z. T. Fomum', 1, 'Encontros Dinâmicos Diários Com Deus', 'PT', '{\"16\":{\"text\":\"8\",\"type\":\"1\"},\"20\":{\"text\":\"8\",\"type\":\"1\"},\"22\":{\"text\":\"6\",\"type\":\"1\"},\"23\":{\"text\":\"6\",\"type\":\"1\"},\"24\":{\"text\":\"8\",\"type\":\"1\"}}', 1, '2021-12-30 07:15:33', '2022-02-12 16:54:18'),
(285, 5, 84, 'Z.T. Fomum', 0, 'Orando Com Poder', 'PT', '{\"16\":{\"text\":\"8\",\"type\":\"1\"},\"20\":{\"text\":\"8\",\"type\":\"1\"},\"22\":{\"text\":\"6\",\"type\":\"1\"},\"23\":{\"text\":\"6\",\"type\":\"1\"},\"24\":{\"text\":\"8\",\"type\":\"1\"}}', 1, '2021-12-30 07:16:28', '2021-12-30 07:16:28'),
(286, 11, 71, 'Z. T. Fomum', 1, 'Um Matrimônio Bem Sucedido: A Chave de Êxito do Esposa', 'PT', '{\"16\":{\"text\":\"8\",\"type\":\"1\"},\"20\":{\"text\":\"8\",\"type\":\"1\"},\"22\":{\"text\":\"6\",\"type\":\"1\"},\"23\":{\"text\":\"6\",\"type\":\"1\"},\"24\":{\"text\":\"8\",\"type\":\"1\"}}', 1, '2021-12-30 07:17:29', '2022-02-12 04:51:44'),
(287, 11, 70, 'Z. T. Fomum', 1, 'Um Matrimônio Bem Sucedido: A Chave de Êxito do Marido', 'PT', '{\"16\":{\"text\":\"8\",\"type\":\"1\"},\"20\":{\"text\":\"8\",\"type\":\"1\"},\"22\":{\"text\":\"6\",\"type\":\"1\"},\"23\":{\"text\":\"6\",\"type\":\"1\"},\"24\":{\"text\":\"8\",\"type\":\"1\"}}', 1, '2021-12-30 07:18:33', '2022-02-11 17:43:11'),
(288, 18, 212, 'T. W. Andoseh', 2, 'Keeping the Harvest', 'EN', '{\"16\":{\"text\":\"6\",\"type\":\"1\"},\"20\":{\"text\":\"6\",\"type\":\"1\"},\"22\":{\"text\":\"6\",\"type\":\"1\"},\"23\":{\"text\":\"6\",\"type\":\"1\"},\"24\":{\"text\":\"6\",\"type\":\"1\"}}', 0, '2021-12-30 23:47:17', '2022-01-29 12:05:55'),
(289, 7, 147, 'Z.T. Fomum', 0, 'Faire du Progrès Spirituel (volume 1-3)', 'FR', '{\"16\":{\"text\":\"8\",\"type\":\"1\"},\"20\":{\"text\":\"8\",\"type\":\"1\"},\"22\":{\"text\":\"6\",\"type\":\"1\"},\"23\":{\"text\":\"6\",\"type\":\"1\"},\"24\":{\"text\":\"6\",\"type\":\"1\"}}', 1, '2021-12-30 23:50:24', '2021-12-30 23:50:24'),
(290, 6, 213, 'Z. T. Fomum', 1, 'The Winning of the Lost as Life’s Supreme Task', 'EN', '{\"16\":{\"text\":\"8\",\"type\":\"1\"},\"20\":{\"text\":\"8\",\"type\":\"1\"},\"22\":{\"text\":\"6\",\"type\":\"1\"},\"23\":{\"text\":\"6\",\"type\":\"1\"},\"24\":{\"text\":\"6\",\"type\":\"1\"}}', 0, '2021-12-30 23:52:04', '2022-02-12 15:32:35'),
(291, 19, 144, 'Z.T. Fomum', 0, 'La Prophétie du Renversement du Prince Satanique de Yaoundé', 'FR', '{\"16\":{\"text\":\"8\",\"type\":\"1\"},\"20\":{\"text\":\"8\",\"type\":\"1\"},\"22\":{\"text\":\"6\",\"type\":\"1\"},\"23\":{\"text\":\"6\",\"type\":\"1\"},\"24\":{\"text\":\"6\",\"type\":\"1\"}}', 1, '2021-12-30 23:53:05', '2022-02-05 19:42:09'),
(295, 7, 76, 'Z.T. Fomum', 0, 'LE BRISEMENT', 'FR', '{\"16\":{\"text\":\"8\",\"type\":\"1\"},\"20\":{\"text\":\"8\",\"type\":\"1\"},\"22\":{\"text\":\"6\",\"type\":\"1\"},\"23\":{\"text\":\"6\",\"type\":\"1\"},\"24\":{\"text\":\"6\",\"type\":\"1\"}}', 1, '2021-12-30 23:59:16', '2021-12-30 23:59:16'),
(296, 10, 124, 'Z.T. Fomum', 0, 'Délivrance du Péché D’adultère et de Fornication', 'FR', '{\"16\":{\"text\":\"8\",\"type\":\"1\"},\"20\":{\"text\":\"8\",\"type\":\"1\"},\"22\":{\"text\":\"6\",\"type\":\"1\"},\"23\":{\"text\":\"6\",\"type\":\"1\"},\"24\":{\"text\":\"6\",\"type\":\"1\"}}', 1, '2021-12-31 00:00:06', '2021-12-31 00:00:06'),
(297, 5, 27, 'Z. T. Fomum', 1, 'La Pratique de L\'Intercession', 'FR', '{\"16\":{\"text\":\"8\",\"type\":\"1\"},\"20\":{\"text\":\"8\",\"type\":\"1\"},\"22\":{\"text\":\"6\",\"type\":\"1\"},\"23\":{\"text\":\"6\",\"type\":\"1\"},\"24\":{\"text\":\"7\",\"type\":\"1\"}}', 1, '2021-12-31 06:05:51', '2022-02-14 12:50:10'),
(298, 5, 91, 'Z. T. Fomum', 1, 'La Centralité de la Prière', 'FR', '{\"16\":{\"text\":\"8\",\"type\":\"1\"},\"20\":{\"text\":\"8\",\"type\":\"1\"},\"22\":{\"text\":\"6\",\"type\":\"1\"},\"23\":{\"text\":\"6\",\"type\":\"1\"},\"24\":{\"text\":\"7\",\"type\":\"1\"}}', 1, '2021-12-31 06:07:05', '2022-02-11 03:10:34'),
(299, 1, 35, 'Z. T. Fomum', 1, 'Ο Τροποσ Να Αγαπουμε Τον Κυριο', 'EL', '{\"16\":{\"text\":\"8\",\"type\":\"1\"},\"20\":{\"text\":\"6\",\"type\":\"1\"},\"22\":{\"text\":\"6\",\"type\":\"1\"},\"23\":{\"text\":\"6\",\"type\":\"1\"},\"24\":{\"text\":\"8\",\"type\":\"1\"}}', 1, '2021-12-31 06:09:39', '2022-02-10 23:56:11'),
(300, 17, 169, 'Z.T. Fomum', 0, 'Marcher Avec Dieu (Volume 1)', 'FR', '{\"16\":{\"text\":\"8\",\"type\":\"1\"},\"20\":{\"text\":\"6\",\"type\":\"1\"},\"22\":{\"text\":\"6\",\"type\":\"1\"},\"23\":{\"text\":\"6\",\"type\":\"1\"},\"24\":{\"text\":\"7\",\"type\":\"1\"}}', 1, '2021-12-31 06:11:21', '2021-12-31 06:11:21'),
(301, 1, 30, 'Z.T. Fomum', 0, 'Le Chemin du Service Chrétien', 'FR', '{\"16\":{\"text\":\"8\",\"type\":\"1\"},\"20\":{\"text\":\"8\",\"type\":\"1\"},\"22\":{\"text\":\"6\",\"type\":\"1\"},\"23\":{\"text\":\"6\",\"type\":\"1\"},\"24\":{\"text\":\"7\",\"type\":\"1\"}}', 1, '2021-12-31 06:12:36', '2022-02-07 15:50:50'),
(302, 7, 74, 'Z.T. Fomum', 0, 'La Croix Dans la Vie et le Ministère du Croyant', 'FR', '{\"16\":{\"text\":\"8\",\"type\":\"1\"},\"20\":{\"text\":\"8\",\"type\":\"1\"},\"22\":{\"text\":\"6\",\"type\":\"1\"},\"23\":{\"text\":\"6\",\"type\":\"1\"},\"24\":{\"text\":\"7\",\"type\":\"1\"}}', 1, '2021-12-31 06:13:54', '2021-12-31 06:13:54'),
(303, 13, 139, 'Z. T. Fomum', 1, 'Lois Du Succes Spirituel (volume Un)', 'FR', '{\"16\":{\"text\":\"8\",\"type\":\"1\"},\"20\":{\"text\":\"8\",\"type\":\"1\"},\"22\":{\"text\":\"6\",\"type\":\"1\"},\"23\":{\"text\":\"6\",\"type\":\"1\"},\"24\":{\"text\":\"7\",\"type\":\"1\"}}', 1, '2021-12-31 06:16:07', '2022-02-11 17:41:02'),
(304, 6, 39, 'Z.T. Fomum', 0, 'Jésus T’aime et Veut te Guérir', 'FR', '{\"16\":{\"text\":\"8\",\"type\":\"1\"},\"20\":{\"text\":\"8\",\"type\":\"1\"},\"22\":{\"text\":\"8\",\"type\":\"1\"},\"23\":{\"text\":\"6\",\"type\":\"1\"},\"24\":{\"text\":\"6\",\"type\":\"1\"}}', 1, '2021-12-31 06:18:06', '2022-02-12 05:18:13'),
(305, 1, 28, 'Z.T. Fomum', 0, 'Le Chemin du Caractère Chrétien', 'FR', '{\"16\":{\"text\":\"8\",\"type\":\"1\"},\"20\":{\"text\":\"8\",\"type\":\"1\"},\"22\":{\"text\":\"6\",\"type\":\"1\"},\"23\":{\"text\":\"6\",\"type\":\"1\"},\"24\":{\"text\":\"7\",\"type\":\"1\"}}', 1, '2021-12-31 06:27:17', '2021-12-31 06:27:17'),
(306, 10, 122, 'Z. T. Fomum', 1, 'Sanctifié et Consacré Pour le Ministère Spirituel', 'FR', '{\"16\":{\"text\":\"8\",\"type\":\"1\"},\"20\":{\"text\":\"8\",\"type\":\"1\"},\"22\":{\"text\":\"6\",\"type\":\"1\"},\"23\":{\"text\":\"6\",\"type\":\"1\"},\"24\":{\"text\":\"7\",\"type\":\"1\"}}', 1, '2021-12-31 06:30:26', '2022-02-12 04:58:51'),
(307, 3, 111, 'Z. T. Fomum', 1, 'La Restitution', 'FR', '{\"16\":{\"text\":\"8\",\"type\":\"1\"},\"20\":{\"text\":\"8\",\"type\":\"1\"},\"22\":{\"text\":\"6\",\"type\":\"1\"},\"23\":{\"text\":\"6\",\"type\":\"1\"},\"24\":{\"text\":\"7\",\"type\":\"1\"}}', 1, '2021-12-31 06:33:44', '2022-02-11 17:04:42'),
(308, 3, 117, 'Z.T. Fomum', 0, 'Faire Des Disciples', 'FR', '{\"16\":{\"text\":\"8\",\"type\":\"1\"},\"20\":{\"text\":\"8\",\"type\":\"1\"},\"22\":{\"text\":\"8\",\"type\":\"1\"},\"23\":{\"text\":\"6\",\"type\":\"1\"},\"24\":{\"text\":\"8\",\"type\":\"1\"}}', 1, '2021-12-31 06:42:54', '2022-02-12 05:17:35'),
(309, 3, 107, 'Z. T. Fomum', 1, 'L’art de Travailler Dur', 'FR', '{\"16\":{\"text\":\"8\",\"type\":\"1\"},\"20\":{\"text\":\"8\",\"type\":\"1\"},\"22\":{\"text\":\"6\",\"type\":\"1\"},\"23\":{\"text\":\"6\",\"type\":\"1\"},\"24\":{\"text\":\"7\",\"type\":\"1\"}}', 1, '2021-12-31 06:58:26', '2022-02-11 03:15:40'),
(310, 5, 7, 'Z. T. Fomum', 1, 'Le Ministère Du Jeûne', 'FR', '{\"16\":{\"text\":\"8\",\"type\":\"1\"},\"20\":{\"text\":\"8\",\"type\":\"1\"},\"22\":{\"text\":\"6\",\"type\":\"1\"},\"23\":{\"text\":\"6\",\"type\":\"1\"},\"24\":{\"text\":\"7\",\"type\":\"1\"}}', 1, '2021-12-31 07:18:16', '2022-02-11 17:10:39'),
(311, 5, 87, 'Z. T. Fomum', 1, 'Le Ministère de Louange et d’Actions de Grâces', 'FR', '{\"16\":{\"text\":\"8\",\"type\":\"1\"},\"20\":{\"text\":\"8\",\"type\":\"1\"},\"22\":{\"text\":\"6\",\"type\":\"1\"},\"23\":{\"text\":\"6\",\"type\":\"1\"},\"24\":{\"text\":\"7\",\"type\":\"1\"}}', 1, '2021-12-31 07:20:25', '2022-02-11 17:13:23'),
(312, 15, 53, 'Z. T. Fomum', 1, 'La Joie de Supplier D’appartenir au Seigneur Jesus: Un Temoignage', 'FR', '{\"16\":{\"text\":\"8\",\"type\":\"1\"},\"20\":{\"text\":\"8\",\"type\":\"1\"},\"22\":{\"text\":\"6\",\"type\":\"1\"},\"23\":{\"text\":\"6\",\"type\":\"1\"},\"24\":{\"text\":\"7\",\"type\":\"1\"}}', 1, '2021-12-31 07:21:39', '2022-02-12 05:27:31'),
(313, 17, 170, 'Z.T. Fomum', 0, 'Centré Sur Dieu', 'FR', '{\"16\":{\"text\":\"8\",\"type\":\"1\"},\"20\":{\"text\":\"8\",\"type\":\"1\"},\"22\":{\"text\":\"6\",\"type\":\"1\"},\"23\":{\"text\":\"6\",\"type\":\"1\"},\"24\":{\"text\":\"7\",\"type\":\"1\"}}', 1, '2021-12-31 07:22:58', '2021-12-31 07:22:58'),
(314, 3, 104, 'Z. T. Fomum', 1, 'Comment Réussir dans la vie Chretienne', 'FR', '{\"16\":{\"text\":\"8\",\"type\":\"1\"},\"20\":{\"text\":\"8\",\"type\":\"1\"},\"22\":{\"text\":\"6\",\"type\":\"1\"},\"23\":{\"text\":\"6\",\"type\":\"1\"},\"24\":{\"text\":\"7\",\"type\":\"1\"}}', 1, '2021-12-31 07:26:05', '2022-02-10 23:57:08'),
(315, 17, 167, 'Z.T. Fomum', 0, 'Racines et Destinées', 'FR', '{\"16\":{\"text\":\"8\",\"type\":\"1\"},\"20\":{\"text\":\"8\",\"type\":\"1\"},\"22\":{\"text\":\"6\",\"type\":\"1\"},\"23\":{\"text\":\"6\",\"type\":\"1\"},\"24\":{\"text\":\"7\",\"type\":\"1\"}}', 1, '2021-12-31 07:29:04', '2021-12-31 07:29:04'),
(316, 3, 110, 'Z.T. Fomum', 0, 'La Vraie Repentance', 'FR', '{\"16\":{\"text\":\"8\",\"type\":\"1\"},\"20\":{\"text\":\"8\",\"type\":\"1\"},\"22\":{\"text\":\"6\",\"type\":\"1\"},\"23\":{\"text\":\"6\",\"type\":\"1\"},\"24\":{\"text\":\"7\",\"type\":\"1\"}}', 1, '2021-12-31 07:31:12', '2021-12-31 07:31:12'),
(317, 3, 112, 'Z. T. Fomum', 1, 'Tu Peux Recevoir un Coeur Pur Aujourd’hui', 'FR', '{\"16\":{\"text\":\"8\",\"type\":\"1\"},\"20\":{\"text\":\"8\",\"type\":\"1\"},\"22\":{\"text\":\"6\",\"type\":\"1\"},\"23\":{\"text\":\"6\",\"type\":\"1\"},\"24\":{\"text\":\"7\",\"type\":\"1\"}}', 1, '2021-12-31 07:34:26', '2022-02-12 05:02:58'),
(318, 3, 116, 'Z. T. Fomum', 1, 'Tu As un Talent', 'FR', '{\"16\":{\"text\":\"8\",\"type\":\"1\"},\"20\":{\"text\":\"8\",\"type\":\"1\"},\"22\":{\"text\":\"6\",\"type\":\"1\"},\"23\":{\"text\":\"6\",\"type\":\"1\"},\"24\":{\"text\":\"7\",\"type\":\"1\"}}', 1, '2021-12-31 07:35:28', '2022-02-11 03:15:19'),
(319, 7, 78, 'Z. T. Fomum', 1, 'Faire Du Progres Spirituel (volume Un)', 'FR', '{\"16\":{\"text\":\"8\",\"type\":\"1\"},\"20\":{\"text\":\"8\",\"type\":\"1\"},\"22\":{\"text\":\"6\",\"type\":\"1\"},\"23\":{\"text\":\"6\",\"type\":\"1\"},\"24\":{\"text\":\"7\",\"type\":\"1\"}}', 1, '2021-12-31 07:39:15', '2022-02-12 04:56:33'),
(320, 1, 33, 'Z.T. Fomum', 0, 'Le Chemin des Vainqueurs', 'FR', '{\"16\":{\"text\":\"8\",\"type\":\"1\"},\"20\":{\"text\":\"8\",\"type\":\"1\"},\"22\":{\"text\":\"8\",\"type\":\"1\"},\"23\":{\"text\":\"6\",\"type\":\"1\"},\"24\":{\"text\":\"6\",\"type\":\"1\"}}', 1, '2021-12-31 07:40:14', '2022-02-12 05:15:59'),
(321, 6, 65, 'Z. T. Fomum', 1, 'La Célébrité: un Masque', 'FR', '{\"16\":{\"text\":\"8\",\"type\":\"1\"},\"20\":{\"text\":\"8\",\"type\":\"1\"},\"22\":{\"text\":\"8\",\"type\":\"1\"},\"23\":{\"text\":\"6\",\"type\":\"1\"},\"24\":{\"text\":\"6\",\"type\":\"1\"}}', 1, '2021-12-31 07:43:53', '2022-02-12 05:19:35'),
(322, 13, 142, 'Z.T. Fomum', 0, 'Un Coeur de Missionnaire et Une Vie de Missionnaire', 'FR', '{\"16\":{\"text\":\"8\",\"type\":\"1\"},\"20\":{\"text\":\"8\",\"type\":\"1\"},\"22\":{\"text\":\"6\",\"type\":\"1\"},\"23\":{\"text\":\"6\",\"type\":\"1\"},\"24\":{\"text\":\"7\",\"type\":\"1\"}}', 1, '2021-12-31 07:45:26', '2022-02-05 19:09:15'),
(323, 13, 132, 'Z. T. Fomum', 1, 'Principes Fondamentaux du Leadership Chrétien', 'FR', '{\"16\":{\"text\":\"8\",\"type\":\"1\"},\"20\":{\"text\":\"8\",\"type\":\"1\"},\"22\":{\"text\":\"6\",\"type\":\"1\"},\"23\":{\"text\":\"6\",\"type\":\"1\"},\"24\":{\"text\":\"7\",\"type\":\"1\"}}', 1, '2021-12-31 07:58:22', '2022-02-12 04:49:21'),
(324, 3, 119, 'Z. T. Fomum', 1, 'Es-tu Encore un Disciple du Seigneur Jesus?', 'FR', '{\"16\":{\"text\":\"8\",\"type\":\"1\"},\"20\":{\"text\":\"8\",\"type\":\"1\"},\"22\":{\"text\":\"6\",\"type\":\"1\"},\"23\":{\"text\":\"6\",\"type\":\"1\"},\"24\":{\"text\":\"6\",\"type\":\"1\"}}', 1, '2021-12-31 07:59:46', '2022-02-11 17:08:21'),
(325, 7, 77, 'Z. T. Fomum', 1, 'Le Secret du Repos Spirituel', 'FR', '{\"16\":{\"text\":\"8\",\"type\":\"1\"},\"20\":{\"text\":\"8\",\"type\":\"1\"},\"22\":{\"text\":\"6\",\"type\":\"1\"},\"23\":{\"text\":\"6\",\"type\":\"1\"},\"24\":{\"text\":\"7\",\"type\":\"1\"}}', 1, '2021-12-31 08:03:19', '2022-02-12 04:56:12'),
(326, 1, 29, 'Z. T. Fomum', 1, 'Le Chemin de la Puissance Spirituelle', 'FR', '{\"16\":{\"text\":\"8\",\"type\":\"1\"},\"20\":{\"text\":\"8\",\"type\":\"1\"},\"22\":{\"text\":\"6\",\"type\":\"1\"},\"23\":{\"text\":\"6\",\"type\":\"1\"},\"24\":{\"text\":\"7\",\"type\":\"1\"}}', 1, '2021-12-31 08:05:51', '2022-02-15 01:35:25'),
(327, 10, 126, 'Z. T. Fomum', 1, 'Sois Rempli du Saint-Esprit', 'FR', '{\"16\":{\"text\":\"8\",\"type\":\"1\"},\"20\":{\"text\":\"8\",\"type\":\"1\"},\"22\":{\"text\":\"6\",\"type\":\"1\"},\"23\":{\"text\":\"6\",\"type\":\"1\"},\"24\":{\"text\":\"7\",\"type\":\"1\"}}', 1, '2021-12-31 08:10:41', '2022-02-12 05:00:36'),
(328, 1, 2, 'Z.T. Fomum', 0, 'Droga Pełnego Życia', 'PL', '{\"16\":{\"text\":\"8\",\"type\":\"1\"},\"20\":{\"text\":\"6\",\"type\":\"1\"},\"22\":{\"text\":\"6\",\"type\":\"1\"},\"23\":{\"text\":\"6\",\"type\":\"1\"},\"24\":{\"text\":\"8\",\"type\":\"1\"}}', 1, '2021-12-31 08:17:57', '2021-12-31 08:17:57'),
(329, 11, 71, 'Z. T. Fomum', 1, 'Un Mariage Réussi: Le Chef D’oeuvre de L’epouse', 'FR', '{\"16\":{\"text\":\"8\",\"type\":\"1\"},\"20\":{\"text\":\"8\",\"type\":\"1\"},\"22\":{\"text\":\"6\",\"type\":\"1\"},\"23\":{\"text\":\"6\",\"type\":\"1\"},\"24\":{\"text\":\"7\",\"type\":\"1\"}}', 1, '2021-12-31 08:19:29', '2022-02-12 04:51:44'),
(330, 6, 16, 'Z. T. Fomum', 1, 'БОЖЬЯ ЛЮБОВЬ И ПРОЩЕНИЕ', 'RU', '{\"16\":{\"text\":\"8\",\"type\":\"1\"},\"20\":{\"text\":\"6\",\"type\":\"1\"},\"22\":{\"text\":\"6\",\"type\":\"1\"},\"23\":{\"text\":\"6\",\"type\":\"1\"},\"24\":{\"text\":\"7\",\"type\":\"1\"}}', 1, '2021-12-31 08:21:24', '2022-02-14 23:04:45'),
(331, 3, 118, 'Z. T. Fomum', 1, 'Le Secret d’une Vie Spirituelle Fructueuse', 'FR', '{\"16\":{\"text\":\"8\",\"type\":\"1\"},\"20\":{\"text\":\"8\",\"type\":\"1\"},\"22\":{\"text\":\"6\",\"type\":\"1\"},\"23\":{\"text\":\"6\",\"type\":\"1\"},\"24\":{\"text\":\"7\",\"type\":\"1\"}}', 1, '2021-12-31 08:24:21', '2022-02-11 17:07:36'),
(332, 6, 62, 'Z.T. Fomum', 0, '36 Raisons de Gagner Les Perdus', 'FR', '{\"16\":{\"text\":\"8\",\"type\":\"1\"},\"20\":{\"text\":\"8\",\"type\":\"1\"},\"22\":{\"text\":\"6\",\"type\":\"1\"},\"23\":{\"text\":\"6\",\"type\":\"1\"},\"24\":{\"text\":\"7\",\"type\":\"1\"}}', 1, '2021-12-31 08:32:47', '2021-12-31 08:32:47'),
(333, 3, 114, 'Z. T. Fomum', 1, 'Tu Peux Recevoir le Baptême Dans le Saint-Esprit Maintenant', 'FR', '{\"16\":{\"text\":\"8\",\"type\":\"1\"},\"20\":{\"text\":\"8\",\"type\":\"1\"},\"22\":{\"text\":\"6\",\"type\":\"1\"},\"23\":{\"text\":\"6\",\"type\":\"1\"},\"24\":{\"text\":\"7\",\"type\":\"1\"}}', 1, '2021-12-31 08:35:58', '2022-02-11 17:06:31'),
(334, 3, 106, 'Z. T. Fomum', 1, 'Délivrance du Péché de la Paresse', 'FR', '{\"16\":{\"text\":\"8\",\"type\":\"1\"},\"20\":{\"text\":\"8\",\"type\":\"1\"},\"22\":{\"text\":\"8\",\"type\":\"1\"},\"23\":{\"text\":\"6\",\"type\":\"1\"},\"24\":{\"text\":\"7\",\"type\":\"1\"}}', 1, '2021-12-31 08:37:59', '2022-02-11 03:14:18');
INSERT INTO `co_book_lists` (`id`, `category_id`, `book_id`, `author`, `available`, `title`, `language`, `content`, `add_another_book_translation`, `created_at`, `updated_at`) VALUES
(335, 1, 26, 'Z.T. Fomum', 0, 'Le Chemin de la Sanctification', 'FR', '{\"16\":{\"text\":\"8\",\"type\":\"1\"},\"20\":{\"text\":\"8\",\"type\":\"1\"},\"22\":{\"text\":\"6\",\"type\":\"1\"},\"23\":{\"text\":\"6\",\"type\":\"1\"},\"24\":{\"text\":\"8\",\"type\":\"1\"}}', 1, '2021-12-31 08:39:28', '2022-02-07 02:50:19'),
(336, 13, 131, 'Z.T. Fomum', 0, 'Le Berger et le Troupeau', 'FR', '{\"16\":{\"text\":\"8\",\"type\":\"1\"},\"20\":{\"text\":\"8\",\"type\":\"1\"},\"22\":{\"text\":\"6\",\"type\":\"1\"},\"23\":{\"text\":\"6\",\"type\":\"1\"},\"24\":{\"text\":\"7\",\"type\":\"1\"}}', 1, '2021-12-31 08:40:42', '2021-12-31 08:40:42'),
(337, 5, 88, 'Z. T. Fomum', 1, 'S’Attendre au Seigneur Dans la Prière', 'FR', '{\"16\":{\"text\":\"8\",\"type\":\"1\"},\"20\":{\"text\":\"8\",\"type\":\"1\"},\"22\":{\"text\":\"6\",\"type\":\"1\"},\"23\":{\"text\":\"6\",\"type\":\"1\"},\"24\":{\"text\":\"7\",\"type\":\"1\"}}', 1, '2021-12-31 08:41:51', '2022-02-11 17:13:03'),
(338, 17, 141, 'Z. T. Fomum', 1, 'Un Mot Aux Etudiants', 'FR', '{\"16\":{\"text\":\"8\",\"type\":\"1\"},\"20\":{\"text\":\"8\",\"type\":\"1\"},\"22\":{\"text\":\"6\",\"type\":\"1\"},\"23\":{\"text\":\"6\",\"type\":\"1\"},\"24\":{\"text\":\"7\",\"type\":\"1\"}}', 1, '2021-12-31 08:44:46', '2022-02-05 19:08:39'),
(339, 7, 82, 'Z.T. Fomum', 1, 'Aller de L’avant Avec le Seigneur Jésus-Christ', 'FR', '{\"16\":{\"text\":\"8\",\"type\":\"1\"},\"20\":{\"text\":\"8\",\"type\":\"1\"},\"22\":{\"text\":\"6\",\"type\":\"1\"},\"23\":{\"text\":\"6\",\"type\":\"1\"},\"24\":{\"text\":\"8\",\"type\":\"1\"}}', 1, '2022-01-01 23:07:36', '2022-02-12 05:21:18'),
(340, 1, 31, 'Z.T. Fomum', 1, 'Le Chemin du Combat Spirituel', 'FR', '{\"16\":{\"text\":\"8\",\"type\":\"1\"},\"20\":{\"text\":\"8\",\"type\":\"1\"},\"22\":{\"text\":\"6\",\"type\":\"1\"},\"23\":{\"text\":\"6\",\"type\":\"1\"},\"24\":{\"text\":\"7\",\"type\":\"1\"}}', 1, '2022-01-01 23:08:41', '2022-02-07 20:55:18'),
(341, 3, 102, 'Z. T. Fomum', 1, 'Rencontres Dynamiques Quotidiennes Avec Dieu', 'FR', '{\"16\":{\"text\":\"8\",\"type\":\"1\"},\"20\":{\"text\":\"8\",\"type\":\"1\"},\"22\":{\"text\":\"6\",\"type\":\"1\"},\"23\":{\"text\":\"6\",\"type\":\"1\"},\"24\":{\"text\":\"8\",\"type\":\"1\"}}', 1, '2022-01-01 23:09:30', '2022-02-12 16:54:18'),
(342, 3, 103, 'Z. T. Fomum', 1, 'L’école de la Vérité', 'FR', '{\"16\":{\"text\":\"8\",\"type\":\"1\"},\"20\":{\"text\":\"8\",\"type\":\"1\"},\"22\":{\"text\":\"6\",\"type\":\"1\"},\"23\":{\"text\":\"6\",\"type\":\"1\"},\"24\":{\"text\":\"7\",\"type\":\"1\"}}', 1, '2022-01-01 23:10:42', '2022-02-10 23:56:43'),
(343, 17, 51, 'Z.T. Fomum', 1, 'La Guerison Interieure', 'FR', '{\"16\":{\"text\":\"8\",\"type\":\"1\"},\"20\":{\"text\":\"8\",\"type\":\"1\"},\"22\":{\"text\":\"6\",\"type\":\"1\"},\"23\":{\"text\":\"6\",\"type\":\"1\"},\"24\":{\"text\":\"7\",\"type\":\"1\"}}', 1, '2022-01-01 23:11:58', '2022-02-05 19:07:17'),
(344, 11, 67, 'Z. T. Fomum', 1, 'Jouir Du Choix De Ton Conjoint', 'FR', '{\"16\":{\"text\":\"8\",\"type\":\"1\"},\"20\":{\"text\":\"8\",\"type\":\"1\"},\"22\":{\"text\":\"6\",\"type\":\"1\"},\"23\":{\"text\":\"6\",\"type\":\"1\"},\"24\":{\"text\":\"6\",\"type\":\"1\"}}', 1, '2022-01-01 23:13:22', '2022-02-19 11:11:44'),
(345, 10, 125, 'Z. T. Fomum', 1, 'Le Péché Devant Toi Pourrait Conduire à la Mort Immédiate: Ne le Commets Pas!', 'FR', '{\"16\":{\"text\":\"8\",\"type\":\"1\"},\"20\":{\"text\":\"8\",\"type\":\"1\"},\"22\":{\"text\":\"6\",\"type\":\"1\"},\"23\":{\"text\":\"6\",\"type\":\"1\"},\"24\":{\"text\":\"7\",\"type\":\"1\"}}', 1, '2022-01-01 23:14:48', '2022-02-12 04:59:13'),
(346, 1, 34, 'Z. T. Fomum', 1, 'Le Chemin de L’encouragement Spirituel', 'FR', '{\"16\":{\"text\":\"8\",\"type\":\"1\"},\"20\":{\"text\":\"8\",\"type\":\"1\"},\"22\":{\"text\":\"8\",\"type\":\"1\"},\"23\":{\"text\":\"6\",\"type\":\"1\"},\"24\":{\"text\":\"8\",\"type\":\"1\"}}', 1, '2022-01-01 23:16:13', '2022-02-10 23:55:38'),
(347, 5, 89, 'Z. T. Fomum', 1, 'Le Ministère de la Supplication', 'FR', '{\"16\":{\"text\":\"8\",\"type\":\"1\"},\"20\":{\"text\":\"8\",\"type\":\"1\"},\"22\":{\"text\":\"6\",\"type\":\"1\"},\"23\":{\"text\":\"6\",\"type\":\"1\"},\"24\":{\"text\":\"7\",\"type\":\"1\"}}', 1, '2022-01-01 23:17:43', '2022-02-11 03:14:46'),
(348, 11, 68, 'Z. T. Fomum', 1, 'Jouir De La Vie Conjugale', 'FR', '{\"16\":{\"text\":\"8\",\"type\":\"1\"},\"20\":{\"text\":\"8\",\"type\":\"1\"},\"22\":{\"text\":\"6\",\"type\":\"1\"},\"23\":{\"text\":\"6\",\"type\":\"1\"},\"24\":{\"text\":\"7\",\"type\":\"1\"}}', 1, '2022-01-01 23:19:56', '2022-02-12 04:53:47'),
(349, 1, 35, 'Z. T. Fomum', 1, 'Le Chemin De L’amour Pour Le Seigneur', 'FR', '{\"16\":{\"text\":\"8\",\"type\":\"1\"},\"20\":{\"text\":\"8\",\"type\":\"1\"},\"22\":{\"text\":\"6\",\"type\":\"1\"},\"23\":{\"text\":\"6\",\"type\":\"1\"},\"24\":{\"text\":\"7\",\"type\":\"1\"}}', 1, '2022-01-01 23:21:29', '2022-02-10 23:56:11'),
(350, 13, 50, 'Z.T. Fomum', 0, 'Le Dirigeant et Son Dieu', 'FR', '{\"16\":{\"text\":\"8\",\"type\":\"1\"},\"20\":{\"text\":\"8\",\"type\":\"1\"},\"22\":{\"text\":\"6\",\"type\":\"1\"},\"23\":{\"text\":\"6\",\"type\":\"1\"},\"24\":{\"text\":\"7\",\"type\":\"1\"}}', 1, '2022-01-01 23:22:38', '2022-01-01 23:22:38'),
(351, 5, 84, 'Z.T. Fomum', 1, 'Prier Avec Puissance', 'FR', '{\"16\":{\"text\":\"8\",\"type\":\"1\"},\"20\":{\"text\":\"8\",\"type\":\"1\"},\"22\":{\"text\":\"6\",\"type\":\"1\"},\"23\":{\"text\":\"6\",\"type\":\"1\"},\"24\":{\"text\":\"7\",\"type\":\"1\"}}', 1, '2022-01-03 01:57:13', '2022-01-03 01:57:13'),
(352, 3, 115, 'Z. T. Fomum', 1, 'La Dignité du Travail Manuel', 'FR', '{\"16\":{\"text\":\"8\",\"type\":\"1\"},\"20\":{\"text\":\"8\",\"type\":\"1\"},\"22\":{\"text\":\"6\",\"type\":\"1\"},\"23\":{\"text\":\"6\",\"type\":\"1\"},\"24\":{\"text\":\"7\",\"type\":\"1\"}}', 1, '2022-01-03 01:58:06', '2022-02-11 17:07:02'),
(353, 5, 83, 'Z. T. Fomum', 1, 'L’art de L’intercession', 'FR', '{\"16\":{\"text\":\"8\",\"type\":\"1\"},\"20\":{\"text\":\"8\",\"type\":\"1\"},\"22\":{\"text\":\"6\",\"type\":\"1\"},\"23\":{\"text\":\"6\",\"type\":\"1\"},\"24\":{\"text\":\"7\",\"type\":\"1\"}}', 1, '2022-01-03 01:59:18', '2022-02-11 17:12:18'),
(354, 13, 133, 'Z.T. Fomum', 1, 'La Noblesse Spirituelle: L’histoire de Joseph', 'FR', '{\"16\":{\"text\":\"8\",\"type\":\"1\"},\"20\":{\"text\":\"8\",\"type\":\"1\"},\"22\":{\"text\":\"6\",\"type\":\"1\"},\"23\":{\"text\":\"6\",\"type\":\"1\"},\"24\":{\"text\":\"7\",\"type\":\"1\"}}', 1, '2022-01-03 02:00:26', '2022-01-03 02:00:26'),
(355, 3, 108, 'Z. T. Fomum', 1, 'Connaître Dieu: Le Plus Grand Besoin de L’heure', 'FR', '{\"16\":{\"text\":\"8\",\"type\":\"1\"},\"20\":{\"text\":\"8\",\"type\":\"1\"},\"22\":{\"text\":\"6\",\"type\":\"1\"},\"23\":{\"text\":\"6\",\"type\":\"1\"},\"24\":{\"text\":\"7\",\"type\":\"1\"}}', 1, '2022-01-03 02:01:48', '2022-02-11 17:03:57'),
(356, 5, 6, 'Z.T. Fomum', 1, 'Le Chemin de la Prière Victorieuse', 'FR', '{\"16\":{\"text\":\"8\",\"type\":\"1\"},\"20\":{\"text\":\"8\",\"type\":\"1\"},\"22\":{\"text\":\"8\",\"type\":\"1\"},\"23\":{\"text\":\"6\",\"type\":\"1\"},\"24\":{\"text\":\"6\",\"type\":\"1\"}}', 1, '2022-01-03 02:04:29', '2022-02-12 05:08:21'),
(357, 5, 86, 'Z. T. Fomum', 1, 'Mouvoir Dieu Par la Priere', 'FR', '{\"16\":{\"text\":\"8\",\"type\":\"1\"},\"20\":{\"text\":\"8\",\"type\":\"1\"},\"22\":{\"text\":\"6\",\"type\":\"1\"},\"23\":{\"text\":\"6\",\"type\":\"1\"},\"24\":{\"text\":\"7\",\"type\":\"1\"}}', 1, '2022-01-03 02:20:10', '2022-02-11 17:13:44'),
(358, 17, 140, 'Z.T. Fomum', 1, 'Faire Face Victorieusement Aux Problemes de la Vie', 'FR', '{\"16\":{\"text\":\"8\",\"type\":\"1\"},\"20\":{\"text\":\"8\",\"type\":\"1\"},\"22\":{\"text\":\"8\",\"type\":\"1\"},\"23\":{\"text\":\"6\",\"type\":\"1\"},\"24\":{\"text\":\"6\",\"type\":\"1\"}}', 1, '2022-01-03 02:21:33', '2022-02-12 05:16:33'),
(359, 3, 113, 'Z. T. Fomum', 1, 'Tu Peux Conduire Quelqu’un a Christ Aujourd’hui', 'FR', '{\"16\":{\"text\":\"8\",\"type\":\"1\"},\"20\":{\"text\":\"8\",\"type\":\"1\"},\"22\":{\"text\":\"8\",\"type\":\"1\"},\"23\":{\"text\":\"6\",\"type\":\"1\"},\"24\":{\"text\":\"6\",\"type\":\"1\"}}', 1, '2022-01-03 02:22:32', '2022-02-12 05:18:52'),
(360, 7, 79, 'Z. T. Fomum', 1, 'Faire du Progrès Spirituel (volume 2)', 'FR', '{\"16\":{\"text\":\"8\",\"type\":\"1\"},\"20\":{\"text\":\"8\",\"type\":\"1\"},\"22\":{\"text\":\"6\",\"type\":\"1\"},\"23\":{\"text\":\"6\",\"type\":\"1\"},\"24\":{\"text\":\"7\",\"type\":\"1\"}}', 1, '2022-01-03 02:24:28', '2022-02-12 04:56:49'),
(361, 7, 75, 'Z. T. Fomum', 1, 'Connaître le Dieu de Bonté Sans Pareille', 'FR', '{\"16\":{\"text\":\"8\",\"type\":\"1\"},\"20\":{\"text\":\"8\",\"type\":\"1\"},\"22\":{\"text\":\"6\",\"type\":\"1\"},\"23\":{\"text\":\"6\",\"type\":\"1\"},\"24\":{\"text\":\"7\",\"type\":\"1\"}}', 1, '2022-01-03 02:25:21', '2022-02-12 04:55:52'),
(362, 1, 32, 'Z.T. Fomum', 1, 'Le chemin de la souffrance pour Christ', 'FR', '{\"16\":{\"text\":\"8\",\"type\":\"1\"},\"20\":{\"text\":\"8\",\"type\":\"1\"},\"22\":{\"text\":\"6\",\"type\":\"1\"},\"23\":{\"text\":\"6\",\"type\":\"1\"},\"24\":{\"text\":\"7\",\"type\":\"1\"}}', 1, '2022-01-03 13:44:17', '2022-02-07 20:55:35'),
(363, 3, 105, 'Z.T. Fomum', 1, 'Le Chretien et L’argent', 'FR', '{\"16\":{\"text\":\"8\",\"type\":\"1\"},\"20\":{\"text\":\"8\",\"type\":\"1\"},\"22\":{\"text\":\"8\",\"type\":\"1\"},\"23\":{\"text\":\"6\",\"type\":\"1\"},\"24\":{\"text\":\"7\",\"type\":\"1\"}}', 1, '2022-01-03 13:45:57', '2022-01-03 13:45:57'),
(364, 7, 73, 'Z. T. Fomum', 1, 'Les Ministres et le Ministère de la Nouvelle Alliance', 'FR', '{\"16\":{\"text\":\"8\",\"type\":\"1\"},\"20\":{\"text\":\"8\",\"type\":\"1\"},\"22\":{\"text\":\"6\",\"type\":\"1\"},\"23\":{\"text\":\"6\",\"type\":\"1\"},\"24\":{\"text\":\"8\",\"type\":\"1\"}}', 1, '2022-01-03 13:47:29', '2022-02-12 04:55:30'),
(365, 11, 69, 'Z. T. Fomum', 1, 'Divorce et Remariage!', 'FR', '{\"16\":{\"text\":\"8\",\"type\":\"1\"},\"20\":{\"text\":\"8\",\"type\":\"1\"},\"22\":{\"text\":\"6\",\"type\":\"1\"},\"23\":{\"text\":\"6\",\"type\":\"1\"},\"24\":{\"text\":\"7\",\"type\":\"1\"}}', 1, '2022-01-03 13:48:33', '2022-02-12 04:54:12'),
(366, 5, 85, 'Z. T. Fomum', 1, 'Combat Spirituel Pratique Par La Priere', 'FR', '{\"16\":{\"text\":\"8\",\"type\":\"1\"},\"20\":{\"text\":\"8\",\"type\":\"1\"},\"22\":{\"text\":\"6\",\"type\":\"1\"},\"23\":{\"text\":\"6\",\"type\":\"1\"},\"24\":{\"text\":\"7\",\"type\":\"1\"}}', 1, '2022-01-03 13:49:48', '2022-02-11 17:14:08'),
(367, 3, 1, 'Z. T. Fomum', 1, 'Быть Учеником Любой Ценой', 'RU', '{\"16\":{\"text\":\"8\",\"type\":\"1\"},\"20\":{\"text\":\"6\",\"type\":\"1\"},\"22\":{\"text\":\"6\",\"type\":\"1\"},\"23\":{\"text\":\"6\",\"type\":\"1\"},\"24\":{\"text\":\"8\",\"type\":\"1\"}}', 1, '2022-01-03 13:52:18', '2022-02-10 23:55:01'),
(368, 5, 165, 'Z.T. Fomum', 1, 'Aides Pratiques Pour Les Longs Jeûnes', 'FR', '{\"16\":{\"text\":\"8\",\"type\":\"1\"},\"20\":{\"text\":\"6\",\"type\":\"1\"},\"22\":{\"text\":\"6\",\"type\":\"1\"},\"23\":{\"text\":\"6\",\"type\":\"1\"},\"24\":{\"text\":\"7\",\"type\":\"1\"}}', 1, '2022-01-03 13:53:30', '2022-01-03 13:53:30'),
(369, 3, 102, 'Z. T. Fomum', 1, 'Ежедневные Динамические Встречи С Богом', 'RU', '{\"16\":{\"text\":\"8\",\"type\":\"1\"},\"20\":{\"text\":\"6\",\"type\":\"1\"},\"22\":{\"text\":\"6\",\"type\":\"1\"},\"23\":{\"text\":\"6\",\"type\":\"1\"},\"24\":{\"text\":\"8\",\"type\":\"1\"}}', 1, '2022-01-03 13:55:02', '2022-02-12 16:54:18'),
(370, 13, 136, 'Z. T. Fomum', 1, 'Les Prérequis Pour un Ministère Spirituel', 'FR', '{\"16\":{\"text\":\"8\",\"type\":\"1\"},\"20\":{\"text\":\"6\",\"type\":\"1\"},\"22\":{\"text\":\"6\",\"type\":\"1\"},\"23\":{\"text\":\"6\",\"type\":\"1\"},\"24\":{\"text\":\"7\",\"type\":\"1\"}}', 1, '2022-01-03 13:56:28', '2022-01-09 05:17:40'),
(371, 13, 48, 'Z.T. Fomum', 0, 'Le Caractère et la Personnalité du Dirigeant', 'FR', '{\"16\":{\"text\":\"8\",\"type\":\"1\"},\"20\":{\"text\":\"6\",\"type\":\"1\"},\"22\":{\"text\":\"6\",\"type\":\"1\"},\"23\":{\"text\":\"6\",\"type\":\"1\"},\"24\":{\"text\":\"7\",\"type\":\"1\"}}', 1, '2022-01-03 13:57:34', '2022-01-03 13:57:34'),
(372, 5, 100, 'Z.T. Fomum', 0, 'De sa Vie de Prière', 'FR', '{\"16\":{\"text\":\"8\",\"type\":\"1\"},\"20\":{\"text\":\"6\",\"type\":\"1\"},\"22\":{\"text\":\"6\",\"type\":\"1\"},\"23\":{\"text\":\"6\",\"type\":\"1\"},\"24\":{\"text\":\"7\",\"type\":\"1\"}}', 1, '2022-01-03 13:59:22', '2022-01-03 13:59:22'),
(373, 8, 57, 'Z. T. Fomum', 0, 'De Ses Levres sur notre vision', 'FR', '{\"16\":{\"text\":\"8\",\"type\":\"1\"},\"20\":{\"text\":\"8\",\"type\":\"1\"},\"22\":{\"text\":\"6\",\"type\":\"1\"},\"23\":{\"text\":\"6\",\"type\":\"1\"},\"24\":{\"text\":\"8\",\"type\":\"1\"}}', 1, '2022-01-03 14:01:14', '2022-01-07 21:49:33'),
(374, 10, 166, 'Z.T. Fomum', 0, 'Les Affaires du Cœur', 'FR', '{\"16\":{\"text\":\"8\",\"type\":\"1\"},\"20\":{\"text\":\"8\",\"type\":\"1\"},\"22\":{\"text\":\"6\",\"type\":\"1\"},\"23\":{\"text\":\"6\",\"type\":\"1\"},\"24\":{\"text\":\"7\",\"type\":\"1\"}}', 1, '2022-01-03 14:02:22', '2022-01-03 14:02:22'),
(375, 6, 43, 'Z.T. Fomum', 0, 'Le Gagnement des Âmes et la Formation des Disciples', 'FR', '{\"16\":{\"text\":\"8\",\"type\":\"1\"},\"20\":{\"text\":\"6\",\"type\":\"1\"},\"22\":{\"text\":\"6\",\"type\":\"1\"},\"23\":{\"text\":\"6\",\"type\":\"1\"},\"24\":{\"text\":\"7\",\"type\":\"1\"}}', 1, '2022-01-03 14:03:31', '2022-01-03 20:01:16'),
(376, 13, 138, 'Z.T. Fomum', 0, 'Toi, Ton Équipe, et Ton Ministère', 'FR', '{\"16\":{\"text\":\"8\",\"type\":\"1\"},\"20\":{\"text\":\"8\",\"type\":\"1\"},\"22\":{\"text\":\"6\",\"type\":\"1\"},\"23\":{\"text\":\"6\",\"type\":\"1\"},\"24\":{\"text\":\"7\",\"type\":\"1\"}}', 1, '2022-01-03 14:05:31', '2022-01-03 14:05:31'),
(377, 10, 126, 'Z. T. Fomum', 1, 'Niwuzure Mpwemu Yera', 'RW', '{\"16\":{\"text\":\"8\",\"type\":\"1\"},\"20\":{\"text\":\"6\",\"type\":\"1\"},\"22\":{\"text\":\"6\",\"type\":\"1\"},\"23\":{\"text\":\"6\",\"type\":\"1\"},\"24\":{\"text\":\"8\",\"type\":\"1\"}}', 1, '2022-01-03 14:07:30', '2022-02-12 05:00:36'),
(378, 3, 109, 'Z. T. Fomum', 1, 'La Révélation: Une Nécessité!', 'FR', '{\"16\":{\"text\":\"8\",\"type\":\"1\"},\"20\":{\"text\":\"8\",\"type\":\"1\"},\"22\":{\"text\":\"6\",\"type\":\"1\"},\"23\":{\"text\":\"6\",\"type\":\"1\"},\"24\":{\"text\":\"7\",\"type\":\"1\"}}', 1, '2022-01-03 14:08:45', '2022-02-11 17:04:21'),
(379, 9, 148, 'Z.T. Fomum', 1, 'L\'Oeuvre Compléte de Zacharias Tanee Fomum Sur la Prière (volume 1)', 'FR', '{\"16\":{\"text\":\"8\",\"type\":\"1\"},\"20\":{\"text\":\"6\",\"type\":\"1\"},\"22\":{\"text\":\"6\",\"type\":\"1\"},\"23\":{\"text\":\"6\",\"type\":\"1\"},\"24\":{\"text\":\"7\",\"type\":\"1\"}}', 1, '2022-01-03 14:10:32', '2022-01-03 14:10:32'),
(380, 13, 135, 'Z.T. Fomum', 1, 'La Puissance Pour le Service', 'FR', '{\"16\":{\"text\":\"8\",\"type\":\"1\"},\"20\":{\"text\":\"8\",\"type\":\"1\"},\"22\":{\"text\":\"6\",\"type\":\"1\"},\"23\":{\"text\":\"6\",\"type\":\"1\"},\"24\":{\"text\":\"8\",\"type\":\"1\"}}', 1, '2022-01-03 19:09:05', '2022-01-03 19:09:05'),
(381, 3, 102, 'Z. T. Fomum', 1, 'Uguhura N’Imana Kuzima Kwa Misi Yose', 'RW', '{\"16\":{\"text\":\"8\",\"type\":\"1\"},\"20\":{\"text\":\"6\",\"type\":\"1\"},\"22\":{\"text\":\"6\",\"type\":\"1\"},\"23\":{\"text\":\"6\",\"type\":\"1\"},\"24\":{\"text\":\"8\",\"type\":\"1\"}}', 1, '2022-01-03 19:10:59', '2022-02-12 16:54:18'),
(382, 5, 95, 'Z.T. Fomum', 0, 'L’Art de L’Adoration', 'FR', '{\"16\":{\"text\":\"8\",\"type\":\"1\"},\"20\":{\"text\":\"8\",\"type\":\"1\"},\"22\":{\"text\":\"6\",\"type\":\"1\"},\"23\":{\"text\":\"6\",\"type\":\"1\"},\"24\":{\"text\":\"7\",\"type\":\"1\"}}', 1, '2022-01-03 19:12:10', '2022-01-03 19:12:10'),
(383, 10, 179, 'Z.T. Fomum', 0, 'Mourir au Moi de Façon Pratique et la Vie Remplie de L’Esprit', 'FR', '{\"16\":{\"text\":\"8\",\"type\":\"1\"},\"20\":{\"text\":\"8\",\"type\":\"1\"},\"22\":{\"text\":\"6\",\"type\":\"1\"},\"23\":{\"text\":\"6\",\"type\":\"1\"},\"24\":{\"text\":\"6\",\"type\":\"1\"}}', 1, '2022-01-03 19:12:51', '2022-01-03 19:12:51'),
(384, 1, 4, 'Z. T. Fomum', 1, 'Der Weg Der Nachfolge', 'DE', '{\"16\":{\"text\":\"8\",\"type\":\"1\"},\"20\":{\"text\":\"8\",\"type\":\"1\"},\"22\":{\"text\":\"6\",\"type\":\"1\"},\"23\":{\"text\":\"6\",\"type\":\"1\"},\"24\":{\"text\":\"8\",\"type\":\"1\"}}', 1, '2022-01-03 19:14:07', '2022-02-06 16:39:51'),
(385, 16, 214, 'Z. T. Fomum', 0, 'Lola on The Way Of Obedience', 'EN', '{\"16\":{\"text\":\"6\",\"type\":\"1\"},\"20\":{\"text\":\"6\",\"type\":\"1\"},\"22\":{\"text\":\"6\",\"type\":\"1\"},\"23\":{\"text\":\"6\",\"type\":\"1\"},\"24\":{\"text\":\"8\",\"type\":\"1\"}}', 0, '2022-01-03 19:15:44', '2022-02-13 20:54:16'),
(386, 16, 214, 'Z. T. Fomum', 0, 'Lola sur Le Chemin de l’Obéissance', 'FR', '{\"16\":{\"text\":\"8\",\"type\":\"1\"},\"20\":{\"text\":\"8\",\"type\":\"1\"},\"22\":{\"text\":\"6\",\"type\":\"1\"},\"23\":{\"text\":\"6\",\"type\":\"1\"},\"24\":{\"text\":\"8\",\"type\":\"1\"}}', 1, '2022-01-03 19:16:25', '2022-02-13 20:54:16'),
(387, 10, 128, 'Z.T. Fomum', 1, 'Délivrance du Péché de la Gloutonnerie', 'FR', '{\"16\":{\"text\":\"8\",\"type\":\"1\"},\"20\":{\"text\":\"8\",\"type\":\"1\"},\"22\":{\"text\":\"6\",\"type\":\"1\"},\"23\":{\"text\":\"6\",\"type\":\"1\"},\"24\":{\"text\":\"7\",\"type\":\"1\"}}', 1, '2022-01-03 19:17:30', '2022-01-03 19:17:30'),
(388, 17, 175, 'Z.T. Fomum', 0, 'La Vie Remplie de L’Esprit (vol 1)', 'FR', '{\"16\":{\"text\":\"8\",\"type\":\"1\"},\"20\":{\"text\":\"6\",\"type\":\"1\"},\"22\":{\"text\":\"6\",\"type\":\"1\"},\"23\":{\"text\":\"6\",\"type\":\"1\"},\"24\":{\"text\":\"7\",\"type\":\"1\"}}', 1, '2022-01-03 19:18:23', '2022-01-03 19:18:23'),
(389, 13, 129, 'Z.T. Fomum', 0, 'Pensées Révolutionnaires Sur le Leadership Spirituel', 'FR', '{\"16\":{\"text\":\"8\",\"type\":\"1\"},\"20\":{\"text\":\"6\",\"type\":\"1\"},\"22\":{\"text\":\"6\",\"type\":\"1\"},\"23\":{\"text\":\"6\",\"type\":\"1\"},\"24\":{\"text\":\"7\",\"type\":\"1\"}}', 1, '2022-01-03 19:19:49', '2022-01-03 19:19:49'),
(390, 11, 69, 'Z. T. Fomum', 1, 'Развод И Вступление В Повторный Брак', 'RU', '{\"16\":{\"text\":\"8\",\"type\":\"1\"},\"20\":{\"text\":\"6\",\"type\":\"1\"},\"22\":{\"text\":\"6\",\"type\":\"1\"},\"23\":{\"text\":\"6\",\"type\":\"1\"},\"24\":{\"text\":\"8\",\"type\":\"1\"}}', 1, '2022-01-03 19:21:59', '2022-02-12 04:54:12'),
(391, 5, 99, 'Z.T. Fomum', 1, 'La Prière et la Marche Avec Dieu', 'FR', '{\"16\":{\"text\":\"8\",\"type\":\"1\"},\"20\":{\"text\":\"8\",\"type\":\"1\"},\"22\":{\"text\":\"6\",\"type\":\"1\"},\"23\":{\"text\":\"6\",\"type\":\"1\"},\"24\":{\"text\":\"7\",\"type\":\"1\"}}', 1, '2022-01-03 19:23:16', '2022-01-03 19:23:16'),
(392, 19, 168, 'Z.T. Fomum', 1, 'Renversement des Principautes et des Autorités', 'FR', '{\"16\":{\"text\":\"8\",\"type\":\"1\"},\"20\":{\"text\":\"8\",\"type\":\"1\"},\"22\":{\"text\":\"6\",\"type\":\"1\"},\"23\":{\"text\":\"6\",\"type\":\"1\"},\"24\":{\"text\":\"7\",\"type\":\"1\"}}', 1, '2022-01-03 19:24:48', '2022-02-05 20:06:04'),
(393, 12, 47, 'Z.T. Fomum', 1, '\"L’Amour Gagnant: La rescousse, le développement, et l’épanouissement de Marie de Magdala \"', 'FR', '{\"16\":{\"text\":\"8\",\"type\":\"1\"},\"20\":{\"text\":\"8\",\"type\":\"1\"},\"22\":{\"text\":\"6\",\"type\":\"1\"},\"23\":{\"text\":\"6\",\"type\":\"1\"},\"24\":{\"text\":\"6\",\"type\":\"1\"}}', 1, '2022-01-03 19:25:54', '2022-01-03 19:25:54'),
(394, 13, 137, 'Z.T. Fomum', 1, 'Dans le Creuset en Vue du Service', 'FR', '{\"16\":{\"text\":\"8\",\"type\":\"1\"},\"20\":{\"text\":\"8\",\"type\":\"1\"},\"22\":{\"text\":\"6\",\"type\":\"1\"},\"23\":{\"text\":\"6\",\"type\":\"1\"},\"24\":{\"text\":\"6\",\"type\":\"1\"}}', 1, '2022-01-03 19:30:16', '2022-01-03 19:30:16'),
(395, 17, 164, 'Z.T. Fomum', 0, 'L’arôme Spirituel (volume Un)', 'FR', '{\"16\":{\"text\":\"8\",\"type\":\"1\"},\"20\":{\"text\":\"6\",\"type\":\"1\"},\"22\":{\"text\":\"6\",\"type\":\"1\"},\"23\":{\"text\":\"6\",\"type\":\"1\"},\"24\":{\"text\":\"7\",\"type\":\"1\"}}', 1, '2022-01-03 19:30:53', '2022-01-03 19:30:53'),
(396, 11, 72, 'Z.T. Fomum', 1, 'Pensées Révolutionnaires Sur Le Mariage', 'FR', '{\"16\":{\"text\":\"8\",\"type\":\"1\"},\"20\":{\"text\":\"8\",\"type\":\"1\"},\"22\":{\"text\":\"6\",\"type\":\"1\"},\"23\":{\"text\":\"6\",\"type\":\"1\"},\"24\":{\"text\":\"7\",\"type\":\"1\"}}', 1, '2022-01-03 19:32:00', '2022-01-03 19:32:00'),
(397, 9, 159, 'Z.T. Fomum', 1, 'L\'oeuvre Compléte de Zacharias Tanee Fomum Sur le Mariage', 'FR', '{\"16\":{\"text\":\"8\",\"type\":\"1\"},\"20\":{\"text\":\"6\",\"type\":\"1\"},\"22\":{\"text\":\"6\",\"type\":\"1\"},\"23\":{\"text\":\"6\",\"type\":\"1\"},\"24\":{\"text\":\"7\",\"type\":\"1\"}}', 1, '2022-01-03 19:35:55', '2022-01-03 19:35:55'),
(398, 6, 65, 'Z. T. Fomum', 1, 'Der Ruhm: Eine Maske', 'DE', '{\"16\":{\"text\":\"8\",\"type\":\"1\"},\"20\":{\"text\":\"8\",\"type\":\"1\"},\"22\":{\"text\":\"6\",\"type\":\"1\"},\"23\":{\"text\":\"6\",\"type\":\"1\"},\"24\":{\"text\":\"8\",\"type\":\"1\"}}', 1, '2022-01-03 19:37:44', '2022-02-12 04:49:44'),
(399, 12, 46, 'Z. T. Fomum', 1, 'L’Intimité Infinie: La Transformation, Les Choix, et le Débordement de Marie de Béthanie', 'FR', '{\"16\":{\"text\":\"8\",\"type\":\"1\"},\"20\":{\"text\":\"8\",\"type\":\"1\"},\"22\":{\"text\":\"6\",\"type\":\"1\"},\"23\":{\"text\":\"6\",\"type\":\"1\"},\"24\":{\"text\":\"7\",\"type\":\"1\"}}', 1, '2022-01-03 19:39:24', '2022-02-12 04:52:11'),
(401, 10, 172, 'Z.T. Fomum', 1, 'La Conscience du Croyant', 'FR', '{\"16\":{\"text\":\"8\",\"type\":\"1\"},\"20\":{\"text\":\"8\",\"type\":\"1\"},\"22\":{\"text\":\"6\",\"type\":\"1\"},\"23\":{\"text\":\"6\",\"type\":\"1\"},\"24\":{\"text\":\"7\",\"type\":\"1\"}}', 1, '2022-01-03 19:42:13', '2022-01-03 19:42:13'),
(402, 17, 215, 'Z. T. Fomum', 1, 'Children in God\'s Eternal Purposes', 'EN', '{\"16\":{\"text\":\"6\",\"type\":\"1\"},\"20\":{\"text\":\"6\",\"type\":\"1\"},\"22\":{\"text\":\"6\",\"type\":\"1\"},\"23\":{\"text\":\"6\",\"type\":\"1\"},\"24\":{\"text\":\"6\",\"type\":\"1\"}}', 0, '2022-01-03 19:43:48', '2022-02-19 01:13:16'),
(403, 17, 171, 'Z.T. Fomum', 0, 'Les Dispositions de Victoire', 'FR', '{\"16\":{\"text\":\"8\",\"type\":\"1\"},\"20\":{\"text\":\"8\",\"type\":\"1\"},\"22\":{\"text\":\"6\",\"type\":\"1\"},\"23\":{\"text\":\"6\",\"type\":\"1\"},\"24\":{\"text\":\"7\",\"type\":\"1\"}}', 1, '2022-01-03 19:45:10', '2022-01-03 19:45:10'),
(404, 3, 120, 'Z. T. Fomum', 1, 'Le Vainqueur en Tant Que Serviteur de L’homme', 'FR', '{\"16\":{\"text\":\"8\",\"type\":\"1\"},\"20\":{\"text\":\"8\",\"type\":\"1\"},\"22\":{\"text\":\"6\",\"type\":\"1\"},\"23\":{\"text\":\"6\",\"type\":\"1\"},\"24\":{\"text\":\"7\",\"type\":\"1\"}}', 1, '2022-01-03 19:46:17', '2022-02-11 17:09:10'),
(405, 3, 121, 'Z. T. Fomum', 1, 'Qui est Réellement Disciple du Seigneur Jesus ?', 'FR', '{\"16\":{\"text\":\"8\",\"type\":\"1\"},\"20\":{\"text\":\"8\",\"type\":\"1\"},\"22\":{\"text\":\"8\",\"type\":\"1\"},\"23\":{\"text\":\"6\",\"type\":\"1\"},\"24\":{\"text\":\"6\",\"type\":\"1\"}}', 1, '2022-01-03 19:47:21', '2022-02-12 05:20:00'),
(406, 6, 38, 'Z. T. Fomum', 1, 'Reviens à la maison mon fils, Je t’aime toujours', 'FR', '{\"16\":{\"text\":\"8\",\"type\":\"1\"},\"20\":{\"text\":\"8\",\"type\":\"1\"},\"22\":{\"text\":\"6\",\"type\":\"1\"},\"23\":{\"text\":\"6\",\"type\":\"1\"},\"24\":{\"text\":\"7\",\"type\":\"1\"}}', 1, '2022-01-03 19:49:48', '2022-02-11 17:15:18'),
(407, 10, 127, 'Z. T. Fomum', 1, 'La Puissance du Saint-Esprit dans la Conquête des Perdus a Christ', 'FR', '{\"16\":{\"text\":\"8\",\"type\":\"1\"},\"20\":{\"text\":\"8\",\"type\":\"1\"},\"22\":{\"text\":\"6\",\"type\":\"1\"},\"23\":{\"text\":\"6\",\"type\":\"1\"},\"24\":{\"text\":\"7\",\"type\":\"1\"}}', 1, '2022-01-03 19:50:32', '2022-02-12 04:59:41'),
(408, 6, 45, 'Z. T. Fomum', 1, 'Viens et Vois ! Jésus N’a Pas Changé !!', 'FR', '{\"16\":{\"text\":\"8\",\"type\":\"1\"},\"20\":{\"text\":\"8\",\"type\":\"1\"},\"22\":{\"text\":\"6\",\"type\":\"1\"},\"23\":{\"text\":\"6\",\"type\":\"1\"},\"24\":{\"text\":\"7\",\"type\":\"1\"}}', 1, '2022-01-03 19:52:24', '2022-02-11 17:38:56'),
(409, 5, 92, 'Z. T. Fomum', 1, 'Pensées Révolutionnaires Sur La Prière (Volume 2)', 'FR', '{\"16\":{\"text\":\"8\",\"type\":\"1\"},\"20\":{\"text\":\"6\",\"type\":\"1\"},\"22\":{\"text\":\"6\",\"type\":\"1\"},\"23\":{\"text\":\"6\",\"type\":\"1\"},\"24\":{\"text\":\"7\",\"type\":\"1\"}}', 1, '2022-01-03 19:53:42', '2022-02-12 15:35:38'),
(410, 18, 190, 'T. W. Andoseh', 2, 'Ce Qu’est Notre Ministére', 'FR', '{\"16\":{\"text\":\"8\",\"type\":\"1\"},\"20\":{\"text\":\"6\",\"type\":\"1\"},\"22\":{\"text\":\"6\",\"type\":\"1\"},\"23\":{\"text\":\"6\",\"type\":\"1\"},\"24\":{\"text\":\"7\",\"type\":\"1\"}}', 1, '2022-01-03 19:56:36', '2022-01-03 19:56:36'),
(411, 8, 54, 'Z. T. Fomum', 0, 'De Ses Lèvres: à Propos de Ses Co-Ouvriers', 'FR', '{\"16\":{\"text\":\"8\",\"type\":\"1\"},\"20\":{\"text\":\"8\",\"type\":\"1\"},\"22\":{\"text\":\"6\",\"type\":\"1\"},\"23\":{\"text\":\"6\",\"type\":\"1\"},\"24\":{\"text\":\"8\",\"type\":\"1\"}}', 1, '2022-01-03 19:59:37', '2022-01-19 07:52:33'),
(412, 17, 216, 'Z.T. Fomum', 0, 'The Narrow Way (Vol 1)', 'EN', '{\"16\":{\"text\":\"6\",\"type\":\"1\"},\"20\":{\"text\":\"6\",\"type\":\"1\"},\"22\":{\"text\":\"6\",\"type\":\"1\"},\"23\":{\"text\":\"6\",\"type\":\"1\"},\"24\":{\"text\":\"11\",\"type\":\"1\"}}', 0, '2022-01-04 02:54:42', '2022-01-04 02:54:42'),
(413, 17, 217, 'Z.T. Fomum', 0, 'Spiritual Fragrance (Volume 2)', 'EN', '{\"16\":{\"text\":\"6\",\"type\":\"1\"},\"20\":{\"text\":\"6\",\"type\":\"1\"},\"22\":{\"text\":\"6\",\"type\":\"1\"},\"23\":{\"text\":\"6\",\"type\":\"1\"},\"24\":{\"text\":\"11\",\"type\":\"1\"}}', 0, '2022-01-04 02:56:15', '2022-01-04 02:56:15'),
(414, 17, 218, 'Z. T. Fomum', 1, 'A Successful Ministry', 'EN', '{\"16\":{\"text\":\"6\",\"type\":\"1\"},\"20\":{\"text\":\"6\",\"type\":\"1\"},\"22\":{\"text\":\"6\",\"type\":\"1\"},\"23\":{\"text\":\"6\",\"type\":\"1\"},\"24\":{\"text\":\"11\",\"type\":\"1\"}}', 0, '2022-01-04 02:58:05', '2022-02-19 01:12:26'),
(415, 5, 219, 'Z. T. Fomum', 1, 'Revolutionary Thoughts on Fasting (Vol 1)', 'EN', '{\"16\":{\"text\":\"6\",\"type\":\"1\"},\"20\":{\"text\":\"6\",\"type\":\"1\"},\"22\":{\"text\":\"6\",\"type\":\"1\"},\"23\":{\"text\":\"6\",\"type\":\"1\"},\"24\":{\"text\":\"10\",\"type\":\"1\"}}', 0, '2022-01-04 03:00:05', '2022-01-09 05:19:54'),
(416, 5, 220, 'Z.T. Fomum', 0, 'Prevailing in prayer Through Importunity', 'EN', '{\"16\":{\"text\":\"6\",\"type\":\"1\"},\"20\":{\"text\":\"6\",\"type\":\"1\"},\"22\":{\"text\":\"6\",\"type\":\"1\"},\"23\":{\"text\":\"6\",\"type\":\"1\"},\"24\":{\"text\":\"10\",\"type\":\"1\"}}', 0, '2022-01-04 03:01:41', '2022-01-04 03:01:41'),
(417, 17, 221, 'Z.T. Fomum', 0, 'The Narrow Way (Vol 2)', 'EN', '{\"16\":{\"text\":\"6\",\"type\":\"1\"},\"20\":{\"text\":\"6\",\"type\":\"1\"},\"22\":{\"text\":\"6\",\"type\":\"1\"},\"23\":{\"text\":\"6\",\"type\":\"1\"},\"24\":{\"text\":\"11\",\"type\":\"1\"}}', 0, '2022-01-04 03:02:37', '2022-01-04 14:57:38'),
(418, 17, 222, 'Z.T. Fomum', 0, 'Praying for the making of a disciple of Jesus Christ', 'EN', '{\"16\":{\"text\":\"6\",\"type\":\"1\"},\"20\":{\"text\":\"6\",\"type\":\"1\"},\"22\":{\"text\":\"6\",\"type\":\"1\"},\"23\":{\"text\":\"6\",\"type\":\"1\"},\"24\":{\"text\":\"11\",\"type\":\"1\"}}', 0, '2022-01-04 03:04:00', '2022-01-04 03:04:00'),
(419, 8, 56, NULL, 0, 'De Ses Lèvres: Sur Notre Ministère', 'FR', '{\"16\":{\"text\":\"8\",\"type\":\"1\"},\"20\":{\"text\":\"6\",\"type\":\"1\"},\"22\":{\"text\":\"6\",\"type\":\"1\"},\"23\":{\"text\":\"6\",\"type\":\"1\"},\"24\":{\"text\":\"8\",\"type\":\"1\"}}', 1, '2022-01-07 22:21:18', '2022-01-07 22:21:18'),
(420, 8, 55, NULL, 0, 'De ses lèvres: de Retour de ses Mission', 'FR', '{\"16\":{\"text\":\"7\",\"type\":\"1\"},\"20\":{\"text\":\"6\",\"type\":\"1\"},\"22\":{\"text\":\"6\",\"type\":\"1\"},\"23\":{\"text\":\"6\",\"type\":\"1\"},\"24\":{\"text\":\"8\",\"type\":\"1\"}}', 1, '2022-01-07 22:23:21', '2022-01-07 22:23:21'),
(421, 11, 67, 'Z. T. Fomum', 1, 'Die Wahl Deines Ehepartners Geniessen', 'DE', '{\"16\":{\"text\":\"6\",\"type\":\"1\"},\"20\":{\"text\":\"8\",\"type\":\"1\"},\"22\":{\"text\":\"6\",\"type\":\"1\"},\"23\":{\"text\":\"6\",\"type\":\"1\"},\"24\":{\"text\":\"8\",\"type\":\"1\"}}', 1, '2022-01-08 01:39:51', '2022-02-12 04:53:21'),
(422, 3, 102, 'Z. T. Fomum', 1, 'Diarios Encuentros Dinámicos Con Dieus', 'ES', '{\"16\":{\"text\":\"6\",\"type\":\"1\"},\"20\":{\"text\":\"6\",\"type\":\"1\"},\"22\":{\"text\":\"6\",\"type\":\"1\"},\"23\":{\"text\":\"6\",\"type\":\"1\"},\"24\":{\"text\":\"7\",\"type\":\"1\"}}', 1, '2022-01-08 01:46:17', '2022-02-12 16:54:18'),
(423, 17, 51, 'Z. T. Fomum', 1, 'Guarigione Interiore', 'IT', '{\"16\":{\"text\":\"8\",\"type\":\"1\"},\"20\":{\"text\":\"8\",\"type\":\"1\"},\"22\":{\"text\":\"6\",\"type\":\"1\"},\"23\":{\"text\":\"6\",\"type\":\"1\"},\"24\":{\"text\":\"8\",\"type\":\"1\"}}', 1, '2022-01-08 01:50:55', '2022-02-05 19:07:17'),
(424, 18, 212, NULL, 0, 'Conserver la Moisson', 'FR', '{\"16\":{\"text\":\"8\",\"type\":\"1\"},\"20\":{\"text\":\"8\",\"type\":\"1\"},\"22\":{\"text\":\"6\",\"type\":\"1\"},\"23\":{\"text\":\"6\",\"type\":\"1\"},\"24\":{\"text\":\"8\",\"type\":\"1\"}}', 1, '2022-01-08 16:00:26', '2022-01-08 16:00:26'),
(425, 18, 223, 'T. W. Andoseh', 2, 'The House Church in God\'s Eternal Purposes', 'EN', '{\"16\":{\"text\":\"8\",\"type\":\"1\"},\"20\":{\"text\":\"8\",\"type\":\"1\"},\"22\":{\"text\":\"6\",\"type\":\"1\"},\"23\":{\"text\":\"6\",\"type\":\"1\"},\"24\":{\"text\":\"13\",\"type\":\"1\"}}', 0, '2022-01-08 16:06:54', '2022-01-08 16:06:54'),
(426, 18, 224, 'T. W. Andoseh', 2, 'Disciple of Jesus Christ to make Disciples for Jesus Christ', 'EN', '{\"16\":{\"text\":\"8\",\"type\":\"1\"},\"20\":{\"text\":\"8\",\"type\":\"1\"},\"22\":{\"text\":\"7\",\"type\":\"1\"},\"23\":{\"text\":\"6\",\"type\":\"1\"},\"24\":{\"text\":\"8\",\"type\":\"1\"}}', 0, '2022-01-08 16:08:20', '2022-02-15 11:39:34'),
(427, 18, 225, 'T. W. Andoseh', 2, 'Removing Obstacles Through Prayer and Fasting', 'EN', '{\"16\":{\"text\":\"8\",\"type\":\"1\"},\"20\":{\"text\":\"8\",\"type\":\"1\"},\"22\":{\"text\":\"6\",\"type\":\"1\"},\"23\":{\"text\":\"6\",\"type\":\"1\"},\"24\":{\"text\":\"11\",\"type\":\"1\"}}', 0, '2022-01-08 16:10:26', '2022-01-20 04:35:16'),
(428, 13, 174, NULL, 0, 'Stratégies d’implantation d’église', 'FR', '{\"16\":{\"text\":\"6\",\"type\":\"1\"},\"20\":{\"text\":\"6\",\"type\":\"1\"},\"22\":{\"text\":\"6\",\"type\":\"1\"},\"23\":{\"text\":\"6\",\"type\":\"1\"},\"24\":{\"text\":\"7\",\"type\":\"1\"}}', 1, '2022-01-09 04:50:26', '2022-01-09 04:50:26'),
(429, 6, 226, 'Z. T. Fomum', 1, 'Effective soul winning', 'EN', '{\"16\":{\"text\":\"6\",\"type\":\"1\"},\"20\":{\"text\":\"6\",\"type\":\"1\"},\"22\":{\"text\":\"6\",\"type\":\"1\"},\"23\":{\"text\":\"6\",\"type\":\"1\"},\"24\":{\"text\":\"6\",\"type\":\"1\"}}', 0, '2022-01-09 04:54:04', '2022-02-12 04:50:16'),
(430, 6, 66, NULL, 0, 'Rencontre le Sauveur', 'FR', '{\"16\":{\"text\":\"6\",\"type\":\"1\"},\"20\":{\"text\":\"6\",\"type\":\"1\"},\"22\":{\"text\":\"6\",\"type\":\"1\"},\"23\":{\"text\":\"6\",\"type\":\"1\"},\"24\":{\"text\":\"7\",\"type\":\"1\"}}', 1, '2022-01-09 04:55:19', '2022-01-09 04:55:19'),
(431, 5, 200, 'Z. T. Fomum', 0, 'Priez sans cesse', 'FR', '{\"16\":{\"text\":\"6\",\"type\":\"1\"},\"20\":{\"text\":\"6\",\"type\":\"1\"},\"22\":{\"text\":\"6\",\"type\":\"1\"},\"23\":{\"text\":\"6\",\"type\":\"1\"},\"24\":{\"text\":\"7\",\"type\":\"1\"}}', 1, '2022-01-09 05:11:58', '2022-01-27 16:44:58'),
(432, 5, 101, NULL, 0, 'La prière et la sainteté', 'FR', '{\"16\":{\"text\":\"6\",\"type\":\"1\"},\"20\":{\"text\":\"6\",\"type\":\"1\"},\"22\":{\"text\":\"6\",\"type\":\"1\"},\"23\":{\"text\":\"6\",\"type\":\"1\"},\"24\":{\"text\":\"7\",\"type\":\"1\"}}', 1, '2022-01-09 05:13:15', '2022-01-09 05:13:15'),
(433, 13, 227, 'Z. T. Fomum', 1, 'Precipitating spiritual results', 'EN', '{\"16\":{\"text\":\"6\",\"type\":\"1\"},\"20\":{\"text\":\"6\",\"type\":\"1\"},\"22\":{\"text\":\"6\",\"type\":\"1\"},\"23\":{\"text\":\"6\",\"type\":\"1\"},\"24\":{\"text\":\"10\",\"type\":\"1\"}}', 0, '2022-01-09 05:15:40', '2022-02-18 11:51:23'),
(434, 13, 187, NULL, 0, 'Qualifications pour servir dans l\'Évangile', 'FR', '{\"16\":{\"text\":\"6\",\"type\":\"1\"},\"20\":{\"text\":\"6\",\"type\":\"1\"},\"22\":{\"text\":\"6\",\"type\":\"1\"},\"23\":{\"text\":\"6\",\"type\":\"1\"},\"24\":{\"text\":\"7\",\"type\":\"1\"}}', 1, '2022-01-09 05:18:35', '2022-01-09 05:18:35'),
(435, 5, 219, NULL, 0, 'Pensées révolutionnaires sur le jeûne – Volume 1', 'FR', '{\"16\":{\"text\":\"6\",\"type\":\"1\"},\"20\":{\"text\":\"6\",\"type\":\"1\"},\"22\":{\"text\":\"6\",\"type\":\"1\"},\"23\":{\"text\":\"6\",\"type\":\"1\"},\"24\":{\"text\":\"7\",\"type\":\"1\"}}', 1, '2022-01-09 05:20:24', '2022-01-09 05:20:24'),
(436, 13, 192, NULL, 0, 'Le leadership spirituel – Modèle de David', 'FR', '{\"16\":{\"text\":\"6\",\"type\":\"1\"},\"20\":{\"text\":\"6\",\"type\":\"1\"},\"22\":{\"text\":\"6\",\"type\":\"1\"},\"23\":{\"text\":\"6\",\"type\":\"1\"},\"24\":{\"text\":\"7\",\"type\":\"1\"}}', 1, '2022-01-09 05:27:51', '2022-01-09 05:27:51'),
(437, 17, 176, NULL, 0, 'L\'église : droits et responsabilités du croyant', 'FR', '{\"16\":{\"text\":\"6\",\"type\":\"1\"},\"20\":{\"text\":\"6\",\"type\":\"1\"},\"22\":{\"text\":\"6\",\"type\":\"1\"},\"23\":{\"text\":\"6\",\"type\":\"1\"},\"24\":{\"text\":\"7\",\"type\":\"1\"}}', 1, '2022-01-09 05:30:45', '2022-01-09 05:30:45'),
(438, 17, 228, 'Z. T. Fomum', 1, 'The Holy spirit our power', 'EN', '{\"16\":{\"text\":\"6\",\"type\":\"1\"},\"20\":{\"text\":\"6\",\"type\":\"1\"},\"22\":{\"text\":\"6\",\"type\":\"1\"},\"23\":{\"text\":\"6\",\"type\":\"1\"},\"24\":{\"text\":\"10\",\"type\":\"1\"}}', 0, '2022-01-09 05:33:18', '2022-02-18 11:52:23'),
(439, 5, 90, 'Z. T. Fomum', 1, 'Pensées Révolutionnaires Sur La Prière (Vol 1)', 'FR', '{\"16\":{\"text\":\"6\",\"type\":\"1\"},\"20\":{\"text\":\"6\",\"type\":\"1\"},\"22\":{\"text\":\"6\",\"type\":\"1\"},\"23\":{\"text\":\"6\",\"type\":\"1\"},\"24\":{\"text\":\"7\",\"type\":\"1\"}}', 1, '2022-01-09 06:20:33', '2022-02-18 15:31:59'),
(440, 5, 94, NULL, 0, 'Pensées Révolutionnaires Sur la Prière (Vol 3)', 'FR', '{\"16\":{\"text\":\"6\",\"type\":\"1\"},\"20\":{\"text\":\"6\",\"type\":\"1\"},\"22\":{\"text\":\"6\",\"type\":\"1\"},\"23\":{\"text\":\"6\",\"type\":\"1\"},\"24\":{\"text\":\"7\",\"type\":\"1\"}}', 1, '2022-01-09 06:21:12', '2022-01-09 06:21:12'),
(441, 5, 96, 'Z. T. Fomum', 1, 'Pensées Révolutionnaires Sur la Prière (Vol 4)', 'FR', '{\"16\":{\"text\":\"6\",\"type\":\"1\"},\"20\":{\"text\":\"6\",\"type\":\"1\"},\"22\":{\"text\":\"6\",\"type\":\"1\"},\"23\":{\"text\":\"6\",\"type\":\"1\"},\"24\":{\"text\":\"6\",\"type\":\"1\"}}', 1, '2022-01-09 06:21:40', '2022-02-12 05:02:26'),
(442, 5, 97, NULL, 0, 'Pensées Révolutionnaires Sur la Prière (Vol 5)', 'FR', '{\"16\":{\"text\":\"6\",\"type\":\"1\"},\"20\":{\"text\":\"6\",\"type\":\"1\"},\"22\":{\"text\":\"6\",\"type\":\"1\"},\"23\":{\"text\":\"6\",\"type\":\"1\"},\"24\":{\"text\":\"7\",\"type\":\"1\"}}', 1, '2022-01-09 06:22:15', '2022-01-09 06:22:15'),
(443, 6, 63, 'Z. T. Fomum', 1, 'Le gagnement des âmes (Vol 1)', 'FR', '{\"16\":{\"text\":\"6\",\"type\":\"1\"},\"20\":{\"text\":\"6\",\"type\":\"1\"},\"22\":{\"text\":\"6\",\"type\":\"1\"},\"23\":{\"text\":\"6\",\"type\":\"1\"},\"24\":{\"text\":\"7\",\"type\":\"1\"}}', 1, '2022-01-09 06:30:04', '2022-02-11 17:39:39'),
(444, 6, 64, 'Z. T. Fomum', 1, 'Le gagnement des âmes (Vol 2)', 'FR', '{\"16\":{\"text\":\"6\",\"type\":\"1\"},\"20\":{\"text\":\"6\",\"type\":\"1\"},\"22\":{\"text\":\"6\",\"type\":\"1\"},\"23\":{\"text\":\"6\",\"type\":\"1\"},\"24\":{\"text\":\"7\",\"type\":\"1\"}}', 1, '2022-01-09 06:30:55', '2022-02-11 17:39:56'),
(445, 5, 160, NULL, 0, 'Croisades de prière  (Volume 01) : Une fondation posée 1 (1987)', 'FR', '{\"16\":{\"text\":\"6\",\"type\":\"1\"},\"20\":{\"text\":\"6\",\"type\":\"1\"},\"22\":{\"text\":\"6\",\"type\":\"1\"},\"23\":{\"text\":\"6\",\"type\":\"1\"},\"24\":{\"text\":\"7\",\"type\":\"1\"}}', 1, '2022-01-09 06:32:44', '2022-01-09 06:32:44'),
(446, 5, 203, NULL, 0, 'Croisades de prière  (Volume 3)', 'FR', '{\"16\":{\"text\":\"6\",\"type\":\"1\"},\"20\":{\"text\":\"6\",\"type\":\"1\"},\"22\":{\"text\":\"6\",\"type\":\"1\"},\"23\":{\"text\":\"6\",\"type\":\"1\"},\"24\":{\"text\":\"7\",\"type\":\"1\"}}', 1, '2022-01-09 06:33:30', '2022-01-09 06:33:30'),
(447, 13, 134, NULL, 0, 'Les lois du leadership spirituel', 'FR', '{\"16\":{\"text\":\"6\",\"type\":\"1\"},\"20\":{\"text\":\"6\",\"type\":\"1\"},\"22\":{\"text\":\"6\",\"type\":\"1\"},\"23\":{\"text\":\"6\",\"type\":\"1\"},\"24\":{\"text\":\"7\",\"type\":\"1\"}}', 1, '2022-01-09 06:35:40', '2022-01-09 06:35:40'),
(448, 13, 49, NULL, 0, 'Diriger une église locale (Volume 1)', 'FR', '{\"16\":{\"text\":\"6\",\"type\":\"1\"},\"20\":{\"text\":\"6\",\"type\":\"1\"},\"22\":{\"text\":\"6\",\"type\":\"1\"},\"23\":{\"text\":\"6\",\"type\":\"1\"},\"24\":{\"text\":\"7\",\"type\":\"1\"}}', 1, '2022-01-09 06:36:31', '2022-01-09 06:36:31'),
(449, 13, 130, NULL, 0, 'Diriger le peuple de Dieu (Leadership spirituel selon le modèle de Moïse)', 'FR', '{\"16\":{\"text\":\"6\",\"type\":\"1\"},\"20\":{\"text\":\"6\",\"type\":\"1\"},\"22\":{\"text\":\"6\",\"type\":\"1\"},\"23\":{\"text\":\"6\",\"type\":\"1\"},\"24\":{\"text\":\"7\",\"type\":\"1\"}}', 1, '2022-01-09 06:37:19', '2022-01-09 06:37:19'),
(450, 5, 98, NULL, 0, 'Apprendre à importuner dans la prière', 'FR', '{\"16\":{\"text\":\"6\",\"type\":\"1\"},\"20\":{\"text\":\"6\",\"type\":\"1\"},\"22\":{\"text\":\"6\",\"type\":\"1\"},\"23\":{\"text\":\"6\",\"type\":\"1\"},\"24\":{\"text\":\"7\",\"type\":\"1\"}}', 1, '2022-01-09 06:38:41', '2022-01-09 06:38:41'),
(451, 17, 180, 'Z. T. Fomum', 0, 'Connaître et servir Dieu (Volume 2)', 'FR', '{\"16\":{\"text\":\"6\",\"type\":\"1\"},\"20\":{\"text\":\"6\",\"type\":\"1\"},\"22\":{\"text\":\"6\",\"type\":\"1\"},\"23\":{\"text\":\"6\",\"type\":\"1\"},\"24\":{\"text\":\"6\",\"type\":\"1\"}}', 1, '2022-01-09 06:40:25', '2022-02-20 05:43:51'),
(452, 17, 215, 'Z. T. Fomum', 1, 'Les Enfants Dans Les Desseins Éternels de Dieu', 'FR', '{\"16\":{\"text\":\"8\",\"type\":\"1\"},\"20\":{\"text\":\"8\",\"type\":\"1\"},\"22\":{\"text\":\"6\",\"type\":\"1\"},\"23\":{\"text\":\"6\",\"type\":\"1\"},\"24\":{\"text\":\"7\",\"type\":\"1\"}}', 1, '2022-01-09 06:43:27', '2022-02-19 01:13:16'),
(453, 6, 40, NULL, 0, 'Rencontre le Libérateur', 'FR', '{\"16\":{\"text\":\"6\",\"type\":\"1\"},\"20\":{\"text\":\"6\",\"type\":\"1\"},\"22\":{\"text\":\"6\",\"type\":\"1\"},\"23\":{\"text\":\"6\",\"type\":\"1\"},\"24\":{\"text\":\"7\",\"type\":\"1\"}}', 1, '2022-01-09 06:44:23', '2022-01-09 06:44:23'),
(454, 17, 217, NULL, 0, 'L\'arôme spirituel (volume 2)', 'FR', '{\"16\":{\"text\":\"6\",\"type\":\"1\"},\"20\":{\"text\":\"6\",\"type\":\"1\"},\"22\":{\"text\":\"6\",\"type\":\"1\"},\"23\":{\"text\":\"6\",\"type\":\"1\"},\"24\":{\"text\":\"7\",\"type\":\"1\"}}', 1, '2022-01-09 06:48:34', '2022-01-09 06:48:34'),
(455, 13, 186, 'Z. T. Fomum', 1, 'Les qualifications d\'un missionnaire', 'FR', '{\"16\":{\"text\":\"6\",\"type\":\"1\"},\"20\":{\"text\":\"6\",\"type\":\"1\"},\"22\":{\"text\":\"6\",\"type\":\"1\"},\"23\":{\"text\":\"6\",\"type\":\"1\"},\"24\":{\"text\":\"7\",\"type\":\"1\"}}', 1, '2022-01-09 06:51:21', '2022-02-11 17:41:39'),
(456, 17, 163, NULL, 0, 'Bénédictions et malédictions', 'FR', '{\"16\":{\"text\":\"6\",\"type\":\"1\"},\"20\":{\"text\":\"6\",\"type\":\"1\"},\"22\":{\"text\":\"6\",\"type\":\"1\"},\"23\":{\"text\":\"6\",\"type\":\"1\"},\"24\":{\"text\":\"7\",\"type\":\"1\"}}', 1, '2022-01-09 06:52:36', '2022-01-09 06:52:36'),
(457, 17, 182, NULL, 0, 'Esther : études sur le livre d\'Esther', 'FR', '{\"16\":{\"text\":\"6\",\"type\":\"1\"},\"20\":{\"text\":\"6\",\"type\":\"1\"},\"22\":{\"text\":\"6\",\"type\":\"1\"},\"23\":{\"text\":\"6\",\"type\":\"1\"},\"24\":{\"text\":\"7\",\"type\":\"1\"}}', 1, '2022-01-09 06:53:43', '2022-01-09 06:53:43'),
(458, 17, 177, NULL, 0, 'Dieu, l’argent et toi', 'FR', '{\"16\":{\"text\":\"6\",\"type\":\"1\"},\"20\":{\"text\":\"6\",\"type\":\"1\"},\"22\":{\"text\":\"6\",\"type\":\"1\"},\"23\":{\"text\":\"6\",\"type\":\"1\"},\"24\":{\"text\":\"7\",\"type\":\"1\"}}', 1, '2022-01-09 06:54:19', '2022-01-09 06:54:19'),
(459, 13, 229, 'Z. T. Fomum', 1, 'Jesus, our model', 'EN', '{\"16\":{\"text\":\"6\",\"type\":\"1\"},\"20\":{\"text\":\"6\",\"type\":\"1\"},\"22\":{\"text\":\"6\",\"type\":\"1\"},\"23\":{\"text\":\"6\",\"type\":\"1\"},\"24\":{\"text\":\"10\",\"type\":\"1\"}}', 0, '2022-01-09 06:56:05', '2022-02-18 11:51:38'),
(460, 10, 123, NULL, 0, 'Le semeur, la semence et les coeurs des hommes', 'FR', '{\"16\":{\"text\":\"8\",\"type\":\"1\"},\"20\":{\"text\":\"8\",\"type\":\"1\"},\"22\":{\"text\":\"6\",\"type\":\"1\"},\"23\":{\"text\":\"6\",\"type\":\"1\"},\"24\":{\"text\":\"7\",\"type\":\"1\"}}', 1, '2022-01-09 06:58:12', '2022-01-09 06:58:12'),
(461, 11, 70, 'Z. T. Fomum', 1, 'Un mariage réussi – le chef d’oeuvre du mari', 'FR', '{\"16\":{\"text\":\"8\",\"type\":\"1\"},\"20\":{\"text\":\"8\",\"type\":\"1\"},\"22\":{\"text\":\"6\",\"type\":\"1\"},\"23\":{\"text\":\"6\",\"type\":\"1\"},\"24\":{\"text\":\"7\",\"type\":\"1\"}}', 1, '2022-01-09 07:01:56', '2022-02-11 17:43:11'),
(462, 17, 52, 'Z. T. Fomum', 1, 'Aucun échec n\'a besoin d\'être final', 'FR', '{\"16\":{\"text\":\"8\",\"type\":\"1\"},\"20\":{\"text\":\"8\",\"type\":\"1\"},\"22\":{\"text\":\"8\",\"type\":\"1\"},\"23\":{\"text\":\"6\",\"type\":\"1\"},\"24\":{\"text\":\"6\",\"type\":\"1\"}}', 1, '2022-01-09 07:03:50', '2022-02-05 19:07:44'),
(463, 17, 173, 'Z. T. Fomum', 1, 'Les Processus de la Foi', 'FR', '{\"16\":{\"text\":\"6\",\"type\":\"1\"},\"20\":{\"text\":\"6\",\"type\":\"1\"},\"22\":{\"text\":\"6\",\"type\":\"1\"},\"23\":{\"text\":\"6\",\"type\":\"1\"},\"24\":{\"text\":\"7\",\"type\":\"1\"}}', 1, '2022-01-09 07:04:58', '2022-01-18 14:13:03'),
(464, 18, 224, 'T. W. Andoseh', 2, 'Des Disciples de Jésus-Christ Pour Faire des Disciples Pour Jésus-Christ', 'FR', '{\"16\":{\"text\":\"8\",\"type\":\"1\"},\"20\":{\"text\":\"8\",\"type\":\"1\"},\"22\":{\"text\":\"6\",\"type\":\"1\"},\"23\":{\"text\":\"6\",\"type\":\"1\"},\"24\":{\"text\":\"8\",\"type\":\"1\"}}', 1, '2022-01-09 07:06:19', '2022-02-15 11:39:34'),
(465, 3, 1, 'Z. T. Fomum', 1, 'Discipulado Custe O Que Custar', 'PT', '{\"16\":{\"text\":\"8\",\"type\":\"1\"},\"20\":{\"text\":\"8\",\"type\":\"1\"},\"22\":{\"text\":\"6\",\"type\":\"1\"},\"23\":{\"text\":\"6\",\"type\":\"1\"},\"24\":{\"text\":\"8\",\"type\":\"1\"}}', 1, '2022-01-09 23:20:27', '2022-02-10 23:55:01'),
(466, 3, 112, 'Z. T. Fomum', 1, 'Du kannst ein reines Herz erhalten', 'DE', '{\"16\":{\"text\":\"6\",\"type\":\"1\"},\"20\":{\"text\":\"6\",\"type\":\"1\"},\"22\":{\"text\":\"6\",\"type\":\"1\"},\"23\":{\"text\":\"6\",\"type\":\"1\"},\"24\":{\"text\":\"6\",\"type\":\"1\"}}', 1, '2022-01-19 20:00:49', '2022-02-12 05:02:58'),
(467, 1, 26, NULL, 0, 'Der	Weg der Heiligung', 'DE', '{\"16\":{\"text\":\"6\",\"type\":\"1\"},\"20\":{\"text\":\"6\",\"type\":\"1\"},\"22\":{\"text\":\"6\",\"type\":\"1\"},\"23\":{\"text\":\"6\",\"type\":\"1\"},\"24\":{\"text\":\"6\",\"type\":\"1\"}}', 1, '2022-01-19 20:06:33', '2022-02-07 02:50:19'),
(468, 1, 28, NULL, 0, 'Der	Weg des christlichen Charakters', 'DE', '{\"16\":{\"text\":\"6\",\"type\":\"1\"},\"20\":{\"text\":\"6\",\"type\":\"1\"},\"22\":{\"text\":\"6\",\"type\":\"1\"},\"23\":{\"text\":\"6\",\"type\":\"1\"},\"24\":{\"text\":\"6\",\"type\":\"1\"}}', 1, '2022-01-19 20:10:02', '2022-01-19 20:10:02'),
(469, 1, 29, 'Z. T. Fomum', 1, 'Der	Weg der geistlichen Kraft', 'DE', '{\"16\":{\"text\":\"6\",\"type\":\"1\"},\"20\":{\"text\":\"6\",\"type\":\"1\"},\"22\":{\"text\":\"6\",\"type\":\"1\"},\"23\":{\"text\":\"6\",\"type\":\"1\"},\"24\":{\"text\":\"6\",\"type\":\"1\"}}', 1, '2022-01-19 20:11:01', '2022-02-15 01:35:25'),
(470, 1, 31, NULL, 0, 'Der	Weg des geistlichen Kampfes', 'DE', '{\"16\":{\"text\":\"6\",\"type\":\"1\"},\"20\":{\"text\":\"6\",\"type\":\"1\"},\"22\":{\"text\":\"6\",\"type\":\"1\"},\"23\":{\"text\":\"6\",\"type\":\"1\"},\"24\":{\"text\":\"6\",\"type\":\"1\"}}', 1, '2022-01-19 20:12:11', '2022-02-07 20:55:18'),
(471, 1, 32, NULL, 0, 'Der	Weg des Leidens für Christus', 'DE', '{\"16\":{\"text\":\"6\",\"type\":\"1\"},\"20\":{\"text\":\"6\",\"type\":\"1\"},\"22\":{\"text\":\"6\",\"type\":\"1\"},\"23\":{\"text\":\"6\",\"type\":\"1\"},\"24\":{\"text\":\"6\",\"type\":\"1\"}}', 1, '2022-01-19 20:13:20', '2022-02-07 20:55:35'),
(472, 1, 33, NULL, 0, 'Der	Weg der Überwinder', 'DE', '{\"16\":{\"text\":\"6\",\"type\":\"1\"},\"20\":{\"text\":\"6\",\"type\":\"1\"},\"22\":{\"text\":\"6\",\"type\":\"1\"},\"23\":{\"text\":\"6\",\"type\":\"1\"},\"24\":{\"text\":\"6\",\"type\":\"1\"}}', 1, '2022-01-19 20:14:06', '2022-02-07 20:55:57'),
(473, 1, 34, 'Z. T. Fomum', 1, 'Weg der geistlichen Ermutigung', 'DE', '{\"16\":{\"text\":\"6\",\"type\":\"1\"},\"20\":{\"text\":\"6\",\"type\":\"1\"},\"22\":{\"text\":\"6\",\"type\":\"1\"},\"23\":{\"text\":\"6\",\"type\":\"1\"},\"24\":{\"text\":\"6\",\"type\":\"1\"}}', 1, '2022-01-19 20:14:54', '2022-02-10 23:55:38'),
(474, 5, 6, NULL, 0, 'Der	Weg des siegreichen Gebets', 'DE', '{\"16\":{\"text\":\"6\",\"type\":\"1\"},\"20\":{\"text\":\"6\",\"type\":\"1\"},\"22\":{\"text\":\"6\",\"type\":\"1\"},\"23\":{\"text\":\"6\",\"type\":\"1\"},\"24\":{\"text\":\"6\",\"type\":\"1\"}}', 1, '2022-01-19 20:16:14', '2022-01-19 20:16:14'),
(475, 1, 35, 'Z. T. Fomum', 1, 'Der Weg der Liebe zum Herrn', 'DE', '{\"16\":{\"text\":\"6\",\"type\":\"1\"},\"20\":{\"text\":\"6\",\"type\":\"1\"},\"22\":{\"text\":\"6\",\"type\":\"1\"},\"23\":{\"text\":\"6\",\"type\":\"1\"},\"24\":{\"text\":\"6\",\"type\":\"1\"}}', 1, '2022-01-19 20:17:01', '2022-02-10 23:56:11'),
(476, 18, 230, 'T. W. Andoseh', 2, 'The Missionary\'s Work', 'EN', '{\"16\":{\"text\":\"6\",\"type\":\"1\"},\"20\":{\"text\":\"6\",\"type\":\"1\"},\"22\":{\"text\":\"6\",\"type\":\"1\"},\"23\":{\"text\":\"6\",\"type\":\"1\"},\"24\":{\"text\":\"6\",\"type\":\"1\"}}', 0, '2022-01-22 19:07:47', '2022-01-22 19:07:47'),
(477, 18, 231, 'T. W. Andoseh', 2, 'Building Men', 'EN', '{\"16\":{\"text\":\"6\",\"type\":\"1\"},\"20\":{\"text\":\"6\",\"type\":\"1\"},\"22\":{\"text\":\"6\",\"type\":\"1\"},\"23\":{\"text\":\"6\",\"type\":\"1\"},\"24\":{\"text\":\"6\",\"type\":\"1\"}}', 0, '2022-01-22 19:08:43', '2022-01-22 19:08:43'),
(478, 18, 232, 'T. W. Andoseh', 2, 'The Christian Worker', 'EN', '{\"16\":{\"text\":\"6\",\"type\":\"1\"},\"20\":{\"text\":\"6\",\"type\":\"1\"},\"22\":{\"text\":\"6\",\"type\":\"1\"},\"23\":{\"text\":\"6\",\"type\":\"1\"},\"24\":{\"text\":\"6\",\"type\":\"1\"}}', 0, '2022-01-22 19:09:48', '2022-01-22 19:09:48'),
(479, 18, 233, 'T. W. Andoseh', 2, 'Foundations', 'EN', '{\"16\":{\"text\":\"6\",\"type\":\"1\"},\"20\":{\"text\":\"6\",\"type\":\"1\"},\"22\":{\"text\":\"6\",\"type\":\"1\"},\"23\":{\"text\":\"6\",\"type\":\"1\"},\"24\":{\"text\":\"6\",\"type\":\"1\"}}', 0, '2022-01-22 19:10:47', '2022-01-22 19:10:47'),
(480, 18, 234, 'T. W. Andoseh', 2, 'Basic Ministries', 'EN', '{\"16\":{\"text\":\"6\",\"type\":\"1\"},\"20\":{\"text\":\"6\",\"type\":\"1\"},\"22\":{\"text\":\"6\",\"type\":\"1\"},\"23\":{\"text\":\"6\",\"type\":\"1\"},\"24\":{\"text\":\"6\",\"type\":\"1\"}}', 0, '2022-01-22 19:12:26', '2022-01-22 19:12:26'),
(481, 10, 183, 'Z. T. Fomum', 1, 'Un vase d’honneur', 'FR', '{\"16\":{\"text\":\"6\",\"type\":\"1\"},\"20\":{\"text\":\"6\",\"type\":\"1\"},\"22\":{\"text\":\"6\",\"type\":\"1\"},\"23\":{\"text\":\"6\",\"type\":\"1\"},\"24\":{\"text\":\"7\",\"type\":\"1\"}}', 1, '2022-01-27 16:30:11', '2022-02-12 04:52:37'),
(482, 3, 121, 'Z. T. Fomum', 1, 'Mubyukuri Umwigishwa W’umwami Yesu Ninde?', 'RW', '{\"16\":{\"text\":\"8\",\"type\":\"1\"},\"20\":{\"text\":\"6\",\"type\":\"1\"},\"22\":{\"text\":\"6\",\"type\":\"1\"},\"23\":{\"text\":\"6\",\"type\":\"1\"},\"24\":{\"text\":\"8\",\"type\":\"1\"}}', 1, '2022-01-27 16:33:34', '2022-02-19 11:14:45'),
(483, 10, 13, 'Z. T. Fomum', 1, 'Kubohoka Ku Cyaha', 'RW', '{\"16\":{\"text\":\"7\",\"type\":\"1\"},\"20\":{\"text\":\"6\",\"type\":\"1\"},\"22\":{\"text\":\"6\",\"type\":\"1\"},\"23\":{\"text\":\"6\",\"type\":\"1\"},\"24\":{\"text\":\"8\",\"type\":\"1\"}}', 1, '2022-01-27 16:34:29', '2022-02-12 04:58:27'),
(484, 5, 235, 'Z. T. Fomum', 0, 'Glorious Overflow Through Prayer', 'EN', '{\"16\":{\"text\":\"6\",\"type\":\"1\"},\"20\":{\"text\":\"6\",\"type\":\"1\"},\"22\":{\"text\":\"6\",\"type\":\"1\"},\"23\":{\"text\":\"6\",\"type\":\"1\"},\"24\":{\"text\":\"6\",\"type\":\"1\"}}', 0, '2022-01-27 16:38:47', '2022-02-11 17:14:41'),
(485, 5, 235, 'Z. T. Fomum', 0, 'Glorieux débordement par la prière', 'FR', '{\"16\":{\"text\":\"6\",\"type\":\"1\"},\"20\":{\"text\":\"6\",\"type\":\"1\"},\"22\":{\"text\":\"6\",\"type\":\"1\"},\"23\":{\"text\":\"6\",\"type\":\"1\"},\"24\":{\"text\":\"6\",\"type\":\"1\"}}', 1, '2022-01-27 16:39:29', '2022-02-19 01:16:48'),
(486, 13, 229, 'Z. T. Fomum', 1, 'Jésus notre modèle', 'FR', '{\"16\":{\"text\":\"6\",\"type\":\"1\"},\"20\":{\"text\":\"6\",\"type\":\"1\"},\"22\":{\"text\":\"6\",\"type\":\"1\"},\"23\":{\"text\":\"6\",\"type\":\"1\"},\"24\":{\"text\":\"7\",\"type\":\"1\"}}', 1, '2022-01-27 16:40:48', '2022-02-18 11:51:38'),
(487, 17, 178, NULL, 0, 'Connaitre Dieu et marcher avec lui', 'FR', '{\"16\":{\"text\":\"6\",\"type\":\"1\"},\"20\":{\"text\":\"6\",\"type\":\"1\"},\"22\":{\"text\":\"6\",\"type\":\"1\"},\"23\":{\"text\":\"6\",\"type\":\"1\"},\"24\":{\"text\":\"7\",\"type\":\"1\"}}', 1, '2022-01-27 16:41:54', '2022-01-27 16:41:54'),
(488, 17, 222, NULL, 0, 'Comment prier pour la formation d’un disciple de Jésus', 'FR', '{\"16\":{\"text\":\"6\",\"type\":\"1\"},\"20\":{\"text\":\"6\",\"type\":\"1\"},\"22\":{\"text\":\"6\",\"type\":\"1\"},\"23\":{\"text\":\"6\",\"type\":\"1\"},\"24\":{\"text\":\"7\",\"type\":\"1\"}}', 1, '2022-01-27 16:44:09', '2022-01-27 16:44:09'),
(489, 6, 41, NULL, 0, 'Le salut et conquête des âmes', 'FR', '{\"16\":{\"text\":\"6\",\"type\":\"1\"},\"20\":{\"text\":\"6\",\"type\":\"1\"},\"22\":{\"text\":\"6\",\"type\":\"1\"},\"23\":{\"text\":\"6\",\"type\":\"1\"},\"24\":{\"text\":\"7\",\"type\":\"1\"}}', 1, '2022-01-27 16:46:33', '2022-01-27 16:46:33');
INSERT INTO `co_book_lists` (`id`, `category_id`, `book_id`, `author`, `available`, `title`, `language`, `content`, `add_another_book_translation`, `created_at`, `updated_at`) VALUES
(490, 17, 184, NULL, 0, 'La vraie fondation chrétienne', 'FR', '{\"16\":{\"text\":\"6\",\"type\":\"1\"},\"20\":{\"text\":\"6\",\"type\":\"1\"},\"22\":{\"text\":\"6\",\"type\":\"1\"},\"23\":{\"text\":\"6\",\"type\":\"1\"},\"24\":{\"text\":\"7\",\"type\":\"1\"}}', 1, '2022-01-27 16:49:37', '2022-01-27 16:49:37'),
(491, 17, 216, NULL, 0, 'Le chemin étroit — volume 1', 'FR', '{\"16\":{\"text\":\"6\",\"type\":\"1\"},\"20\":{\"text\":\"6\",\"type\":\"1\"},\"22\":{\"text\":\"6\",\"type\":\"1\"},\"23\":{\"text\":\"6\",\"type\":\"1\"},\"24\":{\"text\":\"7\",\"type\":\"1\"}}', 1, '2022-01-27 16:51:58', '2022-01-27 16:51:58'),
(492, 17, 221, NULL, 0, 'Le chemin étroit — volume 1', 'FR', '{\"16\":{\"text\":\"6\",\"type\":\"1\"},\"20\":{\"text\":\"6\",\"type\":\"1\"},\"22\":{\"text\":\"6\",\"type\":\"1\"},\"23\":{\"text\":\"6\",\"type\":\"1\"},\"24\":{\"text\":\"7\",\"type\":\"1\"}}', 1, '2022-01-27 16:52:24', '2022-01-27 16:52:24'),
(493, 18, 236, 'T. W. Andoseh', 2, 'The Pastoral Ministry', 'EN', '{\"16\":{\"text\":\"6\",\"type\":\"1\"},\"20\":{\"text\":\"6\",\"type\":\"1\"},\"22\":{\"text\":\"6\",\"type\":\"1\"},\"23\":{\"text\":\"6\",\"type\":\"1\"},\"24\":{\"text\":\"6\",\"type\":\"1\"}}', 0, '2022-01-31 07:17:26', '2022-02-12 15:26:50'),
(494, 18, 237, 'T. W. Andoseh', 2, 'The Evangelistic Ministry and The Local Church', 'EN', '{\"16\":{\"text\":\"6\",\"type\":\"1\"},\"20\":{\"text\":\"6\",\"type\":\"1\"},\"22\":{\"text\":\"6\",\"type\":\"1\"},\"23\":{\"text\":\"6\",\"type\":\"1\"},\"24\":{\"text\":\"6\",\"type\":\"1\"}}', 0, '2022-01-31 07:18:49', '2022-01-31 07:27:57'),
(495, 18, 236, 'T. W. Andoseh', 2, 'Le Ministère Pastoral', 'FR', '{\"16\":{\"text\":\"8\",\"type\":\"1\"},\"20\":{\"text\":\"8\",\"type\":\"1\"},\"22\":{\"text\":\"6\",\"type\":\"1\"},\"23\":{\"text\":\"8\",\"type\":\"1\"},\"24\":{\"text\":\"8\",\"type\":\"1\"}}', 1, '2022-01-31 07:19:41', '2022-02-12 15:26:50'),
(496, 18, 237, NULL, 0, 'Le Ministère D’Evangelisation et L’Eglise Locale', 'FR', '{\"16\":{\"text\":\"8\",\"type\":\"1\"},\"20\":{\"text\":\"8\",\"type\":\"1\"},\"22\":{\"text\":\"6\",\"type\":\"1\"},\"23\":{\"text\":\"8\",\"type\":\"1\"},\"24\":{\"text\":\"8\",\"type\":\"1\"}}', 1, '2022-01-31 07:20:47', '2022-01-31 07:20:47'),
(497, 18, 238, 'T. W. Andoseh', 2, 'The Power of Numerical Growth', 'EN', '{\"16\":{\"text\":\"6\",\"type\":\"1\"},\"20\":{\"text\":\"6\",\"type\":\"1\"},\"22\":{\"text\":\"6\",\"type\":\"1\"},\"23\":{\"text\":\"6\",\"type\":\"1\"},\"24\":{\"text\":\"6\",\"type\":\"1\"}}', 0, '2022-02-01 04:31:26', '2022-02-01 04:31:26'),
(498, 18, 238, NULL, 0, 'La Puissance de la Croissance en Nombre', 'FR', '{\"16\":{\"text\":\"8\",\"type\":\"1\"},\"20\":{\"text\":\"8\",\"type\":\"1\"},\"22\":{\"text\":\"6\",\"type\":\"1\"},\"23\":{\"text\":\"8\",\"type\":\"1\"},\"24\":{\"text\":\"8\",\"type\":\"1\"}}', 1, '2022-02-01 04:32:32', '2022-02-20 18:26:57'),
(499, 19, 239, 'Z. T. Fomum', 1, 'Deliverance From Demons', 'EN', '{\"16\":{\"text\":\"8\",\"type\":\"1\"},\"20\":{\"text\":\"8\",\"type\":\"1\"},\"22\":{\"text\":\"8\",\"type\":\"1\"},\"23\":{\"text\":\"6\",\"type\":\"1\"},\"24\":{\"text\":\"6\",\"type\":\"1\"}}', 0, '2022-02-05 19:37:28', '2022-02-05 19:37:28'),
(500, 19, 240, 'Z. T. Fomum', 1, 'The Prophecy of The Overthrow of The Satanic Prince of Cameroon', 'EN', '{\"16\":{\"text\":\"8\",\"type\":\"1\"},\"20\":{\"text\":\"8\",\"type\":\"1\"},\"22\":{\"text\":\"8\",\"type\":\"1\"},\"23\":{\"text\":\"6\",\"type\":\"1\"},\"24\":{\"text\":\"8\",\"type\":\"1\"}}', 0, '2022-02-05 19:39:32', '2022-02-05 19:39:32'),
(501, 19, 241, 'Z. T. Fomum', 1, 'The Prophecy of The Overthrow of The Satanic Prince of Douala', 'EN', '{\"16\":{\"text\":\"8\",\"type\":\"1\"},\"20\":{\"text\":\"8\",\"type\":\"1\"},\"22\":{\"text\":\"8\",\"type\":\"1\"},\"23\":{\"text\":\"6\",\"type\":\"1\"},\"24\":{\"text\":\"8\",\"type\":\"1\"}}', 0, '2022-02-05 19:40:58', '2022-02-05 19:40:58'),
(502, 19, 240, NULL, 0, 'La Prophétie du Renversement du prince satanique du Cameroun', 'FR', '{\"16\":{\"text\":\"8\",\"type\":\"1\"},\"20\":{\"text\":\"8\",\"type\":\"1\"},\"22\":{\"text\":\"6\",\"type\":\"1\"},\"23\":{\"text\":\"6\",\"type\":\"1\"},\"24\":{\"text\":\"8\",\"type\":\"1\"}}', 1, '2022-02-05 20:07:20', '2022-02-05 20:07:20'),
(503, 19, 241, NULL, 0, 'La Prophétie du Renversement du Prince Satanique de Douala', 'FR', '{\"16\":{\"text\":\"8\",\"type\":\"1\"},\"20\":{\"text\":\"8\",\"type\":\"1\"},\"22\":{\"text\":\"6\",\"type\":\"1\"},\"23\":{\"text\":\"6\",\"type\":\"1\"},\"24\":{\"text\":\"6\",\"type\":\"1\"}}', 1, '2022-02-05 20:08:17', '2022-02-05 20:08:17'),
(507, 8, 243, 'Z. T. Fomum', 0, 'The Work is the Worker (Volume 1)', 'EN', '{\"16\":{\"text\":\"8\",\"type\":\"1\"},\"20\":{\"text\":\"8\",\"type\":\"1\"},\"22\":{\"text\":\"6\",\"type\":\"1\"},\"23\":{\"text\":\"6\",\"type\":\"1\"},\"24\":{\"text\":\"8\",\"type\":\"1\"}}', 0, '2022-02-09 17:56:53', '2022-02-09 17:56:53'),
(508, 18, 244, 'T. W. Andoseh', 2, 'The Stages of Christian Maturation', 'EN', '{\"16\":{\"text\":\"8\",\"type\":\"1\"},\"20\":{\"text\":\"8\",\"type\":\"1\"},\"22\":{\"text\":\"6\",\"type\":\"1\"},\"23\":{\"text\":\"6\",\"type\":\"1\"},\"24\":{\"text\":\"8\",\"type\":\"1\"}}', 0, '2022-02-14 23:06:00', '2022-02-14 23:06:00'),
(509, 5, 245, 'Z. T. Fomum', 1, 'Life-Changing Thoughts on Fasting (Vol 1)', 'EN', '{\"16\":{\"text\":\"6\",\"type\":\"1\"},\"20\":{\"text\":\"6\",\"type\":\"1\"},\"22\":{\"text\":\"6\",\"type\":\"1\"},\"23\":{\"text\":\"6\",\"type\":\"1\"},\"24\":{\"text\":\"11\",\"type\":\"1\"}}', 0, '2022-02-17 07:55:02', '2022-02-17 07:55:02'),
(510, 17, 246, 'Z. T. Fomum', 0, 'A rhema ministry', 'EN', '{\"16\":{\"text\":\"6\",\"type\":\"1\"},\"20\":{\"text\":\"6\",\"type\":\"1\"},\"22\":{\"text\":\"6\",\"type\":\"1\"},\"23\":{\"text\":\"6\",\"type\":\"1\"},\"24\":{\"text\":\"6\",\"type\":\"1\"}}', 0, '2022-02-19 01:08:47', '2022-02-19 01:08:47'),
(511, 17, 247, 'Z. T. Fomum', 0, 'Being a disciple and making disciples', 'EN', '{\"16\":{\"text\":\"6\",\"type\":\"1\"},\"20\":{\"text\":\"6\",\"type\":\"1\"},\"22\":{\"text\":\"6\",\"type\":\"1\"},\"23\":{\"text\":\"6\",\"type\":\"1\"},\"24\":{\"text\":\"6\",\"type\":\"1\"}}', 0, '2022-02-19 01:12:01', '2022-02-19 01:12:01'),
(512, 18, 248, 'T. W. Andoseh', 2, 'Discipline that governs ministry', 'EN', '{\"16\":{\"text\":\"6\",\"type\":\"1\"},\"20\":{\"text\":\"6\",\"type\":\"1\"},\"22\":{\"text\":\"6\",\"type\":\"1\"},\"23\":{\"text\":\"6\",\"type\":\"1\"},\"24\":{\"text\":\"6\",\"type\":\"1\"}}', 0, '2022-02-19 01:14:28', '2022-02-20 15:02:07'),
(513, 17, 249, 'Z. T. Fomum', 0, 'Distinctive ministry', 'EN', '{\"16\":{\"text\":\"6\",\"type\":\"1\"},\"20\":{\"text\":\"6\",\"type\":\"1\"},\"22\":{\"text\":\"6\",\"type\":\"1\"},\"23\":{\"text\":\"6\",\"type\":\"1\"},\"24\":{\"text\":\"6\",\"type\":\"1\"}}', 0, '2022-02-19 01:16:10', '2022-02-19 01:16:10'),
(514, 17, 250, 'Z. T. Fomum', 0, 'Covenants', 'EN', '{\"16\":{\"text\":\"6\",\"type\":\"1\"},\"20\":{\"text\":\"6\",\"type\":\"1\"},\"22\":{\"text\":\"6\",\"type\":\"1\"},\"23\":{\"text\":\"6\",\"type\":\"1\"},\"24\":{\"text\":\"6\",\"type\":\"1\"}}', 0, '2022-02-19 01:35:07', '2022-02-19 01:35:07'),
(515, 17, 251, 'Z. T. Fomum', 0, 'Heights with Christ', 'EN', '{\"16\":{\"text\":\"6\",\"type\":\"1\"},\"20\":{\"text\":\"6\",\"type\":\"1\"},\"22\":{\"text\":\"6\",\"type\":\"1\"},\"23\":{\"text\":\"6\",\"type\":\"1\"},\"24\":{\"text\":\"6\",\"type\":\"1\"}}', 0, '2022-02-19 01:36:57', '2022-02-19 01:36:57'),
(516, 17, 252, 'Z. T. Fomum', 0, 'How to succeed as a missionary', 'EN', '{\"16\":{\"text\":\"6\",\"type\":\"1\"},\"20\":{\"text\":\"6\",\"type\":\"1\"},\"22\":{\"text\":\"6\",\"type\":\"1\"},\"23\":{\"text\":\"6\",\"type\":\"1\"},\"24\":{\"text\":\"10\",\"type\":\"1\"}}', 0, '2022-02-19 01:40:51', '2022-02-19 01:40:51'),
(517, 17, 253, 'Z. T. Fomum', 0, 'How to know the will of God', 'EN', '{\"16\":{\"text\":\"6\",\"type\":\"1\"},\"20\":{\"text\":\"6\",\"type\":\"1\"},\"22\":{\"text\":\"6\",\"type\":\"1\"},\"23\":{\"text\":\"6\",\"type\":\"1\"},\"24\":{\"text\":\"6\",\"type\":\"1\"}}', 0, '2022-02-19 01:42:18', '2022-02-19 01:42:18'),
(518, 13, 254, 'Z. T. Fomum', 0, 'Practical leadership (volume 1)', 'EN', '{\"16\":{\"text\":\"6\",\"type\":\"1\"},\"20\":{\"text\":\"6\",\"type\":\"1\"},\"22\":{\"text\":\"6\",\"type\":\"1\"},\"23\":{\"text\":\"6\",\"type\":\"1\"},\"24\":{\"text\":\"6\",\"type\":\"1\"}}', 0, '2022-02-19 01:54:15', '2022-02-19 01:54:15'),
(519, 17, 255, 'Z. T. Fomum', 0, 'Serving God in my generation', 'EN', '{\"16\":{\"text\":\"6\",\"type\":\"1\"},\"20\":{\"text\":\"6\",\"type\":\"1\"},\"22\":{\"text\":\"6\",\"type\":\"1\"},\"23\":{\"text\":\"6\",\"type\":\"1\"},\"24\":{\"text\":\"6\",\"type\":\"1\"}}', 0, '2022-02-19 01:59:29', '2022-02-19 01:59:29'),
(520, 17, 256, 'Z. T. Fomum', 0, 'Serving God in my generation (vol 2)', 'EN', '{\"16\":{\"text\":\"6\",\"type\":\"1\"},\"20\":{\"text\":\"6\",\"type\":\"1\"},\"22\":{\"text\":\"6\",\"type\":\"1\"},\"23\":{\"text\":\"6\",\"type\":\"1\"},\"24\":{\"text\":\"6\",\"type\":\"1\"}}', 0, '2022-02-19 02:01:36', '2022-02-19 02:01:36'),
(521, 17, 257, 'Z. T. Fomum', 0, 'Spiritual fragrance (volume 4)', 'EN', '{\"16\":{\"text\":\"6\",\"type\":\"1\"},\"20\":{\"text\":\"6\",\"type\":\"1\"},\"22\":{\"text\":\"6\",\"type\":\"1\"},\"23\":{\"text\":\"6\",\"type\":\"1\"},\"24\":{\"text\":\"6\",\"type\":\"1\"}}', 0, '2022-02-19 02:29:16', '2022-02-19 02:29:16'),
(522, 6, 258, 'Z. T. Fomum', 0, 'The art of preaching (volume 1)', 'EN', '{\"16\":{\"text\":\"6\",\"type\":\"1\"},\"20\":{\"text\":\"6\",\"type\":\"1\"},\"22\":{\"text\":\"6\",\"type\":\"1\"},\"23\":{\"text\":\"6\",\"type\":\"1\"},\"24\":{\"text\":\"6\",\"type\":\"1\"}}', 0, '2022-02-19 02:36:38', '2022-02-19 02:36:38'),
(523, 6, 259, 'Z. T. Fomum', 0, 'The art of preaching (volume 2)', 'EN', '{\"16\":{\"text\":\"6\",\"type\":\"1\"},\"20\":{\"text\":\"6\",\"type\":\"1\"},\"22\":{\"text\":\"6\",\"type\":\"1\"},\"23\":{\"text\":\"6\",\"type\":\"1\"},\"24\":{\"text\":\"6\",\"type\":\"1\"}}', 0, '2022-02-19 02:37:23', '2022-02-19 02:37:23'),
(524, 17, 260, 'Z. T. Fomum', 0, NULL, 'EN', '{\"16\":{\"text\":\"6\",\"type\":\"1\"},\"20\":{\"text\":\"6\",\"type\":\"1\"},\"22\":{\"text\":\"6\",\"type\":\"1\"},\"23\":{\"text\":\"6\",\"type\":\"1\"},\"24\":{\"text\":\"6\",\"type\":\"1\"}}', 0, '2022-02-19 02:43:50', '2022-02-19 02:43:50'),
(525, 17, 261, 'Z. T. Fomum', 1, 'Miracles, healings and deliverances by Professor  Zacharias Tanee Fomum', 'EN', '{\"16\":{\"text\":\"6\",\"type\":\"1\"},\"20\":{\"text\":\"6\",\"type\":\"1\"},\"22\":{\"text\":\"6\",\"type\":\"1\"},\"23\":{\"text\":\"6\",\"type\":\"1\"},\"24\":{\"text\":\"6\",\"type\":\"1\"}}', 0, '2022-02-19 03:17:34', '2022-02-19 03:17:34'),
(526, 17, 262, 'Z. T. Fomum', 0, 'Being Radical For Jesus', 'EN', '{\"16\":{\"text\":\"6\",\"type\":\"1\"},\"20\":{\"text\":\"6\",\"type\":\"1\"},\"22\":{\"text\":\"6\",\"type\":\"1\"},\"23\":{\"text\":\"6\",\"type\":\"1\"},\"24\":{\"text\":\"6\",\"type\":\"1\"}}', 0, '2022-02-19 03:19:17', '2022-02-19 03:19:17'),
(527, 17, 263, 'Z. T. Fomum', 0, 'Baptism into The Holy', 'EN', '{\"16\":{\"text\":\"6\",\"type\":\"1\"},\"20\":{\"text\":\"6\",\"type\":\"1\"},\"22\":{\"text\":\"6\",\"type\":\"1\"},\"23\":{\"text\":\"6\",\"type\":\"1\"},\"24\":{\"text\":\"6\",\"type\":\"1\"}}', 0, '2022-02-19 03:34:55', '2022-02-19 03:34:55'),
(528, 17, 264, 'Z. T. Fomum', 0, 'A war is declared', 'EN', '{\"16\":{\"text\":\"6\",\"type\":\"1\"},\"20\":{\"text\":\"6\",\"type\":\"1\"},\"22\":{\"text\":\"6\",\"type\":\"1\"},\"23\":{\"text\":\"6\",\"type\":\"1\"},\"24\":{\"text\":\"6\",\"type\":\"1\"}}', 0, '2022-02-19 03:38:55', '2022-02-19 03:38:55'),
(529, 6, 16, NULL, 0, 'Upendo wa Mungu na Msamaha', 'SW', '{\"16\":{\"text\":\"8\",\"type\":\"1\"},\"20\":{\"text\":\"6\",\"type\":\"1\"},\"22\":{\"text\":\"6\",\"type\":\"1\"},\"23\":{\"text\":\"6\",\"type\":\"1\"},\"24\":{\"text\":\"8\",\"type\":\"1\"}}', 1, '2022-02-19 10:53:03', '2022-02-19 10:53:03'),
(530, 1, 2, NULL, 0, 'Njia ya Uzima', 'SW', '{\"16\":{\"text\":\"6\",\"type\":\"1\"},\"20\":{\"text\":\"6\",\"type\":\"1\"},\"22\":{\"text\":\"6\",\"type\":\"1\"},\"23\":{\"text\":\"6\",\"type\":\"1\"},\"24\":{\"text\":\"8\",\"type\":\"1\"}}', 1, '2022-02-19 10:54:42', '2022-02-19 10:54:42'),
(531, 11, 14, NULL, 0, 'Furahia Maisha kabla ya Ndoa', 'SW', '{\"16\":{\"text\":\"6\",\"type\":\"1\"},\"20\":{\"text\":\"6\",\"type\":\"1\"},\"22\":{\"text\":\"6\",\"type\":\"1\"},\"23\":{\"text\":\"6\",\"type\":\"1\"},\"24\":{\"text\":\"8\",\"type\":\"1\"}}', 1, '2022-02-19 10:58:04', '2022-02-19 10:58:04'),
(532, 11, 67, NULL, 0, 'Furahia chaguo la Mwenza wako wa Ndoa', 'SW', '{\"16\":{\"text\":\"6\",\"type\":\"1\"},\"20\":{\"text\":\"6\",\"type\":\"1\"},\"22\":{\"text\":\"6\",\"type\":\"1\"},\"23\":{\"text\":\"6\",\"type\":\"1\"},\"24\":{\"text\":\"8\",\"type\":\"1\"}}', 1, '2022-02-19 10:59:22', '2022-02-19 10:59:22'),
(533, 1, 3, NULL, 0, 'Njia ya Utii', 'SW', '{\"16\":{\"text\":\"6\",\"type\":\"1\"},\"20\":{\"text\":\"6\",\"type\":\"1\"},\"22\":{\"text\":\"6\",\"type\":\"1\"},\"23\":{\"text\":\"6\",\"type\":\"1\"},\"24\":{\"text\":\"8\",\"type\":\"1\"}}', 1, '2022-02-19 11:10:54', '2022-02-19 11:10:54'),
(534, 1, 28, NULL, 0, 'Njia ya Tabia ya Kikristo', 'SW', '{\"16\":{\"text\":\"6\",\"type\":\"1\"},\"20\":{\"text\":\"6\",\"type\":\"1\"},\"22\":{\"text\":\"6\",\"type\":\"1\"},\"23\":{\"text\":\"6\",\"type\":\"1\"},\"24\":{\"text\":\"8\",\"type\":\"1\"}}', 1, '2022-02-19 11:12:43', '2022-02-19 11:12:43'),
(535, 18, 224, NULL, 0, 'Mwanafunzi wa Yesu Kristo kutengeneza Wanafunzi kwaajili ya Yesu Kristo', 'SW', '{\"16\":{\"text\":\"6\",\"type\":\"1\"},\"20\":{\"text\":\"6\",\"type\":\"1\"},\"22\":{\"text\":\"6\",\"type\":\"1\"},\"23\":{\"text\":\"6\",\"type\":\"1\"},\"24\":{\"text\":\"8\",\"type\":\"1\"}}', 1, '2022-02-19 11:13:56', '2022-02-19 11:13:56'),
(536, 3, 121, NULL, 0, 'Ni nani aliye Mwanafunzi wa kweli wa Yesu Kristo', 'SW', '{\"16\":{\"text\":\"6\",\"type\":\"1\"},\"20\":{\"text\":\"6\",\"type\":\"1\"},\"22\":{\"text\":\"6\",\"type\":\"1\"},\"23\":{\"text\":\"6\",\"type\":\"1\"},\"24\":{\"text\":\"8\",\"type\":\"1\"}}', 1, '2022-02-19 11:15:22', '2022-02-19 11:15:22'),
(537, 3, 1, NULL, 0, 'Uwanafunzi kwa Gharama yoyote', 'SW', '{\"16\":{\"text\":\"6\",\"type\":\"1\"},\"20\":{\"text\":\"6\",\"type\":\"1\"},\"22\":{\"text\":\"6\",\"type\":\"1\"},\"23\":{\"text\":\"6\",\"type\":\"1\"},\"24\":{\"text\":\"8\",\"type\":\"1\"}}', 1, '2022-02-19 11:16:04', '2022-02-19 11:16:04');

-- --------------------------------------------------------

--
-- Table structure for table `co_book_list_categories`
--

CREATE TABLE `co_book_list_categories` (
  `id` bigint(20) UNSIGNED NOT NULL,
  `book_list_id` bigint(20) UNSIGNED NOT NULL,
  `cat_id` bigint(20) UNSIGNED NOT NULL,
  `created_at` timestamp NULL DEFAULT NULL,
  `updated_at` timestamp NULL DEFAULT NULL
) ENGINE=InnoDB DEFAULT CHARSET=utf8mb4 COLLATE=utf8mb4_unicode_ci;

--
-- Dumping data for table `co_book_list_categories`
--

INSERT INTO `co_book_list_categories` (`id`, `book_list_id`, `cat_id`, `created_at`, `updated_at`) VALUES
(22, 208, 8, '2021-12-24 19:58:48', '2021-12-24 19:58:48'),
(38, 90, 9, '2021-12-25 03:02:43', '2021-12-25 03:02:43'),
(39, 90, 14, '2021-12-25 03:02:43', '2021-12-25 03:02:43'),
(43, 223, 8, '2021-12-25 03:08:05', '2021-12-25 03:08:05'),
(44, 224, 13, '2021-12-25 03:09:54', '2021-12-25 03:09:54'),
(45, 224, 12, '2021-12-25 03:09:54', '2021-12-25 03:09:54'),
(47, 226, 8, '2021-12-25 03:15:13', '2021-12-25 03:15:13'),
(48, 227, 10, '2021-12-25 03:16:00', '2021-12-25 03:16:00'),
(67, 26, 10, '2021-12-25 03:35:30', '2021-12-25 03:35:30'),
(79, 244, 13, '2021-12-26 09:47:19', '2021-12-26 09:47:19'),
(85, 202, 19, '2021-12-26 09:54:16', '2021-12-26 09:54:16'),
(93, 256, 13, '2021-12-26 10:04:55', '2021-12-26 10:04:55'),
(94, 257, 9, '2021-12-27 17:05:48', '2021-12-27 17:05:48'),
(111, 232, 10, '2021-12-29 00:25:23', '2021-12-29 00:25:23'),
(112, 232, 17, '2021-12-29 00:25:23', '2021-12-29 00:25:23'),
(114, 258, 8, '2021-12-30 06:20:31', '2021-12-30 06:20:31'),
(116, 260, 9, '2021-12-30 06:28:25', '2021-12-30 06:28:25'),
(117, 261, 13, '2021-12-30 06:29:29', '2021-12-30 06:29:29'),
(118, 262, 8, '2021-12-30 06:31:33', '2021-12-30 06:31:33'),
(119, 263, 23, '2021-12-30 06:33:01', '2021-12-30 06:33:01'),
(120, 264, 19, '2021-12-30 06:33:46', '2021-12-30 06:33:46'),
(121, 265, 10, '2021-12-30 06:35:02', '2021-12-30 06:35:02'),
(122, 266, 8, '2021-12-30 06:36:17', '2021-12-30 06:36:17'),
(123, 266, 17, '2021-12-30 06:36:17', '2021-12-30 06:36:17'),
(124, 267, 8, '2021-12-30 06:37:31', '2021-12-30 06:37:31'),
(129, 272, 24, '2021-12-30 06:52:02', '2021-12-30 06:52:02'),
(130, 273, 8, '2021-12-30 06:53:32', '2021-12-30 06:53:32'),
(131, 273, 24, '2021-12-30 06:53:32', '2021-12-30 06:53:32'),
(134, 276, 8, '2021-12-30 06:56:27', '2021-12-30 06:56:27'),
(138, 280, 19, '2021-12-30 07:03:21', '2021-12-30 07:03:21'),
(140, 282, 13, '2021-12-30 07:12:28', '2021-12-30 07:12:28'),
(141, 283, 19, '2021-12-30 07:13:21', '2021-12-30 07:13:21'),
(142, 284, 22, '2021-12-30 07:15:33', '2021-12-30 07:15:33'),
(143, 285, 19, '2021-12-30 07:16:28', '2021-12-30 07:16:28'),
(144, 286, 12, '2021-12-30 07:17:29', '2021-12-30 07:17:29'),
(145, 287, 12, '2021-12-30 07:18:33', '2021-12-30 07:18:33'),
(147, 289, 8, '2021-12-30 23:50:24', '2021-12-30 23:50:24'),
(149, 291, 20, '2021-12-30 23:53:05', '2021-12-30 23:53:05'),
(150, 291, 19, '2021-12-30 23:53:05', '2021-12-30 23:53:05'),
(152, 293, 20, '2021-12-30 23:56:58', '2021-12-30 23:56:58'),
(153, 293, 19, '2021-12-30 23:56:58', '2021-12-30 23:56:58'),
(155, 295, 23, '2021-12-30 23:59:16', '2021-12-30 23:59:16'),
(156, 296, 24, '2021-12-31 00:00:06', '2021-12-31 00:00:06'),
(158, 298, 19, '2021-12-31 06:07:05', '2021-12-31 06:07:05'),
(159, 299, 8, '2021-12-31 06:09:39', '2021-12-31 06:09:39'),
(160, 300, 8, '2021-12-31 06:11:21', '2021-12-31 06:11:21'),
(161, 301, 17, '2021-12-31 06:12:36', '2021-12-31 06:12:36'),
(162, 302, 23, '2021-12-31 06:13:54', '2021-12-31 06:13:54'),
(163, 303, 8, '2021-12-31 06:16:07', '2021-12-31 06:16:07'),
(164, 303, 25, '2021-12-31 06:16:07', '2021-12-31 06:16:07'),
(165, 304, 18, '2021-12-31 06:18:06', '2021-12-31 06:18:06'),
(166, 305, 23, '2021-12-31 06:27:17', '2021-12-31 06:27:17'),
(167, 306, 24, '2021-12-31 06:30:26', '2021-12-31 06:30:26'),
(168, 306, 17, '2021-12-31 06:30:26', '2021-12-31 06:30:26'),
(171, 307, 24, '2021-12-31 06:33:44', '2021-12-31 06:33:44'),
(172, 308, 8, '2021-12-31 06:42:54', '2021-12-31 06:42:54'),
(173, 309, 17, '2021-12-31 06:58:26', '2021-12-31 06:58:26'),
(175, 311, 36, '2021-12-31 07:20:25', '2021-12-31 07:20:25'),
(176, 311, 37, '2021-12-31 07:20:25', '2021-12-31 07:20:25'),
(177, 311, 35, '2021-12-31 07:20:25', '2021-12-31 07:20:25'),
(178, 312, 8, '2021-12-31 07:21:39', '2021-12-31 07:21:39'),
(179, 312, 26, '2021-12-31 07:21:39', '2021-12-31 07:21:39'),
(180, 312, 17, '2021-12-31 07:21:39', '2021-12-31 07:21:39'),
(181, 313, 38, '2021-12-31 07:22:58', '2021-12-31 07:22:58'),
(184, 315, 40, '2021-12-31 07:29:04', '2021-12-31 07:29:04'),
(185, 316, 24, '2021-12-31 07:31:12', '2021-12-31 07:31:12'),
(186, 316, 41, '2021-12-31 07:31:12', '2021-12-31 07:31:12'),
(189, 317, 24, '2021-12-31 07:34:26', '2021-12-31 07:34:26'),
(190, 317, 41, '2021-12-31 07:34:26', '2021-12-31 07:34:26'),
(191, 318, 14, '2021-12-31 07:35:28', '2021-12-31 07:35:28'),
(192, 319, 42, '2021-12-31 07:39:15', '2021-12-31 07:39:15'),
(193, 320, 38, '2021-12-31 07:40:14', '2021-12-31 07:40:14'),
(194, 320, 26, '2021-12-31 07:40:14', '2021-12-31 07:40:14'),
(208, 322, 38, '2021-12-31 07:45:26', '2021-12-31 07:45:26'),
(209, 322, 12, '2021-12-31 07:45:26', '2021-12-31 07:45:26'),
(210, 322, 10, '2021-12-31 07:45:26', '2021-12-31 07:45:26'),
(218, 323, 26, '2021-12-31 07:58:22', '2021-12-31 07:58:22'),
(221, 324, 8, '2021-12-31 07:59:46', '2021-12-31 07:59:46'),
(223, 325, 38, '2021-12-31 08:03:19', '2021-12-31 08:03:19'),
(228, 326, 42, '2021-12-31 08:05:51', '2021-12-31 08:05:51'),
(229, 326, 43, '2021-12-31 08:05:51', '2021-12-31 08:05:51'),
(230, 326, 23, '2021-12-31 08:05:51', '2021-12-31 08:05:51'),
(231, 326, 13, '2021-12-31 08:05:51', '2021-12-31 08:05:51'),
(232, 326, 45, '2021-12-31 08:05:51', '2021-12-31 08:05:51'),
(233, 326, 41, '2021-12-31 08:05:51', '2021-12-31 08:05:51'),
(234, 7, 45, '2021-12-31 08:06:47', '2021-12-31 08:06:47'),
(235, 7, 46, '2021-12-31 08:06:47', '2021-12-31 08:06:47'),
(236, 7, 19, '2021-12-31 08:06:47', '2021-12-31 08:06:47'),
(248, 328, 28, '2021-12-31 08:17:57', '2021-12-31 08:17:57'),
(249, 328, 40, '2021-12-31 08:17:57', '2021-12-31 08:17:57'),
(250, 328, 18, '2021-12-31 08:17:57', '2021-12-31 08:17:57'),
(252, 329, 12, '2021-12-31 08:19:29', '2021-12-31 08:19:29'),
(255, 330, 28, '2021-12-31 08:21:24', '2021-12-31 08:21:24'),
(258, 331, 48, '2021-12-31 08:24:21', '2021-12-31 08:24:21'),
(259, 331, 18, '2021-12-31 08:24:21', '2021-12-31 08:24:21'),
(260, 104, 48, '2021-12-31 08:25:44', '2021-12-31 08:25:44'),
(261, 104, 18, '2021-12-31 08:25:44', '2021-12-31 08:25:44'),
(262, 332, 48, '2021-12-31 08:32:47', '2021-12-31 08:32:47'),
(263, 332, 18, '2021-12-31 08:32:47', '2021-12-31 08:32:47'),
(265, 333, 13, '2021-12-31 08:35:58', '2021-12-31 08:35:58'),
(269, 334, 38, '2021-12-31 08:37:59', '2021-12-31 08:37:59'),
(270, 334, 49, '2021-12-31 08:37:59', '2021-12-31 08:37:59'),
(271, 334, 50, '2021-12-31 08:37:59', '2021-12-31 08:37:59'),
(275, 335, 31, '2021-12-31 08:39:28', '2021-12-31 08:39:28'),
(276, 335, 24, '2021-12-31 08:39:28', '2021-12-31 08:39:28'),
(277, 335, 41, '2021-12-31 08:39:28', '2021-12-31 08:39:28'),
(280, 336, 9, '2021-12-31 08:40:42', '2021-12-31 08:40:42'),
(281, 336, 44, '2021-12-31 08:40:42', '2021-12-31 08:40:42'),
(284, 337, 45, '2021-12-31 08:41:51', '2021-12-31 08:41:51'),
(285, 337, 19, '2021-12-31 08:41:51', '2021-12-31 08:41:51'),
(310, 339, 25, '2022-01-01 23:07:36', '2022-01-01 23:07:36'),
(311, 340, 19, '2022-01-01 23:08:41', '2022-01-01 23:08:41'),
(312, 341, 42, '2022-01-01 23:09:30', '2022-01-01 23:09:30'),
(315, 342, 24, '2022-01-01 23:10:42', '2022-01-01 23:10:42'),
(316, 342, 41, '2022-01-01 23:10:42', '2022-01-01 23:10:42'),
(318, 343, 25, '2022-01-01 23:11:58', '2022-01-01 23:11:58'),
(325, 344, 11, '2022-01-01 23:13:22', '2022-01-01 23:13:22'),
(326, 344, 12, '2022-01-01 23:13:22', '2022-01-01 23:13:22'),
(327, 344, 29, '2022-01-01 23:13:22', '2022-01-01 23:13:22'),
(331, 345, 31, '2022-01-01 23:14:48', '2022-01-01 23:14:48'),
(332, 345, 24, '2022-01-01 23:14:48', '2022-01-01 23:14:48'),
(333, 345, 41, '2022-01-01 23:14:48', '2022-01-01 23:14:48'),
(334, 346, 25, '2022-01-01 23:16:13', '2022-01-01 23:16:13'),
(339, 347, 45, '2022-01-01 23:17:43', '2022-01-01 23:17:43'),
(340, 347, 19, '2022-01-01 23:17:43', '2022-01-01 23:17:43'),
(345, 21, 12, '2022-01-01 23:19:28', '2022-01-01 23:19:28'),
(346, 21, 29, '2022-01-01 23:19:28', '2022-01-01 23:19:28'),
(347, 348, 11, '2022-01-01 23:19:56', '2022-01-01 23:19:56'),
(348, 348, 12, '2022-01-01 23:19:56', '2022-01-01 23:19:56'),
(349, 348, 32, '2022-01-01 23:19:56', '2022-01-01 23:19:56'),
(350, 348, 29, '2022-01-01 23:19:56', '2022-01-01 23:19:56'),
(351, 349, 57, '2022-01-01 23:21:29', '2022-01-01 23:21:29'),
(352, 349, 56, '2022-01-01 23:21:29', '2022-01-01 23:21:29'),
(354, 350, 42, '2022-01-01 23:22:38', '2022-01-01 23:22:38'),
(355, 351, 45, '2022-01-03 01:57:13', '2022-01-03 01:57:13'),
(356, 351, 19, '2022-01-03 01:57:13', '2022-01-03 01:57:13'),
(359, 352, 49, '2022-01-03 01:58:06', '2022-01-03 01:58:06'),
(360, 352, 47, '2022-01-03 01:58:06', '2022-01-03 01:58:06'),
(363, 353, 45, '2022-01-03 01:59:18', '2022-01-03 01:59:18'),
(364, 353, 19, '2022-01-03 01:59:18', '2022-01-03 01:59:18'),
(367, 354, 54, '2022-01-03 02:00:26', '2022-01-03 02:00:26'),
(368, 354, 55, '2022-01-03 02:00:26', '2022-01-03 02:00:26'),
(370, 355, 31, '2022-01-03 02:01:48', '2022-01-03 02:01:48'),
(373, 356, 45, '2022-01-03 02:04:29', '2022-01-03 02:04:29'),
(374, 356, 46, '2022-01-03 02:04:29', '2022-01-03 02:04:29'),
(375, 356, 19, '2022-01-03 02:04:29', '2022-01-03 02:04:29'),
(379, 357, 45, '2022-01-03 02:20:10', '2022-01-03 02:20:10'),
(380, 357, 46, '2022-01-03 02:20:10', '2022-01-03 02:20:10'),
(381, 357, 19, '2022-01-03 02:20:10', '2022-01-03 02:20:10'),
(386, 358, 60, '2022-01-03 02:21:33', '2022-01-03 02:21:33'),
(387, 358, 25, '2022-01-03 02:21:33', '2022-01-03 02:21:33'),
(390, 359, 48, '2022-01-03 02:22:32', '2022-01-03 02:22:32'),
(391, 359, 18, '2022-01-03 02:22:32', '2022-01-03 02:22:32'),
(395, 360, 45, '2022-01-03 02:24:28', '2022-01-03 02:24:28'),
(396, 361, 60, '2022-01-03 02:25:21', '2022-01-03 02:25:21'),
(397, 361, 59, '2022-01-03 02:25:21', '2022-01-03 02:25:21'),
(398, 362, 54, '2022-01-03 13:44:17', '2022-01-03 13:44:17'),
(400, 363, 61, '2022-01-03 13:45:57', '2022-01-03 13:45:57'),
(401, 363, 15, '2022-01-03 13:45:57', '2022-01-03 13:45:57'),
(404, 364, 59, '2022-01-03 13:47:29', '2022-01-03 13:47:29'),
(405, 364, 44, '2022-01-03 13:47:29', '2022-01-03 13:47:29'),
(409, 365, 11, '2022-01-03 13:48:33', '2022-01-03 13:48:33'),
(410, 365, 12, '2022-01-03 13:48:33', '2022-01-03 13:48:33'),
(411, 365, 29, '2022-01-03 13:48:33', '2022-01-03 13:48:33'),
(415, 366, 45, '2022-01-03 13:49:48', '2022-01-03 13:49:48'),
(416, 366, 46, '2022-01-03 13:49:48', '2022-01-03 13:49:48'),
(417, 366, 19, '2022-01-03 13:49:48', '2022-01-03 13:49:48'),
(418, 367, 38, '2022-01-03 13:52:18', '2022-01-03 13:52:18'),
(419, 367, 8, '2022-01-03 13:52:18', '2022-01-03 13:52:18'),
(420, 368, 8, '2022-01-03 13:53:30', '2022-01-03 13:53:30'),
(421, 369, 42, '2022-01-03 13:55:02', '2022-01-03 13:55:02'),
(422, 369, 45, '2022-01-03 13:55:02', '2022-01-03 13:55:02'),
(433, 371, 23, '2022-01-03 13:57:34', '2022-01-03 13:57:34'),
(434, 371, 59, '2022-01-03 13:57:34', '2022-01-03 13:57:34'),
(435, 142, 45, '2022-01-03 13:58:58', '2022-01-03 13:58:58'),
(436, 142, 46, '2022-01-03 13:58:58', '2022-01-03 13:58:58'),
(437, 142, 19, '2022-01-03 13:58:58', '2022-01-03 13:58:58'),
(438, 372, 45, '2022-01-03 13:59:22', '2022-01-03 13:59:22'),
(439, 372, 46, '2022-01-03 13:59:22', '2022-01-03 13:59:22'),
(440, 372, 19, '2022-01-03 13:59:22', '2022-01-03 13:59:22'),
(446, 374, 38, '2022-01-03 14:02:22', '2022-01-03 14:02:22'),
(447, 374, 24, '2022-01-03 14:02:22', '2022-01-03 14:02:22'),
(448, 374, 41, '2022-01-03 14:02:22', '2022-01-03 14:02:22'),
(458, 376, 10, '2022-01-03 14:05:31', '2022-01-03 14:05:31'),
(459, 376, 14, '2022-01-03 14:05:31', '2022-01-03 14:05:31'),
(460, 377, 13, '2022-01-03 14:07:30', '2022-01-03 14:07:30'),
(461, 377, 24, '2022-01-03 14:07:30', '2022-01-03 14:07:30'),
(462, 377, 41, '2022-01-03 14:07:30', '2022-01-03 14:07:30'),
(464, 378, 13, '2022-01-03 14:08:45', '2022-01-03 14:08:45'),
(468, 379, 45, '2022-01-03 14:10:32', '2022-01-03 14:10:32'),
(469, 379, 46, '2022-01-03 14:10:32', '2022-01-03 14:10:32'),
(470, 379, 19, '2022-01-03 14:10:32', '2022-01-03 14:10:32'),
(473, 177, 13, '2022-01-03 19:08:34', '2022-01-03 19:08:34'),
(474, 177, 17, '2022-01-03 19:08:34', '2022-01-03 19:08:34'),
(475, 380, 13, '2022-01-03 19:09:05', '2022-01-03 19:09:05'),
(476, 380, 17, '2022-01-03 19:09:05', '2022-01-03 19:09:05'),
(477, 381, 42, '2022-01-03 19:10:59', '2022-01-03 19:10:59'),
(482, 382, 36, '2022-01-03 19:12:10', '2022-01-03 19:12:10'),
(483, 382, 45, '2022-01-03 19:12:10', '2022-01-03 19:12:10'),
(484, 382, 19, '2022-01-03 19:12:10', '2022-01-03 19:12:10'),
(485, 382, 35, '2022-01-03 19:12:10', '2022-01-03 19:12:10'),
(486, 383, 13, '2022-01-03 19:12:51', '2022-01-03 19:12:51'),
(487, 383, 12, '2022-01-03 19:12:51', '2022-01-03 19:12:51'),
(491, 386, 33, '2022-01-03 19:16:25', '2022-01-03 19:16:25'),
(492, 386, 52, '2022-01-03 19:16:25', '2022-01-03 19:16:25'),
(493, 170, 24, '2022-01-03 19:17:07', '2022-01-03 19:17:07'),
(494, 170, 41, '2022-01-03 19:17:07', '2022-01-03 19:17:07'),
(495, 387, 24, '2022-01-03 19:17:30', '2022-01-03 19:17:30'),
(496, 387, 41, '2022-01-03 19:17:30', '2022-01-03 19:17:30'),
(497, 388, 13, '2022-01-03 19:18:23', '2022-01-03 19:18:23'),
(499, 389, 59, '2022-01-03 19:19:49', '2022-01-03 19:19:49'),
(500, 390, 11, '2022-01-03 19:21:59', '2022-01-03 19:21:59'),
(501, 390, 12, '2022-01-03 19:21:59', '2022-01-03 19:21:59'),
(502, 390, 29, '2022-01-03 19:21:59', '2022-01-03 19:21:59'),
(505, 391, 45, '2022-01-03 19:23:16', '2022-01-03 19:23:16'),
(506, 391, 19, '2022-01-03 19:23:16', '2022-01-03 19:23:16'),
(510, 392, 10, '2022-01-03 19:24:48', '2022-01-03 19:24:48'),
(511, 392, 19, '2022-01-03 19:24:48', '2022-01-03 19:24:48'),
(512, 88, 57, '2022-01-03 19:25:33', '2022-01-03 19:25:33'),
(513, 393, 57, '2022-01-03 19:25:54', '2022-01-03 19:25:54'),
(516, 179, 59, '2022-01-03 19:29:55', '2022-01-03 19:29:55'),
(517, 179, 17, '2022-01-03 19:29:55', '2022-01-03 19:29:55'),
(518, 394, 59, '2022-01-03 19:30:16', '2022-01-03 19:30:16'),
(519, 394, 17, '2022-01-03 19:30:16', '2022-01-03 19:30:16'),
(520, 395, 8, '2022-01-03 19:30:53', '2022-01-03 19:30:53'),
(521, 114, 11, '2022-01-03 19:31:33', '2022-01-03 19:31:33'),
(522, 114, 12, '2022-01-03 19:31:33', '2022-01-03 19:31:33'),
(523, 114, 29, '2022-01-03 19:31:33', '2022-01-03 19:31:33'),
(524, 396, 11, '2022-01-03 19:32:00', '2022-01-03 19:32:00'),
(525, 396, 12, '2022-01-03 19:32:00', '2022-01-03 19:32:00'),
(526, 396, 29, '2022-01-03 19:32:00', '2022-01-03 19:32:00'),
(528, 201, 11, '2022-01-03 19:35:26', '2022-01-03 19:35:26'),
(529, 201, 12, '2022-01-03 19:35:26', '2022-01-03 19:35:26'),
(530, 201, 29, '2022-01-03 19:35:26', '2022-01-03 19:35:26'),
(531, 397, 11, '2022-01-03 19:35:55', '2022-01-03 19:35:55'),
(532, 397, 12, '2022-01-03 19:35:55', '2022-01-03 19:35:55'),
(533, 397, 29, '2022-01-03 19:35:55', '2022-01-03 19:35:55'),
(538, 399, 57, '2022-01-03 19:39:24', '2022-01-03 19:39:24'),
(539, 400, 20, '2022-01-03 19:40:34', '2022-01-03 19:40:34'),
(540, 400, 10, '2022-01-03 19:40:34', '2022-01-03 19:40:34'),
(541, 400, 19, '2022-01-03 19:40:34', '2022-01-03 19:40:34'),
(542, 185, 20, '2022-01-03 19:41:31', '2022-01-03 19:41:31'),
(543, 185, 10, '2022-01-03 19:41:31', '2022-01-03 19:41:31'),
(544, 185, 19, '2022-01-03 19:41:31', '2022-01-03 19:41:31'),
(545, 401, 8, '2022-01-03 19:42:13', '2022-01-03 19:42:13'),
(546, 401, 24, '2022-01-03 19:42:13', '2022-01-03 19:42:13'),
(547, 401, 41, '2022-01-03 19:42:13', '2022-01-03 19:42:13'),
(555, 403, 8, '2022-01-03 19:45:10', '2022-01-03 19:45:10'),
(556, 404, 38, '2022-01-03 19:46:17', '2022-01-03 19:46:17'),
(557, 404, 17, '2022-01-03 19:46:17', '2022-01-03 19:46:17'),
(559, 405, 8, '2022-01-03 19:47:22', '2022-01-03 19:47:22'),
(564, 406, 28, '2022-01-03 19:49:48', '2022-01-03 19:49:48'),
(565, 406, 48, '2022-01-03 19:49:48', '2022-01-03 19:49:48'),
(566, 407, 13, '2022-01-03 19:50:32', '2022-01-03 19:50:32'),
(567, 407, 18, '2022-01-03 19:50:32', '2022-01-03 19:50:32'),
(575, 409, 45, '2022-01-03 19:53:42', '2022-01-03 19:53:42'),
(576, 409, 46, '2022-01-03 19:53:42', '2022-01-03 19:53:42'),
(577, 409, 19, '2022-01-03 19:53:42', '2022-01-03 19:53:42'),
(578, 410, 63, '2022-01-03 19:56:36', '2022-01-03 19:56:36'),
(579, 410, 10, '2022-01-03 19:56:36', '2022-01-03 19:56:36'),
(580, 410, 62, '2022-01-03 19:56:36', '2022-01-03 19:56:36'),
(581, 95, 47, '2022-01-03 19:57:57', '2022-01-03 19:57:57'),
(582, 95, 17, '2022-01-03 19:57:57', '2022-01-03 19:57:57'),
(585, 375, 8, '2022-01-03 20:01:16', '2022-01-03 20:01:16'),
(586, 375, 48, '2022-01-03 20:01:16', '2022-01-03 20:01:16'),
(587, 375, 18, '2022-01-03 20:01:16', '2022-01-03 20:01:16'),
(611, 210, 8, '2022-01-04 02:35:45', '2022-01-04 02:35:45'),
(612, 212, 40, '2022-01-04 02:36:13', '2022-01-04 02:36:13'),
(615, 175, 54, '2022-01-04 02:36:46', '2022-01-04 02:36:46'),
(616, 175, 55, '2022-01-04 02:36:46', '2022-01-04 02:36:46'),
(621, 89, 23, '2022-01-04 02:37:34', '2022-01-04 02:37:34'),
(622, 89, 59, '2022-01-04 02:37:34', '2022-01-04 02:37:34'),
(623, 243, 8, '2022-01-04 02:38:55', '2022-01-04 02:38:55'),
(624, 243, 49, '2022-01-04 02:38:55', '2022-01-04 02:38:55'),
(625, 243, 39, '2022-01-04 02:38:55', '2022-01-04 02:38:55'),
(626, 220, 13, '2022-01-04 02:39:38', '2022-01-04 02:39:38'),
(627, 245, 8, '2022-01-04 02:40:16', '2022-01-04 02:40:16'),
(628, 180, 10, '2022-01-04 02:40:33', '2022-01-04 02:40:33'),
(629, 180, 14, '2022-01-04 02:40:33', '2022-01-04 02:40:33'),
(630, 141, 45, '2022-01-04 02:41:00', '2022-01-04 02:41:00'),
(631, 141, 19, '2022-01-04 02:41:00', '2022-01-04 02:41:00'),
(635, 215, 8, '2022-01-04 02:41:59', '2022-01-04 02:41:59'),
(636, 239, 38, '2022-01-04 02:43:00', '2022-01-04 02:43:00'),
(637, 239, 24, '2022-01-04 02:43:00', '2022-01-04 02:43:00'),
(638, 239, 41, '2022-01-04 02:43:00', '2022-01-04 02:43:00'),
(639, 240, 8, '2022-01-04 02:43:47', '2022-01-04 02:43:47'),
(640, 240, 26, '2022-01-04 02:43:47', '2022-01-04 02:43:47'),
(641, 240, 24, '2022-01-04 02:43:47', '2022-01-04 02:43:47'),
(645, 152, 24, '2022-01-04 02:44:45', '2022-01-04 02:44:45'),
(646, 152, 41, '2022-01-04 02:44:45', '2022-01-04 02:44:45'),
(651, 91, 42, '2022-01-04 02:47:20', '2022-01-04 02:47:20'),
(652, 91, 59, '2022-01-04 02:47:21', '2022-01-04 02:47:21'),
(654, 214, 8, '2022-01-04 02:48:17', '2022-01-04 02:48:17'),
(658, 136, 45, '2022-01-04 02:50:47', '2022-01-04 02:50:47'),
(659, 136, 19, '2022-01-04 02:50:47', '2022-01-04 02:50:47'),
(660, 217, 24, '2022-01-04 02:51:16', '2022-01-04 02:51:16'),
(661, 217, 41, '2022-01-04 02:51:16', '2022-01-04 02:51:16'),
(662, 217, 19, '2022-01-04 02:51:16', '2022-01-04 02:51:16'),
(674, 412, 38, '2022-01-04 02:54:42', '2022-01-04 02:54:42'),
(675, 412, 41, '2022-01-04 02:54:42', '2022-01-04 02:54:42'),
(676, 413, 38, '2022-01-04 02:56:15', '2022-01-04 02:56:15'),
(677, 413, 41, '2022-01-04 02:56:15', '2022-01-04 02:56:15'),
(678, 254, 17, '2022-01-04 02:56:56', '2022-01-04 02:56:56'),
(683, 416, 45, '2022-01-04 03:01:41', '2022-01-04 03:01:41'),
(684, 416, 19, '2022-01-04 03:01:41', '2022-01-04 03:01:41'),
(686, 418, 8, '2022-01-04 03:04:00', '2022-01-04 03:04:00'),
(687, 418, 45, '2022-01-04 03:04:00', '2022-01-04 03:04:00'),
(693, 80, 27, '2022-01-04 03:08:07', '2022-01-04 03:08:07'),
(694, 80, 28, '2022-01-04 03:08:07', '2022-01-04 03:08:07'),
(695, 80, 48, '2022-01-04 03:08:07', '2022-01-04 03:08:07'),
(696, 116, 65, '2022-01-04 03:09:23', '2022-01-04 03:09:23'),
(697, 116, 26, '2022-01-04 03:09:23', '2022-01-04 03:09:23'),
(698, 116, 63, '2022-01-04 03:09:23', '2022-01-04 03:09:23'),
(699, 118, 65, '2022-01-04 03:09:57', '2022-01-04 03:09:57'),
(700, 118, 38, '2022-01-04 03:09:57', '2022-01-04 03:09:57'),
(701, 118, 63, '2022-01-04 03:09:57', '2022-01-04 03:09:57'),
(702, 97, 59, '2022-01-04 03:10:34', '2022-01-04 03:10:34'),
(703, 97, 63, '2022-01-04 03:10:34', '2022-01-04 03:10:34'),
(704, 97, 62, '2022-01-04 03:10:34', '2022-01-04 03:10:34'),
(709, 417, 38, '2022-01-04 14:57:38', '2022-01-04 14:57:38'),
(710, 417, 17, '2022-01-04 14:57:38', '2022-01-04 14:57:38'),
(711, 417, 14, '2022-01-04 14:57:38', '2022-01-04 14:57:38'),
(712, 246, 45, '2022-01-06 01:41:47', '2022-01-06 01:41:47'),
(713, 246, 19, '2022-01-06 01:41:47', '2022-01-06 01:41:47'),
(720, 123, 9, '2022-01-07 00:58:17', '2022-01-07 00:58:17'),
(721, 123, 59, '2022-01-07 00:58:17', '2022-01-07 00:58:17'),
(722, 123, 15, '2022-01-07 00:58:17', '2022-01-07 00:58:17'),
(738, 69, 23, '2022-01-07 13:18:14', '2022-01-07 13:18:14'),
(739, 69, 9, '2022-01-07 13:18:14', '2022-01-07 13:18:14'),
(760, 82, 28, '2022-01-07 14:15:06', '2022-01-07 14:15:06'),
(761, 82, 48, '2022-01-07 14:15:06', '2022-01-07 14:15:06'),
(764, 101, 8, '2022-01-07 14:48:20', '2022-01-07 14:48:20'),
(765, 101, 63, '2022-01-07 14:48:20', '2022-01-07 14:48:20'),
(786, 139, 46, '2022-01-07 17:12:52', '2022-01-07 17:12:52'),
(787, 139, 19, '2022-01-07 17:12:52', '2022-01-07 17:12:52'),
(796, 102, 68, '2022-01-07 18:14:05', '2022-01-07 18:14:05'),
(797, 102, 19, '2022-01-07 18:14:05', '2022-01-07 18:14:05'),
(803, 172, 38, '2022-01-07 18:35:02', '2022-01-07 18:35:02'),
(804, 172, 59, '2022-01-07 18:35:02', '2022-01-07 18:35:02'),
(808, 373, 59, '2022-01-07 21:49:33', '2022-01-07 21:49:33'),
(809, 373, 62, '2022-01-07 21:49:33', '2022-01-07 21:49:33'),
(810, 98, 59, '2022-01-07 21:50:04', '2022-01-07 21:50:04'),
(811, 98, 63, '2022-01-07 21:50:04', '2022-01-07 21:50:04'),
(812, 98, 62, '2022-01-07 21:50:04', '2022-01-07 21:50:04'),
(826, 321, 28, '2022-01-08 01:41:57', '2022-01-08 01:41:57'),
(827, 321, 18, '2022-01-08 01:41:57', '2022-01-08 01:41:57'),
(828, 281, 18, '2022-01-08 01:42:13', '2022-01-08 01:42:13'),
(829, 203, 65, '2022-01-08 13:17:27', '2022-01-08 13:17:27'),
(830, 203, 8, '2022-01-08 13:17:27', '2022-01-08 13:17:27'),
(831, 204, 63, '2022-01-08 13:17:59', '2022-01-08 13:17:59'),
(832, 204, 62, '2022-01-08 13:17:59', '2022-01-08 13:17:59'),
(833, 176, 59, '2022-01-08 13:19:02', '2022-01-08 13:19:02'),
(834, 176, 62, '2022-01-08 13:19:02', '2022-01-08 13:19:02'),
(837, 200, 24, '2022-01-08 13:20:25', '2022-01-08 13:20:25'),
(838, 200, 41, '2022-01-08 13:20:25', '2022-01-08 13:20:25'),
(852, 195, 19, '2022-01-08 13:28:00', '2022-01-08 13:28:00'),
(853, 196, 34, '2022-01-08 13:28:30', '2022-01-08 13:28:30'),
(854, 196, 19, '2022-01-08 13:28:30', '2022-01-08 13:28:30'),
(855, 198, 19, '2022-01-08 13:28:47', '2022-01-08 13:28:47'),
(865, 189, 42, '2022-01-08 13:39:40', '2022-01-08 13:39:40'),
(866, 189, 15, '2022-01-08 13:39:40', '2022-01-08 13:39:40'),
(867, 189, 19, '2022-01-08 13:39:40', '2022-01-08 13:39:40'),
(868, 100, 8, '2022-01-08 13:41:57', '2022-01-08 13:41:57'),
(869, 100, 69, '2022-01-08 13:41:57', '2022-01-08 13:41:57'),
(870, 233, 9, '2022-01-08 13:43:33', '2022-01-08 13:43:33'),
(871, 233, 10, '2022-01-08 13:43:33', '2022-01-08 13:43:33'),
(872, 233, 44, '2022-01-08 13:43:33', '2022-01-08 13:43:33'),
(874, 292, 71, '2022-01-08 13:51:58', '2022-01-08 13:51:58'),
(875, 292, 8, '2022-01-08 13:51:58', '2022-01-08 13:51:58'),
(876, 292, 10, '2022-01-08 13:51:58', '2022-01-08 13:51:58'),
(877, 234, 71, '2022-01-08 13:52:18', '2022-01-08 13:52:18'),
(878, 234, 8, '2022-01-08 13:52:18', '2022-01-08 13:52:18'),
(879, 234, 10, '2022-01-08 13:52:18', '2022-01-08 13:52:18'),
(880, 294, 9, '2022-01-08 13:52:57', '2022-01-08 13:52:57'),
(881, 294, 10, '2022-01-08 13:52:57', '2022-01-08 13:52:57'),
(882, 294, 44, '2022-01-08 13:52:57', '2022-01-08 13:52:57'),
(883, 135, 19, '2022-01-08 14:34:13', '2022-01-08 14:34:13'),
(884, 140, 34, '2022-01-08 14:34:43', '2022-01-08 14:34:43'),
(885, 140, 19, '2022-01-08 14:34:43', '2022-01-08 14:34:43'),
(890, 425, 9, '2022-01-08 16:06:54', '2022-01-08 16:06:54'),
(891, 425, 48, '2022-01-08 16:06:54', '2022-01-08 16:06:54'),
(901, 236, 63, '2022-01-08 16:11:15', '2022-01-08 16:11:15'),
(902, 236, 10, '2022-01-08 16:11:15', '2022-01-08 16:11:15'),
(903, 236, 47, '2022-01-08 16:11:15', '2022-01-08 16:11:15'),
(907, 338, 51, '2022-01-09 04:49:25', '2022-01-09 04:49:25'),
(908, 338, 49, '2022-01-09 04:49:25', '2022-01-09 04:49:25'),
(910, 247, 26, '2022-01-09 04:51:48', '2022-01-09 04:51:48'),
(911, 247, 41, '2022-01-09 04:51:48', '2022-01-09 04:51:48'),
(917, 314, 38, '2022-01-09 04:58:23', '2022-01-09 04:58:23'),
(918, 314, 39, '2022-01-09 04:58:23', '2022-01-09 04:58:23'),
(919, 238, 13, '2022-01-09 04:59:56', '2022-01-09 04:59:56'),
(920, 211, 38, '2022-01-09 05:00:31', '2022-01-09 05:00:31'),
(921, 211, 24, '2022-01-09 05:00:31', '2022-01-09 05:00:31'),
(922, 211, 41, '2022-01-09 05:00:31', '2022-01-09 05:00:31'),
(923, 248, 19, '2022-01-09 05:11:09', '2022-01-09 05:11:09'),
(924, 143, 24, '2022-01-09 05:12:53', '2022-01-09 05:12:53'),
(925, 143, 19, '2022-01-09 05:12:53', '2022-01-09 05:12:53'),
(933, 370, 38, '2022-01-09 05:17:40', '2022-01-09 05:17:40'),
(934, 370, 24, '2022-01-09 05:17:40', '2022-01-09 05:17:40'),
(935, 370, 59, '2022-01-09 05:17:40', '2022-01-09 05:17:40'),
(936, 370, 17, '2022-01-09 05:17:40', '2022-01-09 05:17:40'),
(937, 415, 34, '2022-01-09 05:19:54', '2022-01-09 05:19:54'),
(938, 415, 19, '2022-01-09 05:19:54', '2022-01-09 05:19:54'),
(939, 171, 59, '2022-01-09 05:22:26', '2022-01-09 05:22:26'),
(943, 56, 71, '2022-01-09 05:25:08', '2022-01-09 05:25:08'),
(944, 56, 59, '2022-01-09 05:25:08', '2022-01-09 05:25:08'),
(945, 25, 71, '2022-01-09 05:25:25', '2022-01-09 05:25:25'),
(946, 25, 59, '2022-01-09 05:25:25', '2022-01-09 05:25:25'),
(947, 25, 17, '2022-01-09 05:25:25', '2022-01-09 05:25:25'),
(948, 209, 8, '2022-01-09 05:25:59', '2022-01-09 05:25:59'),
(949, 237, 71, '2022-01-09 05:27:31', '2022-01-09 05:27:31'),
(950, 237, 59, '2022-01-09 05:27:31', '2022-01-09 05:27:31'),
(951, 137, 36, '2022-01-09 05:28:29', '2022-01-09 05:28:29'),
(952, 137, 19, '2022-01-09 05:28:29', '2022-01-09 05:28:29'),
(953, 137, 35, '2022-01-09 05:28:29', '2022-01-09 05:28:29'),
(954, 221, 9, '2022-01-09 05:29:55', '2022-01-09 05:29:55'),
(955, 229, 9, '2022-01-09 05:30:14', '2022-01-09 05:30:14'),
(956, 229, 10, '2022-01-09 05:30:14', '2022-01-09 05:30:14'),
(957, 229, 17, '2022-01-09 05:30:14', '2022-01-09 05:30:14'),
(958, 230, 38, '2022-01-09 05:31:48', '2022-01-09 05:31:48'),
(959, 230, 10, '2022-01-09 05:31:48', '2022-01-09 05:31:48'),
(960, 230, 41, '2022-01-09 05:31:48', '2022-01-09 05:31:48'),
(961, 230, 69, '2022-01-09 05:31:48', '2022-01-09 05:31:48'),
(965, 218, 8, '2022-01-09 05:50:12', '2022-01-09 05:50:12'),
(966, 216, 8, '2022-01-09 05:51:20', '2022-01-09 05:51:20'),
(967, 441, 19, '2022-01-09 06:23:02', '2022-01-09 06:23:02'),
(970, 249, 19, '2022-01-09 06:33:05', '2022-01-09 06:33:05'),
(974, 253, 59, '2022-01-09 06:46:48', '2022-01-09 06:46:48'),
(975, 253, 17, '2022-01-09 06:46:48', '2022-01-09 06:46:48'),
(980, 269, 24, '2022-01-09 06:57:34', '2022-01-09 06:57:34'),
(981, 269, 41, '2022-01-09 06:57:34', '2022-01-09 06:57:34'),
(983, 423, 60, '2022-01-10 02:35:54', '2022-01-10 02:35:54'),
(984, 242, 38, '2022-01-10 19:57:02', '2022-01-10 19:57:02'),
(985, 242, 26, '2022-01-10 19:57:02', '2022-01-10 19:57:02'),
(986, 17, 28, '2022-01-13 08:09:57', '2022-01-13 08:09:57'),
(987, 270, 13, '2022-01-13 08:10:31', '2022-01-13 08:10:31'),
(988, 384, 8, '2022-01-13 08:10:45', '2022-01-13 08:10:45'),
(989, 268, 8, '2022-01-13 08:11:16', '2022-01-13 08:11:16'),
(990, 206, 56, '2022-01-13 08:11:43', '2022-01-13 08:11:43'),
(991, 277, 15, '2022-01-13 08:12:30', '2022-01-13 08:12:30'),
(994, 275, 34, '2022-01-13 08:14:30', '2022-01-13 08:14:30'),
(995, 275, 19, '2022-01-13 08:14:30', '2022-01-13 08:14:30'),
(996, 36, 28, '2022-01-13 08:15:02', '2022-01-13 08:15:02'),
(997, 398, 26, '2022-01-13 08:15:30', '2022-01-13 08:15:30'),
(998, 398, 28, '2022-01-13 08:15:30', '2022-01-13 08:15:30'),
(999, 398, 18, '2022-01-13 08:15:30', '2022-01-13 08:15:30'),
(1000, 274, 24, '2022-01-13 08:15:58', '2022-01-13 08:15:58'),
(1001, 421, 11, '2022-01-13 08:16:43', '2022-01-13 08:16:43'),
(1002, 421, 12, '2022-01-13 08:16:43', '2022-01-13 08:16:43'),
(1003, 421, 29, '2022-01-13 08:16:43', '2022-01-13 08:16:43'),
(1004, 271, 54, '2022-01-13 08:17:51', '2022-01-13 08:17:51'),
(1005, 271, 55, '2022-01-13 08:17:51', '2022-01-13 08:17:51'),
(1006, 279, 25, '2022-01-13 08:18:19', '2022-01-13 08:18:19'),
(1007, 279, 10, '2022-01-13 08:18:19', '2022-01-13 08:18:19'),
(1008, 278, 8, '2022-01-13 08:19:18', '2022-01-13 08:19:18'),
(1018, 463, 8, '2022-01-18 14:13:03', '2022-01-18 14:13:03'),
(1019, 463, 59, '2022-01-18 14:13:03', '2022-01-18 14:13:03'),
(1020, 30, 51, '2022-01-18 14:34:38', '2022-01-18 14:34:38'),
(1021, 30, 65, '2022-01-18 14:34:38', '2022-01-18 14:34:38'),
(1022, 30, 34, '2022-01-18 14:34:38', '2022-01-18 14:34:38'),
(1023, 30, 49, '2022-01-18 14:34:38', '2022-01-18 14:34:38'),
(1024, 30, 19, '2022-01-18 14:34:38', '2022-01-18 14:34:38'),
(1033, 411, 8, '2022-01-19 07:52:33', '2022-01-19 07:52:33'),
(1034, 411, 59, '2022-01-19 07:52:33', '2022-01-19 07:52:33'),
(1035, 411, 47, '2022-01-19 07:52:33', '2022-01-19 07:52:33'),
(1036, 411, 17, '2022-01-19 07:52:33', '2022-01-19 07:52:33'),
(1037, 52, 59, '2022-01-19 07:55:03', '2022-01-19 07:55:03'),
(1038, 96, 59, '2022-01-19 07:57:39', '2022-01-19 07:57:39'),
(1039, 96, 10, '2022-01-19 07:57:39', '2022-01-19 07:57:39'),
(1049, 462, 51, '2022-01-19 20:01:32', '2022-01-19 20:01:32'),
(1050, 462, 25, '2022-01-19 20:01:32', '2022-01-19 20:01:32'),
(1051, 427, 20, '2022-01-20 04:35:16', '2022-01-20 04:35:16'),
(1052, 427, 24, '2022-01-20 04:35:16', '2022-01-20 04:35:16'),
(1053, 427, 59, '2022-01-20 04:35:16', '2022-01-20 04:35:16'),
(1054, 427, 63, '2022-01-20 04:35:16', '2022-01-20 04:35:16'),
(1059, 408, 75, '2022-01-20 15:04:25', '2022-01-20 15:04:25'),
(1060, 408, 74, '2022-01-20 15:04:25', '2022-01-20 15:04:25'),
(1061, 408, 27, '2022-01-20 15:04:25', '2022-01-20 15:04:25'),
(1062, 408, 28, '2022-01-20 15:04:25', '2022-01-20 15:04:25'),
(1069, 81, 74, '2022-01-20 15:06:26', '2022-01-20 15:06:26'),
(1070, 81, 28, '2022-01-20 15:06:26', '2022-01-20 15:06:26'),
(1071, 81, 48, '2022-01-20 15:06:26', '2022-01-20 15:06:26'),
(1072, 108, 74, '2022-01-20 15:06:47', '2022-01-20 15:06:47'),
(1073, 108, 28, '2022-01-20 15:06:47', '2022-01-20 15:06:47'),
(1074, 108, 48, '2022-01-20 15:06:47', '2022-01-20 15:06:47'),
(1075, 108, 18, '2022-01-20 15:06:47', '2022-01-20 15:06:47'),
(1082, 207, 43, '2022-01-20 15:22:31', '2022-01-20 15:22:31'),
(1083, 207, 34, '2022-01-20 15:22:31', '2022-01-20 15:22:31'),
(1084, 207, 19, '2022-01-20 15:22:31', '2022-01-20 15:22:31'),
(1085, 207, 22, '2022-01-20 15:22:31', '2022-01-20 15:22:31'),
(1086, 178, 38, '2022-01-22 17:13:34', '2022-01-22 17:13:34'),
(1087, 178, 72, '2022-01-22 17:13:34', '2022-01-22 17:13:34'),
(1088, 178, 24, '2022-01-22 17:13:34', '2022-01-22 17:13:34'),
(1089, 178, 59, '2022-01-22 17:13:34', '2022-01-22 17:13:34'),
(1090, 178, 32, '2022-01-22 17:13:34', '2022-01-22 17:13:34'),
(1091, 178, 17, '2022-01-22 17:13:34', '2022-01-22 17:13:34'),
(1092, 178, 14, '2022-01-22 17:13:34', '2022-01-22 17:13:34'),
(1093, 84, 9, '2022-01-22 17:37:11', '2022-01-22 17:37:11'),
(1094, 84, 8, '2022-01-22 17:37:11', '2022-01-22 17:37:11'),
(1095, 84, 39, '2022-01-22 17:37:11', '2022-01-22 17:37:11'),
(1096, 84, 48, '2022-01-22 17:37:11', '2022-01-22 17:37:11'),
(1097, 84, 18, '2022-01-22 17:37:11', '2022-01-22 17:37:11'),
(1098, 22, 59, '2022-01-22 19:04:16', '2022-01-22 19:04:16'),
(1099, 22, 47, '2022-01-22 19:04:16', '2022-01-22 19:04:16'),
(1100, 55, 59, '2022-01-22 19:04:51', '2022-01-22 19:04:51'),
(1101, 55, 47, '2022-01-22 19:04:51', '2022-01-22 19:04:51'),
(1102, 476, 10, '2022-01-22 19:07:47', '2022-01-22 19:07:47'),
(1103, 476, 69, '2022-01-22 19:07:47', '2022-01-22 19:07:47'),
(1104, 477, 59, '2022-01-22 19:08:43', '2022-01-22 19:08:43'),
(1105, 477, 69, '2022-01-22 19:08:43', '2022-01-22 19:08:43'),
(1106, 478, 59, '2022-01-22 19:09:48', '2022-01-22 19:09:48'),
(1107, 478, 10, '2022-01-22 19:09:48', '2022-01-22 19:09:48'),
(1108, 478, 69, '2022-01-22 19:09:48', '2022-01-22 19:09:48'),
(1109, 479, 59, '2022-01-22 19:10:47', '2022-01-22 19:10:47'),
(1110, 479, 69, '2022-01-22 19:10:47', '2022-01-22 19:10:47'),
(1111, 480, 59, '2022-01-22 19:12:26', '2022-01-22 19:12:26'),
(1112, 480, 69, '2022-01-22 19:12:26', '2022-01-22 19:12:26'),
(1116, 222, 61, '2022-01-23 23:13:45', '2022-01-23 23:13:45'),
(1117, 222, 15, '2022-01-23 23:13:45', '2022-01-23 23:13:45'),
(1118, 222, 16, '2022-01-23 23:13:45', '2022-01-23 23:13:45'),
(1119, 219, 8, '2022-01-23 23:14:59', '2022-01-23 23:14:59'),
(1120, 219, 59, '2022-01-23 23:14:59', '2022-01-23 23:14:59'),
(1121, 219, 10, '2022-01-23 23:14:59', '2022-01-23 23:14:59'),
(1122, 219, 15, '2022-01-23 23:14:59', '2022-01-23 23:14:59'),
(1133, 194, 19, '2022-01-25 04:03:39', '2022-01-25 04:03:39'),
(1134, 192, 19, '2022-01-25 19:08:37', '2022-01-25 19:08:37'),
(1135, 193, 19, '2022-01-25 19:10:45', '2022-01-25 19:10:45'),
(1139, 58, 24, '2022-01-27 16:35:07', '2022-01-27 16:35:07'),
(1140, 58, 41, '2022-01-27 16:35:07', '2022-01-27 16:35:07'),
(1141, 327, 24, '2022-01-27 16:35:54', '2022-01-27 16:35:54'),
(1142, 327, 13, '2022-01-27 16:35:54', '2022-01-27 16:35:54'),
(1143, 327, 41, '2022-01-27 16:35:54', '2022-01-27 16:35:54'),
(1145, 431, 19, '2022-01-27 16:44:58', '2022-01-27 16:44:58'),
(1154, 173, 9, '2022-01-27 20:26:58', '2022-01-27 20:26:58'),
(1155, 173, 44, '2022-01-27 20:26:58', '2022-01-27 20:26:58'),
(1156, 166, 24, '2022-01-28 22:07:57', '2022-01-28 22:07:57'),
(1157, 166, 41, '2022-01-28 22:07:57', '2022-01-28 22:07:57'),
(1158, 166, 29, '2022-01-28 22:07:57', '2022-01-28 22:07:57'),
(1159, 159, 9, '2022-01-28 22:09:55', '2022-01-28 22:09:55'),
(1160, 159, 8, '2022-01-28 22:09:55', '2022-01-28 22:09:55'),
(1161, 159, 48, '2022-01-28 22:09:55', '2022-01-28 22:09:55'),
(1162, 159, 18, '2022-01-28 22:09:55', '2022-01-28 22:09:55'),
(1163, 5, 65, '2022-01-28 22:11:26', '2022-01-28 22:11:26'),
(1164, 5, 43, '2022-01-28 22:11:26', '2022-01-28 22:11:26'),
(1165, 5, 8, '2022-01-28 22:11:26', '2022-01-28 22:11:26'),
(1171, 147, 9, '2022-01-29 02:28:25', '2022-01-29 02:28:25'),
(1172, 147, 61, '2022-01-29 02:28:25', '2022-01-29 02:28:25'),
(1173, 147, 15, '2022-01-29 02:28:25', '2022-01-29 02:28:25'),
(1174, 126, 19, '2022-01-29 02:29:37', '2022-01-29 02:29:37'),
(1175, 78, 43, '2022-01-29 02:30:42', '2022-01-29 02:30:42'),
(1176, 78, 34, '2022-01-29 02:30:42', '2022-01-29 02:30:42'),
(1177, 78, 31, '2022-01-29 02:30:42', '2022-01-29 02:30:42'),
(1178, 78, 24, '2022-01-29 02:30:42', '2022-01-29 02:30:42'),
(1179, 78, 19, '2022-01-29 02:30:42', '2022-01-29 02:30:42'),
(1180, 78, 22, '2022-01-29 02:30:42', '2022-01-29 02:30:42'),
(1181, 241, 8, '2022-01-29 11:36:18', '2022-01-29 11:36:18'),
(1182, 241, 26, '2022-01-29 11:36:18', '2022-01-29 11:36:18'),
(1183, 241, 41, '2022-01-29 11:36:18', '2022-01-29 11:36:18'),
(1185, 250, 17, '2022-01-29 11:42:28', '2022-01-29 11:42:28'),
(1186, 251, 8, '2022-01-29 11:43:12', '2022-01-29 11:43:12'),
(1187, 255, 8, '2022-01-29 11:43:44', '2022-01-29 11:43:44'),
(1188, 252, 8, '2022-01-29 11:44:22', '2022-01-29 11:44:22'),
(1189, 85, 48, '2022-01-29 11:48:00', '2022-01-29 11:48:00'),
(1190, 85, 18, '2022-01-29 11:48:00', '2022-01-29 11:48:00'),
(1191, 165, 24, '2022-01-29 11:49:00', '2022-01-29 11:49:00'),
(1192, 165, 41, '2022-01-29 11:49:00', '2022-01-29 11:49:00'),
(1193, 235, 63, '2022-01-29 11:49:57', '2022-01-29 11:49:57'),
(1194, 235, 10, '2022-01-29 11:49:57', '2022-01-29 11:49:57'),
(1195, 235, 62, '2022-01-29 11:49:57', '2022-01-29 11:49:57'),
(1198, 15, 51, '2022-01-29 11:54:32', '2022-01-29 11:54:32'),
(1199, 15, 8, '2022-01-29 11:54:32', '2022-01-29 11:54:32'),
(1200, 15, 49, '2022-01-29 11:54:32', '2022-01-29 11:54:32'),
(1201, 124, 25, '2022-01-29 11:56:38', '2022-01-29 11:56:38'),
(1202, 124, 14, '2022-01-29 11:56:38', '2022-01-29 11:56:38'),
(1208, 288, 9, '2022-01-29 12:05:55', '2022-01-29 12:05:55'),
(1209, 288, 48, '2022-01-29 12:05:55', '2022-01-29 12:05:55'),
(1217, 187, 10, '2022-01-29 13:40:01', '2022-01-29 13:40:01'),
(1221, 61, 33, '2022-01-29 15:51:44', '2022-01-29 15:51:44'),
(1228, 483, 41, '2022-01-30 00:37:28', '2022-01-30 00:37:28'),
(1229, 310, 19, '2022-01-31 06:21:40', '2022-01-31 06:21:40'),
(1230, 297, 19, '2022-01-31 06:22:29', '2022-01-31 06:22:29'),
(1236, 494, 9, '2022-01-31 07:27:57', '2022-01-31 07:27:57'),
(1237, 494, 10, '2022-01-31 07:27:57', '2022-01-31 07:27:57'),
(1238, 494, 18, '2022-01-31 07:27:57', '2022-01-31 07:27:57'),
(1239, 497, 9, '2022-02-01 04:31:26', '2022-02-01 04:31:26'),
(1240, 497, 10, '2022-02-01 04:31:26', '2022-02-01 04:31:26'),
(1241, 3, 8, '2022-02-03 01:01:32', '2022-02-03 01:01:32'),
(1242, 3, 28, '2022-02-03 01:01:32', '2022-02-03 01:01:32'),
(1243, 3, 40, '2022-02-03 01:01:32', '2022-02-03 01:01:32'),
(1244, 190, 19, '2022-02-04 21:23:35', '2022-02-04 21:23:35'),
(1245, 29, 38, '2022-02-04 21:24:01', '2022-02-04 21:24:01'),
(1246, 29, 24, '2022-02-04 21:24:01', '2022-02-04 21:24:01'),
(1247, 29, 41, '2022-02-04 21:24:01', '2022-02-04 21:24:01'),
(1253, 188, 48, '2022-02-04 21:28:42', '2022-02-04 21:28:42'),
(1254, 188, 18, '2022-02-04 21:28:42', '2022-02-04 21:28:42'),
(1264, 92, 25, '2022-02-05 19:07:17', '2022-02-05 19:07:17'),
(1265, 93, 25, '2022-02-05 19:07:44', '2022-02-05 19:07:44'),
(1266, 182, 25, '2022-02-05 19:08:14', '2022-02-05 19:08:14'),
(1267, 182, 60, '2022-02-05 19:08:14', '2022-02-05 19:08:14'),
(1268, 183, 51, '2022-02-05 19:08:39', '2022-02-05 19:08:39'),
(1269, 183, 49, '2022-02-05 19:08:39', '2022-02-05 19:08:39'),
(1270, 183, 50, '2022-02-05 19:08:39', '2022-02-05 19:08:39'),
(1271, 184, 38, '2022-02-05 19:09:15', '2022-02-05 19:09:15'),
(1272, 184, 59, '2022-02-05 19:09:15', '2022-02-05 19:09:15'),
(1273, 184, 12, '2022-02-05 19:09:15', '2022-02-05 19:09:15'),
(1274, 184, 10, '2022-02-05 19:09:15', '2022-02-05 19:09:15'),
(1280, 499, 20, '2022-02-05 19:37:28', '2022-02-05 19:37:28'),
(1281, 499, 34, '2022-02-05 19:37:28', '2022-02-05 19:37:28'),
(1282, 499, 19, '2022-02-05 19:37:28', '2022-02-05 19:37:28'),
(1283, 499, 68, '2022-02-05 19:37:28', '2022-02-05 19:37:28'),
(1284, 500, 20, '2022-02-05 19:39:32', '2022-02-05 19:39:32'),
(1285, 500, 34, '2022-02-05 19:39:32', '2022-02-05 19:39:32'),
(1286, 500, 19, '2022-02-05 19:39:32', '2022-02-05 19:39:32'),
(1287, 500, 68, '2022-02-05 19:39:32', '2022-02-05 19:39:32'),
(1288, 501, 20, '2022-02-05 19:40:58', '2022-02-05 19:40:58'),
(1289, 501, 34, '2022-02-05 19:40:58', '2022-02-05 19:40:58'),
(1290, 501, 19, '2022-02-05 19:40:58', '2022-02-05 19:40:58'),
(1291, 501, 68, '2022-02-05 19:40:58', '2022-02-05 19:40:58'),
(1292, 501, 76, '2022-02-05 19:40:58', '2022-02-05 19:40:58'),
(1293, 186, 20, '2022-02-05 19:42:09', '2022-02-05 19:42:09'),
(1294, 186, 34, '2022-02-05 19:42:09', '2022-02-05 19:42:09'),
(1295, 186, 19, '2022-02-05 19:42:09', '2022-02-05 19:42:09'),
(1296, 186, 68, '2022-02-05 19:42:09', '2022-02-05 19:42:09'),
(1297, 186, 76, '2022-02-05 19:42:09', '2022-02-05 19:42:09'),
(1298, 213, 20, '2022-02-05 20:06:04', '2022-02-05 20:06:04'),
(1299, 213, 34, '2022-02-05 20:06:04', '2022-02-05 20:06:04'),
(1300, 213, 19, '2022-02-05 20:06:04', '2022-02-05 20:06:04'),
(1301, 213, 68, '2022-02-05 20:06:04', '2022-02-05 20:06:04'),
(1302, 13, 8, '2022-02-06 16:39:51', '2022-02-06 16:39:51'),
(1303, 53, 53, '2022-02-06 16:40:45', '2022-02-06 16:40:45'),
(1304, 53, 52, '2022-02-06 16:40:45', '2022-02-06 16:40:45'),
(1305, 53, 18, '2022-02-06 16:40:45', '2022-02-06 16:40:45'),
(1306, 259, 53, '2022-02-06 16:42:17', '2022-02-06 16:42:17'),
(1307, 259, 52, '2022-02-06 16:42:17', '2022-02-06 16:42:17'),
(1308, 259, 18, '2022-02-06 16:42:17', '2022-02-06 16:42:17'),
(1309, 67, 31, '2022-02-07 02:50:19', '2022-02-07 02:50:19'),
(1310, 67, 24, '2022-02-07 02:50:19', '2022-02-07 02:50:19'),
(1311, 67, 41, '2022-02-07 02:50:19', '2022-02-07 02:50:19'),
(1312, 4, 53, '2022-02-07 15:50:06', '2022-02-07 15:50:06'),
(1313, 4, 52, '2022-02-07 15:50:06', '2022-02-07 15:50:06'),
(1314, 4, 18, '2022-02-07 15:50:06', '2022-02-07 15:50:06'),
(1319, 71, 63, '2022-02-07 15:50:50', '2022-02-07 15:50:50'),
(1320, 71, 17, '2022-02-07 15:50:50', '2022-02-07 15:50:50'),
(1321, 71, 14, '2022-02-07 15:50:50', '2022-02-07 15:50:50'),
(1322, 72, 10, '2022-02-07 20:55:18', '2022-02-07 20:55:18'),
(1323, 72, 19, '2022-02-07 20:55:18', '2022-02-07 20:55:18'),
(1324, 72, 48, '2022-02-07 20:55:18', '2022-02-07 20:55:18'),
(1325, 73, 54, '2022-02-07 20:55:35', '2022-02-07 20:55:35'),
(1326, 74, 38, '2022-02-07 20:55:57', '2022-02-07 20:55:57'),
(1327, 74, 26, '2022-02-07 20:55:57', '2022-02-07 20:55:57'),
(1340, 504, 51, '2022-02-08 02:58:27', '2022-02-08 02:58:27'),
(1341, 504, 21, '2022-02-08 02:58:27', '2022-02-08 02:58:27'),
(1342, 504, 53, '2022-02-08 02:58:27', '2022-02-08 02:58:27'),
(1343, 504, 65, '2022-02-08 02:58:27', '2022-02-08 02:58:27'),
(1344, 504, 42, '2022-02-08 02:58:27', '2022-02-08 02:58:27'),
(1345, 504, 26, '2022-02-08 02:58:27', '2022-02-08 02:58:27'),
(1350, 99, 63, '2022-02-09 17:55:58', '2022-02-09 17:55:58'),
(1351, 99, 62, '2022-02-09 17:55:58', '2022-02-09 17:55:58'),
(1352, 507, 59, '2022-02-09 17:56:53', '2022-02-09 17:56:53'),
(1353, 507, 10, '2022-02-09 17:56:53', '2022-02-09 17:56:53'),
(1354, 507, 69, '2022-02-09 17:56:53', '2022-02-09 17:56:53'),
(1355, 1, 65, '2022-02-10 23:55:01', '2022-02-10 23:55:01'),
(1356, 1, 43, '2022-02-10 23:55:01', '2022-02-10 23:55:01'),
(1357, 1, 38, '2022-02-10 23:55:01', '2022-02-10 23:55:01'),
(1358, 1, 8, '2022-02-10 23:55:01', '2022-02-10 23:55:01'),
(1359, 1, 41, '2022-02-10 23:55:01', '2022-02-10 23:55:01'),
(1360, 75, 25, '2022-02-10 23:55:38', '2022-02-10 23:55:38'),
(1361, 76, 57, '2022-02-10 23:56:11', '2022-02-10 23:56:11'),
(1362, 76, 56, '2022-02-10 23:56:11', '2022-02-10 23:56:11'),
(1363, 145, 24, '2022-02-10 23:56:43', '2022-02-10 23:56:43'),
(1364, 145, 41, '2022-02-10 23:56:43', '2022-02-10 23:56:43'),
(1365, 146, 49, '2022-02-10 23:57:08', '2022-02-10 23:57:08'),
(1366, 146, 39, '2022-02-10 23:57:08', '2022-02-10 23:57:08'),
(1367, 133, 19, '2022-02-11 03:10:34', '2022-02-11 03:10:34'),
(1369, 148, 51, '2022-02-11 03:14:18', '2022-02-11 03:14:18'),
(1370, 148, 38, '2022-02-11 03:14:18', '2022-02-11 03:14:18'),
(1371, 148, 49, '2022-02-11 03:14:18', '2022-02-11 03:14:18'),
(1372, 148, 50, '2022-02-11 03:14:18', '2022-02-11 03:14:18'),
(1373, 131, 19, '2022-02-11 03:14:46', '2022-02-11 03:14:46'),
(1374, 158, 49, '2022-02-11 03:15:19', '2022-02-11 03:15:19'),
(1375, 158, 39, '2022-02-11 03:15:19', '2022-02-11 03:15:19'),
(1376, 158, 14, '2022-02-11 03:15:19', '2022-02-11 03:15:19'),
(1377, 158, 58, '2022-02-11 03:15:19', '2022-02-11 03:15:19'),
(1378, 149, 51, '2022-02-11 03:15:40', '2022-02-11 03:15:40'),
(1379, 149, 49, '2022-02-11 03:15:40', '2022-02-11 03:15:40'),
(1380, 149, 39, '2022-02-11 03:15:40', '2022-02-11 03:15:40'),
(1381, 149, 50, '2022-02-11 03:15:40', '2022-02-11 03:15:40'),
(1382, 150, 31, '2022-02-11 17:03:57', '2022-02-11 17:03:57'),
(1383, 151, 13, '2022-02-11 17:04:21', '2022-02-11 17:04:21'),
(1384, 153, 24, '2022-02-11 17:04:42', '2022-02-11 17:04:42'),
(1385, 153, 41, '2022-02-11 17:04:42', '2022-02-11 17:04:42'),
(1386, 155, 74, '2022-02-11 17:05:21', '2022-02-11 17:05:21'),
(1387, 155, 48, '2022-02-11 17:05:21', '2022-02-11 17:05:21'),
(1388, 155, 18, '2022-02-11 17:05:21', '2022-02-11 17:05:21'),
(1389, 156, 13, '2022-02-11 17:06:31', '2022-02-11 17:06:31'),
(1390, 157, 49, '2022-02-11 17:07:02', '2022-02-11 17:07:02'),
(1391, 157, 47, '2022-02-11 17:07:02', '2022-02-11 17:07:02'),
(1392, 160, 63, '2022-02-11 17:07:36', '2022-02-11 17:07:36'),
(1393, 160, 48, '2022-02-11 17:07:36', '2022-02-11 17:07:36'),
(1394, 160, 18, '2022-02-11 17:07:36', '2022-02-11 17:07:36'),
(1395, 161, 8, '2022-02-11 17:08:21', '2022-02-11 17:08:21'),
(1396, 162, 38, '2022-02-11 17:09:10', '2022-02-11 17:09:10'),
(1397, 162, 17, '2022-02-11 17:09:10', '2022-02-11 17:09:10'),
(1398, 163, 8, '2022-02-11 17:09:50', '2022-02-11 17:09:50'),
(1399, 8, 34, '2022-02-11 17:10:39', '2022-02-11 17:10:39'),
(1400, 8, 19, '2022-02-11 17:10:39', '2022-02-11 17:10:39'),
(1402, 125, 19, '2022-02-11 17:12:18', '2022-02-11 17:12:18'),
(1403, 130, 19, '2022-02-11 17:13:03', '2022-02-11 17:13:03'),
(1404, 129, 36, '2022-02-11 17:13:23', '2022-02-11 17:13:23'),
(1405, 129, 19, '2022-02-11 17:13:23', '2022-02-11 17:13:23'),
(1406, 129, 37, '2022-02-11 17:13:23', '2022-02-11 17:13:23'),
(1407, 129, 35, '2022-02-11 17:13:23', '2022-02-11 17:13:23'),
(1408, 128, 19, '2022-02-11 17:13:44', '2022-02-11 17:13:44'),
(1409, 127, 19, '2022-02-11 17:14:08', '2022-02-11 17:14:08'),
(1410, 484, 19, '2022-02-11 17:14:41', '2022-02-11 17:14:41'),
(1411, 79, 28, '2022-02-11 17:15:18', '2022-02-11 17:15:18'),
(1412, 79, 48, '2022-02-11 17:15:18', '2022-02-11 17:15:18'),
(1417, 83, 48, '2022-02-11 17:36:53', '2022-02-11 17:36:53'),
(1418, 83, 18, '2022-02-11 17:36:53', '2022-02-11 17:36:53'),
(1419, 86, 75, '2022-02-11 17:38:56', '2022-02-11 17:38:56'),
(1420, 86, 74, '2022-02-11 17:38:56', '2022-02-11 17:38:56'),
(1421, 86, 27, '2022-02-11 17:38:56', '2022-02-11 17:38:56'),
(1422, 86, 28, '2022-02-11 17:38:56', '2022-02-11 17:38:56'),
(1423, 28, 38, '2022-02-11 17:39:18', '2022-02-11 17:39:18'),
(1424, 105, 48, '2022-02-11 17:39:39', '2022-02-11 17:39:39'),
(1425, 105, 18, '2022-02-11 17:39:39', '2022-02-11 17:39:39'),
(1426, 106, 48, '2022-02-11 17:39:56', '2022-02-11 17:39:56'),
(1427, 106, 18, '2022-02-11 17:39:56', '2022-02-11 17:39:56'),
(1431, 181, 49, '2022-02-11 17:41:02', '2022-02-11 17:41:02'),
(1432, 181, 59, '2022-02-11 17:41:02', '2022-02-11 17:41:02'),
(1433, 181, 50, '2022-02-11 17:41:02', '2022-02-11 17:41:02'),
(1434, 231, 10, '2022-02-11 17:41:39', '2022-02-11 17:41:39'),
(1435, 231, 17, '2022-02-11 17:41:39', '2022-02-11 17:41:39'),
(1438, 112, 11, '2022-02-11 17:43:11', '2022-02-11 17:43:11'),
(1439, 112, 12, '2022-02-11 17:43:11', '2022-02-11 17:43:11'),
(1440, 112, 29, '2022-02-11 17:43:11', '2022-02-11 17:43:11'),
(1441, 174, 26, '2022-02-12 04:49:21', '2022-02-12 04:49:21'),
(1442, 174, 44, '2022-02-12 04:49:21', '2022-02-12 04:49:21'),
(1443, 107, 74, '2022-02-12 04:49:44', '2022-02-12 04:49:44'),
(1444, 107, 28, '2022-02-12 04:49:44', '2022-02-12 04:49:44'),
(1445, 107, 18, '2022-02-12 04:49:44', '2022-02-12 04:49:44'),
(1446, 429, 48, '2022-02-12 04:50:16', '2022-02-12 04:50:16'),
(1447, 429, 18, '2022-02-12 04:50:16', '2022-02-12 04:50:16'),
(1448, 122, 9, '2022-02-12 04:50:46', '2022-02-12 04:50:46'),
(1449, 122, 8, '2022-02-12 04:50:46', '2022-02-12 04:50:46'),
(1450, 122, 30, '2022-02-12 04:50:46', '2022-02-12 04:50:46'),
(1453, 113, 12, '2022-02-12 04:51:44', '2022-02-12 04:51:44'),
(1454, 87, 57, '2022-02-12 04:52:11', '2022-02-12 04:52:11'),
(1455, 228, 65, '2022-02-12 04:52:37', '2022-02-12 04:52:37'),
(1456, 228, 38, '2022-02-12 04:52:37', '2022-02-12 04:52:37'),
(1457, 228, 24, '2022-02-12 04:52:37', '2022-02-12 04:52:37'),
(1458, 228, 73, '2022-02-12 04:52:37', '2022-02-12 04:52:37'),
(1459, 228, 41, '2022-02-12 04:52:37', '2022-02-12 04:52:37'),
(1460, 109, 11, '2022-02-12 04:53:21', '2022-02-12 04:53:21'),
(1461, 109, 12, '2022-02-12 04:53:21', '2022-02-12 04:53:21'),
(1462, 109, 29, '2022-02-12 04:53:21', '2022-02-12 04:53:21'),
(1463, 110, 11, '2022-02-12 04:53:47', '2022-02-12 04:53:47'),
(1464, 110, 12, '2022-02-12 04:53:47', '2022-02-12 04:53:47'),
(1465, 110, 32, '2022-02-12 04:53:47', '2022-02-12 04:53:47'),
(1466, 110, 29, '2022-02-12 04:53:47', '2022-02-12 04:53:47'),
(1467, 111, 11, '2022-02-12 04:54:12', '2022-02-12 04:54:12'),
(1468, 111, 12, '2022-02-12 04:54:12', '2022-02-12 04:54:12'),
(1469, 111, 29, '2022-02-12 04:54:12', '2022-02-12 04:54:12'),
(1470, 191, 19, '2022-02-12 04:54:38', '2022-02-12 04:54:38'),
(1473, 115, 59, '2022-02-12 04:55:30', '2022-02-12 04:55:30'),
(1474, 115, 44, '2022-02-12 04:55:30', '2022-02-12 04:55:30'),
(1475, 117, 60, '2022-02-12 04:55:52', '2022-02-12 04:55:52'),
(1476, 117, 59, '2022-02-12 04:55:52', '2022-02-12 04:55:52'),
(1477, 119, 38, '2022-02-12 04:56:12', '2022-02-12 04:56:12'),
(1478, 120, 42, '2022-02-12 04:56:33', '2022-02-12 04:56:33'),
(1479, 120, 13, '2022-02-12 04:56:33', '2022-02-12 04:56:33'),
(1480, 121, 20, '2022-02-12 04:56:49', '2022-02-12 04:56:49'),
(1481, 121, 27, '2022-02-12 04:56:49', '2022-02-12 04:56:49'),
(1482, 121, 19, '2022-02-12 04:56:49', '2022-02-12 04:56:49'),
(1483, 20, 24, '2022-02-12 04:58:27', '2022-02-12 04:58:27'),
(1484, 20, 41, '2022-02-12 04:58:27', '2022-02-12 04:58:27'),
(1485, 164, 24, '2022-02-12 04:58:51', '2022-02-12 04:58:51'),
(1486, 164, 17, '2022-02-12 04:58:51', '2022-02-12 04:58:51'),
(1487, 167, 31, '2022-02-12 04:59:13', '2022-02-12 04:59:13'),
(1488, 167, 24, '2022-02-12 04:59:13', '2022-02-12 04:59:13'),
(1489, 167, 41, '2022-02-12 04:59:13', '2022-02-12 04:59:13'),
(1490, 169, 13, '2022-02-12 04:59:41', '2022-02-12 04:59:41'),
(1491, 169, 18, '2022-02-12 04:59:41', '2022-02-12 04:59:41'),
(1492, 168, 24, '2022-02-12 05:00:36', '2022-02-12 05:00:36'),
(1493, 168, 13, '2022-02-12 05:00:36', '2022-02-12 05:00:36'),
(1494, 168, 41, '2022-02-12 05:00:36', '2022-02-12 05:00:36'),
(1495, 138, 19, '2022-02-12 05:02:26', '2022-02-12 05:02:26'),
(1496, 154, 24, '2022-02-12 05:02:58', '2022-02-12 05:02:58'),
(1497, 154, 41, '2022-02-12 05:02:58', '2022-02-12 05:02:58'),
(1498, 94, 26, '2022-02-12 05:27:31', '2022-02-12 05:27:31'),
(1499, 94, 41, '2022-02-12 05:27:31', '2022-02-12 05:27:31'),
(1500, 94, 17, '2022-02-12 05:27:31', '2022-02-12 05:27:31'),
(1501, 493, 9, '2022-02-12 15:26:50', '2022-02-12 15:26:50'),
(1502, 493, 44, '2022-02-12 15:26:50', '2022-02-12 15:26:50'),
(1503, 199, 28, '2022-02-12 15:28:43', '2022-02-12 15:28:43'),
(1504, 199, 48, '2022-02-12 15:28:43', '2022-02-12 15:28:43'),
(1505, 199, 18, '2022-02-12 15:28:43', '2022-02-12 15:28:43'),
(1506, 290, 18, '2022-02-12 15:32:35', '2022-02-12 15:32:35'),
(1507, 134, 19, '2022-02-12 15:35:38', '2022-02-12 15:35:38'),
(1513, 144, 42, '2022-02-12 16:54:18', '2022-02-12 16:54:18'),
(1514, 27, 33, '2022-02-13 20:53:56', '2022-02-13 20:53:56'),
(1515, 27, 40, '2022-02-13 20:53:56', '2022-02-13 20:53:56'),
(1516, 385, 33, '2022-02-13 20:54:16', '2022-02-13 20:54:16'),
(1517, 385, 52, '2022-02-13 20:54:16', '2022-02-13 20:54:16'),
(1518, 68, 66, '2022-02-14 12:50:10', '2022-02-14 12:50:10'),
(1519, 68, 19, '2022-02-14 12:50:10', '2022-02-14 12:50:10'),
(1520, 68, 77, '2022-02-14 12:50:10', '2022-02-14 12:50:10'),
(1521, 23, 28, '2022-02-14 23:04:45', '2022-02-14 23:04:45'),
(1522, 23, 18, '2022-02-14 23:04:45', '2022-02-14 23:04:45'),
(1523, 508, 70, '2022-02-14 23:06:00', '2022-02-14 23:06:00'),
(1524, 225, 8, '2022-02-15 01:12:33', '2022-02-15 01:12:33'),
(1525, 225, 59, '2022-02-15 01:12:33', '2022-02-15 01:12:33'),
(1526, 225, 17, '2022-02-15 01:12:33', '2022-02-15 01:12:33'),
(1527, 70, 42, '2022-02-15 01:35:25', '2022-02-15 01:35:25'),
(1528, 70, 43, '2022-02-15 01:35:25', '2022-02-15 01:35:25'),
(1529, 70, 23, '2022-02-15 01:35:25', '2022-02-15 01:35:25'),
(1530, 70, 34, '2022-02-15 01:35:25', '2022-02-15 01:35:25'),
(1531, 70, 13, '2022-02-15 01:35:25', '2022-02-15 01:35:25'),
(1532, 70, 19, '2022-02-15 01:35:25', '2022-02-15 01:35:25'),
(1533, 70, 14, '2022-02-15 01:35:25', '2022-02-15 01:35:25'),
(1534, 70, 77, '2022-02-15 01:35:25', '2022-02-15 01:35:25'),
(1535, 426, 38, '2022-02-15 11:39:34', '2022-02-15 11:39:34'),
(1536, 426, 71, '2022-02-15 11:39:34', '2022-02-15 11:39:34'),
(1537, 426, 8, '2022-02-15 11:39:34', '2022-02-15 11:39:34'),
(1538, 426, 10, '2022-02-15 11:39:34', '2022-02-15 11:39:34'),
(1539, 426, 62, '2022-02-15 11:39:34', '2022-02-15 11:39:34'),
(1540, 16, 42, '2022-02-15 11:40:47', '2022-02-15 11:40:47'),
(1541, 16, 43, '2022-02-15 11:40:47', '2022-02-15 11:40:47'),
(1542, 16, 19, '2022-02-15 11:40:47', '2022-02-15 11:40:47');
INSERT INTO `co_book_list_categories` (`id`, `book_list_id`, `cat_id`, `created_at`, `updated_at`) VALUES
(1543, 16, 57, '2022-02-15 11:40:47', '2022-02-15 11:40:47'),
(1544, 16, 56, '2022-02-15 11:40:47', '2022-02-15 11:40:47'),
(1545, 16, 50, '2022-02-15 11:40:47', '2022-02-15 11:40:47'),
(1546, 24, 34, '2022-02-16 20:53:57', '2022-02-16 20:53:57'),
(1547, 24, 36, '2022-02-16 20:53:57', '2022-02-16 20:53:57'),
(1548, 24, 67, '2022-02-16 20:53:57', '2022-02-16 20:53:57'),
(1549, 509, 34, '2022-02-17 07:55:02', '2022-02-17 07:55:02'),
(1550, 433, 71, '2022-02-18 11:51:23', '2022-02-18 11:51:23'),
(1551, 433, 59, '2022-02-18 11:51:23', '2022-02-18 11:51:23'),
(1552, 433, 50, '2022-02-18 11:51:23', '2022-02-18 11:51:23'),
(1553, 459, 71, '2022-02-18 11:51:38', '2022-02-18 11:51:38'),
(1554, 459, 59, '2022-02-18 11:51:38', '2022-02-18 11:51:38'),
(1555, 438, 71, '2022-02-18 11:52:23', '2022-02-18 11:52:23'),
(1556, 438, 13, '2022-02-18 11:52:23', '2022-02-18 11:52:23'),
(1557, 438, 59, '2022-02-18 11:52:23', '2022-02-18 11:52:23'),
(1558, 132, 19, '2022-02-18 15:31:59', '2022-02-18 15:31:59'),
(1559, 510, 63, '2022-02-19 01:08:47', '2022-02-19 01:08:47'),
(1560, 510, 76, '2022-02-19 01:08:47', '2022-02-19 01:08:47'),
(1561, 511, 8, '2022-02-19 01:12:01', '2022-02-19 01:12:01'),
(1562, 414, 59, '2022-02-19 01:12:26', '2022-02-19 01:12:26'),
(1563, 414, 63, '2022-02-19 01:12:26', '2022-02-19 01:12:26'),
(1564, 402, 33, '2022-02-19 01:13:16', '2022-02-19 01:13:16'),
(1567, 513, 63, '2022-02-19 01:16:10', '2022-02-19 01:16:10'),
(1568, 514, 79, '2022-02-19 01:35:07', '2022-02-19 01:35:07'),
(1569, 514, 80, '2022-02-19 01:35:07', '2022-02-19 01:35:07'),
(1570, 514, 78, '2022-02-19 01:35:07', '2022-02-19 01:35:07'),
(1571, 515, 65, '2022-02-19 01:36:57', '2022-02-19 01:36:57'),
(1572, 516, 10, '2022-02-19 01:40:51', '2022-02-19 01:40:51'),
(1573, 516, 50, '2022-02-19 01:40:51', '2022-02-19 01:40:51'),
(1574, 517, 81, '2022-02-19 01:42:18', '2022-02-19 01:42:18'),
(1575, 518, 59, '2022-02-19 01:54:15', '2022-02-19 01:54:15'),
(1576, 519, 59, '2022-02-19 01:59:29', '2022-02-19 01:59:29'),
(1577, 519, 15, '2022-02-19 01:59:29', '2022-02-19 01:59:29'),
(1578, 519, 17, '2022-02-19 01:59:29', '2022-02-19 01:59:29'),
(1579, 519, 69, '2022-02-19 01:59:29', '2022-02-19 01:59:29'),
(1580, 520, 59, '2022-02-19 02:01:36', '2022-02-19 02:01:36'),
(1581, 520, 30, '2022-02-19 02:01:36', '2022-02-19 02:01:36'),
(1582, 520, 47, '2022-02-19 02:01:36', '2022-02-19 02:01:36'),
(1583, 521, 14, '2022-02-19 02:29:16', '2022-02-19 02:29:16'),
(1584, 522, 48, '2022-02-19 02:36:38', '2022-02-19 02:36:38'),
(1585, 522, 18, '2022-02-19 02:36:38', '2022-02-19 02:36:38'),
(1586, 523, 48, '2022-02-19 02:37:23', '2022-02-19 02:37:23'),
(1587, 523, 18, '2022-02-19 02:37:23', '2022-02-19 02:37:23'),
(1588, 524, 19, '2022-02-19 02:43:50', '2022-02-19 02:43:50'),
(1589, 525, 27, '2022-02-19 03:17:34', '2022-02-19 03:17:34'),
(1590, 525, 28, '2022-02-19 03:17:34', '2022-02-19 03:17:34'),
(1591, 526, 17, '2022-02-19 03:19:17', '2022-02-19 03:19:17'),
(1592, 527, 53, '2022-02-19 03:34:55', '2022-02-19 03:34:55'),
(1593, 528, 10, '2022-02-19 03:38:55', '2022-02-19 03:38:55'),
(1594, 512, 66, '2022-02-20 15:02:07', '2022-02-20 15:02:07'),
(1595, 512, 63, '2022-02-20 15:02:07', '2022-02-20 15:02:07');

-- --------------------------------------------------------

--
-- Table structure for table `co_book_list_titles`
--

CREATE TABLE `co_book_list_titles` (
  `id` bigint(20) UNSIGNED NOT NULL,
  `title` varchar(255) COLLATE utf8mb4_unicode_ci DEFAULT NULL,
  `created_at` timestamp NULL DEFAULT NULL,
  `updated_at` timestamp NULL DEFAULT NULL
) ENGINE=InnoDB DEFAULT CHARSET=utf8mb4 COLLATE=utf8mb4_unicode_ci;

-- --------------------------------------------------------

--
-- Table structure for table `co_categories`
--

CREATE TABLE `co_categories` (
  `id` bigint(20) UNSIGNED NOT NULL,
  `name` varchar(255) COLLATE utf8mb4_unicode_ci NOT NULL,
  `created_at` timestamp NULL DEFAULT NULL,
  `updated_at` timestamp NULL DEFAULT NULL
) ENGINE=InnoDB DEFAULT CHARSET=utf8mb4 COLLATE=utf8mb4_unicode_ci;

--
-- Dumping data for table `co_categories`
--

INSERT INTO `co_categories` (`id`, `name`, `created_at`, `updated_at`) VALUES
(1, 'The Christian Way', NULL, '2021-12-25 02:52:55'),
(3, 'The Overcommer Series', '2021-11-26 08:33:45', '2022-01-07 13:12:36'),
(5, 'Prayer Power Series', '2021-12-05 07:48:24', '2021-12-10 04:22:59'),
(6, 'Evangelism Series', '2021-12-11 12:33:54', '2021-12-11 12:33:54'),
(7, 'Making Spiritual Progress', '2021-12-11 12:34:05', '2021-12-11 12:34:05'),
(8, 'Biographical Series', '2021-12-11 12:35:09', '2022-01-30 00:04:08'),
(9, 'ZTF Complete Works', '2021-12-11 12:35:21', '2021-12-11 12:35:21'),
(10, 'Practical Helps in Sanctification', '2021-12-11 12:36:18', '2022-01-30 00:05:47'),
(11, 'God, Sex, and You', '2021-12-11 12:36:43', '2021-12-11 12:36:43'),
(12, 'Women of The Glory', '2021-12-11 12:36:59', '2021-12-11 12:36:59'),
(13, 'Spiritual Leadership', '2021-12-11 12:37:11', '2021-12-11 12:37:11'),
(15, 'Special Series', '2021-12-11 12:38:02', '2021-12-11 12:38:02'),
(16, 'Lola (Catoon)', '2021-12-11 13:24:04', '2022-01-30 00:04:30'),
(17, 'Off Series', '2021-12-19 18:38:37', '2022-02-05 19:34:45'),
(18, 'BTA Books', '2021-12-25 03:25:23', '2021-12-25 03:25:23'),
(19, 'Spiritual Conflict Series', '2021-12-25 03:34:34', '2022-01-30 00:05:03'),
(20, 'School of Knowing & Serving God', '2022-01-22 19:05:38', '2022-01-29 23:23:01');

-- --------------------------------------------------------

--
-- Table structure for table `co_cats`
--

CREATE TABLE `co_cats` (
  `id` bigint(20) UNSIGNED NOT NULL,
  `name` varchar(255) COLLATE utf8mb4_unicode_ci NOT NULL,
  `created_at` timestamp NULL DEFAULT NULL,
  `updated_at` timestamp NULL DEFAULT NULL
) ENGINE=InnoDB DEFAULT CHARSET=utf8mb4 COLLATE=utf8mb4_unicode_ci;

--
-- Dumping data for table `co_cats`
--

INSERT INTO `co_cats` (`id`, `name`, `created_at`, `updated_at`) VALUES
(8, 'Discipleship', '2021-12-22 20:51:04', '2021-12-24 20:05:54'),
(9, 'Church Life', '2021-12-25 02:59:35', '2021-12-25 02:59:35'),
(10, 'Missions', '2021-12-25 02:59:42', '2021-12-25 02:59:42'),
(11, 'Family', '2021-12-25 02:59:49', '2021-12-25 02:59:49'),
(12, 'Marriage', '2021-12-25 02:59:55', '2021-12-25 02:59:55'),
(13, 'Holy Spirit', '2021-12-25 03:00:11', '2021-12-25 03:00:11'),
(14, 'Spiritual Gifts', '2021-12-25 03:00:31', '2021-12-25 03:00:31'),
(15, 'Money', '2021-12-25 03:05:07', '2021-12-25 03:05:07'),
(16, 'Tithes/Offerings', '2021-12-25 03:05:20', '2021-12-25 03:05:20'),
(17, 'Service', '2021-12-25 03:18:16', '2021-12-25 03:18:16'),
(18, 'Witnessing', '2021-12-25 03:18:24', '2021-12-25 03:18:24'),
(19, 'Prayer', '2021-12-25 03:38:23', '2022-01-08 13:29:16'),
(20, 'Demons', '2021-12-25 03:38:29', '2021-12-25 03:38:29'),
(21, 'Angels', '2021-12-25 03:38:36', '2021-12-25 03:38:36'),
(22, 'Revival', '2021-12-30 06:31:59', '2022-01-08 14:32:56'),
(23, 'Character', '2021-12-30 06:32:09', '2022-01-08 14:33:14'),
(24, 'Holiness', '2021-12-30 06:49:08', '2022-01-08 14:31:37'),
(25, 'Encouragement', '2021-12-30 07:00:08', '2022-01-08 14:32:21'),
(26, 'Dying to self', '2021-12-31 06:14:19', '2021-12-31 06:14:19'),
(27, 'Healing', '2021-12-31 06:17:08', '2021-12-31 06:17:08'),
(28, 'Salvation', '2021-12-31 06:17:20', '2021-12-31 06:17:20'),
(29, 'Sexuality', '2021-12-31 06:22:04', '2021-12-31 06:22:04'),
(30, 'Relationships', '2021-12-31 06:22:14', '2021-12-31 06:22:14'),
(31, 'Godliness', '2021-12-31 06:26:23', '2021-12-31 06:26:23'),
(32, 'Parenting', '2021-12-31 06:26:37', '2021-12-31 06:26:37'),
(33, 'Children', '2021-12-31 06:26:58', '2021-12-31 06:26:58'),
(34, 'fasting', '2021-12-31 07:17:52', '2021-12-31 07:17:52'),
(35, 'Worship', '2021-12-31 07:19:26', '2021-12-31 07:19:26'),
(36, 'Praise', '2021-12-31 07:19:32', '2021-12-31 07:19:32'),
(37, 'Thanksgiving', '2021-12-31 07:19:39', '2021-12-31 07:19:39'),
(38, 'Consecration', '2021-12-31 07:21:20', '2021-12-31 07:21:20'),
(39, 'Setting goals', '2021-12-31 07:24:04', '2021-12-31 07:24:04'),
(40, 'Terminating with the past', '2021-12-31 07:28:02', '2021-12-31 07:28:02'),
(41, 'Sanctification', '2021-12-31 07:30:07', '2021-12-31 07:30:07'),
(42, 'Bible meditation', '2021-12-31 07:37:41', '2021-12-31 07:37:41'),
(43, 'Bible reading', '2021-12-31 07:37:49', '2021-12-31 07:37:49'),
(44, 'Pastoring', '2021-12-31 07:57:58', '2022-01-08 13:47:50'),
(47, 'Servant', '2021-12-31 08:22:27', '2021-12-31 08:22:27'),
(48, 'Soul-winning', '2021-12-31 08:23:30', '2021-12-31 08:23:30'),
(49, 'Hard work', '2021-12-31 08:36:33', '2021-12-31 08:36:33'),
(50, 'Spiritual success', '2021-12-31 08:36:50', '2021-12-31 08:36:50'),
(51, 'Academic success', '2021-12-31 08:42:46', '2021-12-31 08:42:46'),
(52, 'Water Baptism', '2022-01-01 22:43:07', '2022-01-01 22:43:07'),
(53, 'Baptism Holy Spirit', '2022-01-01 22:43:20', '2022-01-01 22:43:20'),
(54, 'Persecution', '2022-01-01 22:45:42', '2022-01-01 22:45:42'),
(55, 'Suffering for Christ', '2022-01-01 22:45:52', '2022-01-01 22:45:52'),
(56, 'Spiritual Retreat', '2022-01-01 22:48:31', '2022-01-01 22:48:31'),
(57, 'Spiritual emotions', '2022-01-01 22:48:41', '2022-01-01 22:48:41'),
(58, 'Talents', '2022-01-01 22:49:37', '2022-01-01 22:49:37'),
(59, 'Leadership', '2022-01-03 02:02:43', '2022-01-04 03:10:50'),
(60, 'Inner healing', '2022-01-03 02:02:51', '2022-01-03 02:02:51'),
(61, 'Debts', '2022-01-03 13:45:05', '2022-01-03 13:45:05'),
(62, 'Vision', '2022-01-03 14:00:01', '2022-01-03 14:00:01'),
(63, 'Ministry', '2022-01-03 14:00:10', '2022-01-03 14:00:10'),
(64, 'Fellowship', '2022-01-03 23:02:18', '2022-01-03 23:02:18'),
(65, 'Bearing fruits', '2022-01-04 03:08:58', '2022-01-04 03:08:58'),
(66, 'Discipline', '2022-01-07 13:18:45', '2022-01-07 13:18:45'),
(67, 'Spiritual Romance', '2022-01-07 13:22:28', '2022-01-07 13:22:28'),
(68, 'Principalities', '2022-01-07 18:13:31', '2022-01-07 18:13:31'),
(69, 'SKSG', '2022-01-08 13:38:12', '2022-01-08 13:38:12'),
(70, 'WUPF', '2022-01-08 13:38:20', '2022-01-08 13:38:20'),
(71, 'Convention', '2022-01-08 13:38:38', '2022-01-08 13:38:38'),
(72, 'Faith', '2022-01-18 14:29:55', '2022-01-18 14:29:55'),
(73, 'Justification', '2022-01-19 13:21:29', '2022-01-19 13:21:29'),
(74, 'Gospel message', '2022-01-20 15:03:17', '2022-01-20 15:03:17'),
(75, 'Deliverance', '2022-01-20 15:03:32', '2022-01-20 15:03:32'),
(76, 'Rhema', '2022-02-05 19:38:48', '2022-02-05 19:38:48'),
(77, 'Use of time', '2022-02-14 12:49:04', '2022-02-14 12:49:04'),
(78, 'Gifts', '2022-02-19 01:33:57', '2022-02-19 01:33:57'),
(79, 'Food', '2022-02-19 01:34:04', '2022-02-19 01:34:04'),
(80, 'Friendship', '2022-02-19 01:34:16', '2022-02-19 01:34:16'),
(81, 'God\'s will', '2022-02-19 01:41:34', '2022-02-19 01:41:34');

-- --------------------------------------------------------

--
-- Table structure for table `co_failed_jobs`
--

CREATE TABLE `co_failed_jobs` (
  `id` bigint(20) UNSIGNED NOT NULL,
  `uuid` varchar(255) COLLATE utf8mb4_unicode_ci NOT NULL,
  `connection` text COLLATE utf8mb4_unicode_ci NOT NULL,
  `queue` text COLLATE utf8mb4_unicode_ci NOT NULL,
  `payload` longtext COLLATE utf8mb4_unicode_ci NOT NULL,
  `exception` longtext COLLATE utf8mb4_unicode_ci NOT NULL,
  `failed_at` timestamp NOT NULL DEFAULT CURRENT_TIMESTAMP
) ENGINE=InnoDB DEFAULT CHARSET=utf8mb4 COLLATE=utf8mb4_unicode_ci;

--
-- Dumping data for table `co_failed_jobs`
--

INSERT INTO `co_failed_jobs` (`id`, `uuid`, `connection`, `queue`, `payload`, `exception`, `failed_at`) VALUES
(1, 'c51b2627-25fa-489b-9bd6-53af732e89b9', 'database', 'default', '{\"uuid\":\"c51b2627-25fa-489b-9bd6-53af732e89b9\",\"displayName\":\"App\\\\Mail\\\\StatusChangeNotification\",\"job\":\"Illuminate\\\\Queue\\\\CallQueuedHandler@call\",\"maxTries\":null,\"maxExceptions\":null,\"failOnTimeout\":false,\"backoff\":null,\"timeout\":null,\"retryUntil\":null,\"data\":{\"commandName\":\"Illuminate\\\\Mail\\\\SendQueuedMailable\",\"command\":\"O:34:\\\"Illuminate\\\\Mail\\\\SendQueuedMailable\\\":13:{s:8:\\\"mailable\\\";O:33:\\\"App\\\\Mail\\\\StatusChangeNotification\\\":33:{s:12:\\\"book_list_id\\\";i:3;s:9:\\\"book_info\\\";O:45:\\\"Illuminate\\\\Contracts\\\\Database\\\\ModelIdentifier\\\":4:{s:5:\\\"class\\\";s:19:\\\"App\\\\Models\\\\BookList\\\";s:2:\\\"id\\\";i:3;s:9:\\\"relations\\\";a:1:{i:0;s:6:\\\"serise\\\";}s:10:\\\"connection\\\";s:5:\\\"mysql\\\";}s:12:\\\"book_content\\\";a:5:{s:5:\\\"eBook\\\";s:8:\\\"Progress\\\";s:4:\\\"POD1\\\";s:4:\\\"Done\\\";s:5:\\\"Audio\\\";s:4:\\\"Done\\\";s:4:\\\"POD2\\\";s:4:\\\"ToDo\\\";s:3:\\\"GFP\\\";s:2:\\\"R3\\\";}s:11:\\\"change_data\\\";a:1:{s:5:\\\"eBook\\\";s:4:\\\"Done\\\";}s:9:\\\"change_by\\\";s:11:\\\"admin admin\\\";s:6:\\\"locale\\\";N;s:4:\\\"from\\\";a:1:{i:0;a:2:{s:4:\\\"name\\\";s:8:\\\"ztfbooks\\\";s:7:\\\"address\\\";s:20:\\\"sheep.cmfionline.com\\\";}}s:2:\\\"to\\\";a:1:{i:0;a:2:{s:4:\\\"name\\\";N;s:7:\\\"address\\\";s:22:\\\"mashud624496@gmail.com\\\";}}s:2:\\\"cc\\\";a:0:{}s:3:\\\"bcc\\\";a:0:{}s:7:\\\"replyTo\\\";a:1:{i:0;a:2:{s:4:\\\"name\\\";s:8:\\\"ztfbooks\\\";s:7:\\\"address\\\";s:20:\\\"sheep.cmfionline.com\\\";}}s:7:\\\"subject\\\";s:18:\\\"Change Book Status\\\";s:8:\\\"markdown\\\";N;s:7:\\\"\\u0000*\\u0000html\\\";N;s:4:\\\"view\\\";N;s:8:\\\"textView\\\";N;s:8:\\\"viewData\\\";a:0:{}s:11:\\\"attachments\\\";a:0:{}s:14:\\\"rawAttachments\\\";a:0:{}s:15:\\\"diskAttachments\\\";a:0:{}s:9:\\\"callbacks\\\";a:0:{}s:5:\\\"theme\\\";N;s:6:\\\"mailer\\\";s:4:\\\"smtp\\\";s:29:\\\"\\u0000*\\u0000assertionableRenderStrings\\\";N;s:10:\\\"connection\\\";N;s:5:\\\"queue\\\";N;s:15:\\\"chainConnection\\\";N;s:10:\\\"chainQueue\\\";N;s:19:\\\"chainCatchCallbacks\\\";N;s:5:\\\"delay\\\";N;s:11:\\\"afterCommit\\\";N;s:10:\\\"middleware\\\";a:0:{}s:7:\\\"chained\\\";a:0:{}}s:5:\\\"tries\\\";N;s:7:\\\"timeout\\\";N;s:17:\\\"shouldBeEncrypted\\\";b:0;s:10:\\\"connection\\\";N;s:5:\\\"queue\\\";N;s:15:\\\"chainConnection\\\";N;s:10:\\\"chainQueue\\\";N;s:19:\\\"chainCatchCallbacks\\\";N;s:5:\\\"delay\\\";N;s:11:\\\"afterCommit\\\";N;s:10:\\\"middleware\\\";a:0:{}s:7:\\\"chained\\\";a:0:{}}\"}}', 'Swift_RfcComplianceException: Address in mailbox given [sheep.cmfionline.com] does not comply with RFC 2822, 3.6.2. in /home/zachfomum/public_html/CMFI_APPS/fiverr_index/vendor/swiftmailer/swiftmailer/lib/classes/Swift/Mime/Headers/MailboxHeader.php:355\nStack trace:\n#0 /home/zachfomum/public_html/CMFI_APPS/fiverr_index/vendor/swiftmailer/swiftmailer/lib/classes/Swift/Mime/Headers/MailboxHeader.php(272): Swift_Mime_Headers_MailboxHeader->assertValidAddress(\'sheep.cmfionlin...\')\n#1 /home/zachfomum/public_html/CMFI_APPS/fiverr_index/vendor/swiftmailer/swiftmailer/lib/classes/Swift/Mime/Headers/MailboxHeader.php(117): Swift_Mime_Headers_MailboxHeader->normalizeMailboxes(Array)\n#2 /home/zachfomum/public_html/CMFI_APPS/fiverr_index/vendor/swiftmailer/swiftmailer/lib/classes/Swift/Mime/Headers/MailboxHeader.php(74): Swift_Mime_Headers_MailboxHeader->setNameAddresses(Array)\n#3 /home/zachfomum/public_html/CMFI_APPS/fiverr_index/vendor/swiftmailer/swiftmailer/lib/classes/Swift/Mime/SimpleMimeEntity.php(600): Swift_Mime_Headers_MailboxHeader->setFieldBodyModel(Array)\n#4 /home/zachfomum/public_html/CMFI_APPS/fiverr_index/vendor/swiftmailer/swiftmailer/lib/classes/Swift/Mime/SimpleMessage.php(213): Swift_Mime_SimpleMimeEntity->setHeaderFieldModel(\'From\', Array)\n#5 /home/zachfomum/public_html/CMFI_APPS/fiverr_index/vendor/laravel/framework/src/Illuminate/Mail/Message.php(50): Swift_Mime_SimpleMessage->setFrom(Array, \'ZTF Books Repor...\')\n#6 /home/zachfomum/public_html/CMFI_APPS/fiverr_index/vendor/laravel/framework/src/Illuminate/Mail/Mailer.php(493): Illuminate\\Mail\\Message->from(\'sheep.cmfionlin...\', \'ZTF Books Repor...\')\n#7 /home/zachfomum/public_html/CMFI_APPS/fiverr_index/vendor/laravel/framework/src/Illuminate/Mail/Mailer.php(266): Illuminate\\Mail\\Mailer->createMessage()\n#8 /home/zachfomum/public_html/CMFI_APPS/fiverr_index/vendor/laravel/framework/src/Illuminate/Mail/Mailable.php(187): Illuminate\\Mail\\Mailer->send(\'admin.notificat...\', Array, Object(Closure))\n#9 /home/zachfomum/public_html/CMFI_APPS/fiverr_index/vendor/laravel/framework/src/Illuminate/Support/Traits/Localizable.php(19): Illuminate\\Mail\\Mailable->Illuminate\\Mail\\{closure}()\n#10 /home/zachfomum/public_html/CMFI_APPS/fiverr_index/vendor/laravel/framework/src/Illuminate/Mail/Mailable.php(188): Illuminate\\Mail\\Mailable->withLocale(NULL, Object(Closure))\n#11 /home/zachfomum/public_html/CMFI_APPS/fiverr_index/vendor/laravel/framework/src/Illuminate/Mail/SendQueuedMailable.php(65): Illuminate\\Mail\\Mailable->send(Object(Illuminate\\Mail\\MailManager))\n#12 /home/zachfomum/public_html/CMFI_APPS/fiverr_index/vendor/laravel/framework/src/Illuminate/Container/BoundMethod.php(36): Illuminate\\Mail\\SendQueuedMailable->handle(Object(Illuminate\\Mail\\MailManager))\n#13 /home/zachfomum/public_html/CMFI_APPS/fiverr_index/vendor/laravel/framework/src/Illuminate/Container/Util.php(40): Illuminate\\Container\\BoundMethod::Illuminate\\Container\\{closure}()\n#14 /home/zachfomum/public_html/CMFI_APPS/fiverr_index/vendor/laravel/framework/src/Illuminate/Container/BoundMethod.php(93): Illuminate\\Container\\Util::unwrapIfClosure(Object(Closure))\n#15 /home/zachfomum/public_html/CMFI_APPS/fiverr_index/vendor/laravel/framework/src/Illuminate/Container/BoundMethod.php(37): Illuminate\\Container\\BoundMethod::callBoundMethod(Object(Illuminate\\Foundation\\Application), Array, Object(Closure))\n#16 /home/zachfomum/public_html/CMFI_APPS/fiverr_index/vendor/laravel/framework/src/Illuminate/Container/Container.php(653): Illuminate\\Container\\BoundMethod::call(Object(Illuminate\\Foundation\\Application), Array, Array, NULL)\n#17 /home/zachfomum/public_html/CMFI_APPS/fiverr_index/vendor/laravel/framework/src/Illuminate/Bus/Dispatcher.php(128): Illuminate\\Container\\Container->call(Array)\n#18 /home/zachfomum/public_html/CMFI_APPS/fiverr_index/vendor/laravel/framework/src/Illuminate/Pipeline/Pipeline.php(128): Illuminate\\Bus\\Dispatcher->Illuminate\\Bus\\{closure}(Object(Illuminate\\Mail\\SendQueuedMailable))\n#19 /home/zachfomum/public_html/CMFI_APPS/fiverr_index/vendor/laravel/framework/src/Illuminate/Pipeline/Pipeline.php(103): Illuminate\\Pipeline\\Pipeline->Illuminate\\Pipeline\\{closure}(Object(Illuminate\\Mail\\SendQueuedMailable))\n#20 /home/zachfomum/public_html/CMFI_APPS/fiverr_index/vendor/laravel/framework/src/Illuminate/Bus/Dispatcher.php(132): Illuminate\\Pipeline\\Pipeline->then(Object(Closure))\n#21 /home/zachfomum/public_html/CMFI_APPS/fiverr_index/vendor/laravel/framework/src/Illuminate/Queue/CallQueuedHandler.php(120): Illuminate\\Bus\\Dispatcher->dispatchNow(Object(Illuminate\\Mail\\SendQueuedMailable), false)\n#22 /home/zachfomum/public_html/CMFI_APPS/fiverr_index/vendor/laravel/framework/src/Illuminate/Pipeline/Pipeline.php(128): Illuminate\\Queue\\CallQueuedHandler->Illuminate\\Queue\\{closure}(Object(Illuminate\\Mail\\SendQueuedMailable))\n#23 /home/zachfomum/public_html/CMFI_APPS/fiverr_index/vendor/laravel/framework/src/Illuminate/Pipeline/Pipeline.php(103): Illuminate\\Pipeline\\Pipeline->Illuminate\\Pipeline\\{closure}(Object(Illuminate\\Mail\\SendQueuedMailable))\n#24 /home/zachfomum/public_html/CMFI_APPS/fiverr_index/vendor/laravel/framework/src/Illuminate/Queue/CallQueuedHandler.php(122): Illuminate\\Pipeline\\Pipeline->then(Object(Closure))\n#25 /home/zachfomum/public_html/CMFI_APPS/fiverr_index/vendor/laravel/framework/src/Illuminate/Queue/CallQueuedHandler.php(70): Illuminate\\Queue\\CallQueuedHandler->dispatchThroughMiddleware(Object(Illuminate\\Queue\\Jobs\\DatabaseJob), Object(Illuminate\\Mail\\SendQueuedMailable))\n#26 /home/zachfomum/public_html/CMFI_APPS/fiverr_index/vendor/laravel/framework/src/Illuminate/Queue/Jobs/Job.php(98): Illuminate\\Queue\\CallQueuedHandler->call(Object(Illuminate\\Queue\\Jobs\\DatabaseJob), Array)\n#27 /home/zachfomum/public_html/CMFI_APPS/fiverr_index/vendor/laravel/framework/src/Illuminate/Queue/Worker.php(428): Illuminate\\Queue\\Jobs\\Job->fire()\n#28 /home/zachfomum/public_html/CMFI_APPS/fiverr_index/vendor/laravel/framework/src/Illuminate/Queue/Worker.php(378): Illuminate\\Queue\\Worker->process(\'database\', Object(Illuminate\\Queue\\Jobs\\DatabaseJob), Object(Illuminate\\Queue\\WorkerOptions))\n#29 /home/zachfomum/public_html/CMFI_APPS/fiverr_index/vendor/laravel/framework/src/Illuminate/Queue/Worker.php(329): Illuminate\\Queue\\Worker->runJob(Object(Illuminate\\Queue\\Jobs\\DatabaseJob), \'database\', Object(Illuminate\\Queue\\WorkerOptions))\n#30 /home/zachfomum/public_html/CMFI_APPS/fiverr_index/vendor/laravel/framework/src/Illuminate/Queue/Console/WorkCommand.php(117): Illuminate\\Queue\\Worker->runNextJob(\'database\', \'default\', Object(Illuminate\\Queue\\WorkerOptions))\n#31 /home/zachfomum/public_html/CMFI_APPS/fiverr_index/vendor/laravel/framework/src/Illuminate/Queue/Console/WorkCommand.php(101): Illuminate\\Queue\\Console\\WorkCommand->runWorker(\'database\', \'default\')\n#32 /home/zachfomum/public_html/CMFI_APPS/fiverr_index/vendor/laravel/framework/src/Illuminate/Container/BoundMethod.php(36): Illuminate\\Queue\\Console\\WorkCommand->handle()\n#33 /home/zachfomum/public_html/CMFI_APPS/fiverr_index/vendor/laravel/framework/src/Illuminate/Container/Util.php(40): Illuminate\\Container\\BoundMethod::Illuminate\\Container\\{closure}()\n#34 /home/zachfomum/public_html/CMFI_APPS/fiverr_index/vendor/laravel/framework/src/Illuminate/Container/BoundMethod.php(93): Illuminate\\Container\\Util::unwrapIfClosure(Object(Closure))\n#35 /home/zachfomum/public_html/CMFI_APPS/fiverr_index/vendor/laravel/framework/src/Illuminate/Container/BoundMethod.php(37): Illuminate\\Container\\BoundMethod::callBoundMethod(Object(Illuminate\\Foundation\\Application), Array, Object(Closure))\n#36 /home/zachfomum/public_html/CMFI_APPS/fiverr_index/vendor/laravel/framework/src/Illuminate/Container/Container.php(653): Illuminate\\Container\\BoundMethod::call(Object(Illuminate\\Foundation\\Application), Array, Array, NULL)\n#37 /home/zachfomum/public_html/CMFI_APPS/fiverr_index/vendor/laravel/framework/src/Illuminate/Console/Command.php(136): Illuminate\\Container\\Container->call(Array)\n#38 /home/zachfomum/public_html/CMFI_APPS/fiverr_index/vendor/symfony/console/Command/Command.php(298): Illuminate\\Console\\Command->execute(Object(Symfony\\Component\\Console\\Input\\ArgvInput), Object(Illuminate\\Console\\OutputStyle))\n#39 /home/zachfomum/public_html/CMFI_APPS/fiverr_index/vendor/laravel/framework/src/Illuminate/Console/Command.php(121): Symfony\\Component\\Console\\Command\\Command->run(Object(Symfony\\Component\\Console\\Input\\ArgvInput), Object(Illuminate\\Console\\OutputStyle))\n#40 /home/zachfomum/public_html/CMFI_APPS/fiverr_index/vendor/symfony/console/Application.php(1005): Illuminate\\Console\\Command->run(Object(Symfony\\Component\\Console\\Input\\ArgvInput), Object(Symfony\\Component\\Console\\Output\\ConsoleOutput))\n#41 /home/zachfomum/public_html/CMFI_APPS/fiverr_index/vendor/symfony/console/Application.php(299): Symfony\\Component\\Console\\Application->doRunCommand(Object(Illuminate\\Queue\\Console\\WorkCommand), Object(Symfony\\Component\\Console\\Input\\ArgvInput), Object(Symfony\\Component\\Console\\Output\\ConsoleOutput))\n#42 /home/zachfomum/public_html/CMFI_APPS/fiverr_index/vendor/symfony/console/Application.php(171): Symfony\\Component\\Console\\Application->doRun(Object(Symfony\\Component\\Console\\Input\\ArgvInput), Object(Symfony\\Component\\Console\\Output\\ConsoleOutput))\n#43 /home/zachfomum/public_html/CMFI_APPS/fiverr_index/vendor/laravel/framework/src/Illuminate/Console/Application.php(94): Symfony\\Component\\Console\\Application->run(Object(Symfony\\Component\\Console\\Input\\ArgvInput), Object(Symfony\\Component\\Console\\Output\\ConsoleOutput))\n#44 /home/zachfomum/public_html/CMFI_APPS/fiverr_index/vendor/laravel/framework/src/Illuminate/Foundation/Console/Kernel.php(129): Illuminate\\Console\\Application->run(Object(Symfony\\Component\\Console\\Input\\ArgvInput), Object(Symfony\\Component\\Console\\Output\\ConsoleOutput))\n#45 /home/zachfomum/public_html/CMFI_APPS/fiverr_index/artisan(37): Illuminate\\Foundation\\Console\\Kernel->handle(Object(Symfony\\Component\\Console\\Input\\ArgvInput), Object(Symfony\\Component\\Console\\Output\\ConsoleOutput))\n#46 {main}', '2021-12-28 23:15:01'),
(2, '6c7ca3bb-dcfc-47ed-aee8-4443d263dd63', 'database', 'default', '{\"uuid\":\"6c7ca3bb-dcfc-47ed-aee8-4443d263dd63\",\"displayName\":\"App\\\\Mail\\\\StatusChangeNotification\",\"job\":\"Illuminate\\\\Queue\\\\CallQueuedHandler@call\",\"maxTries\":null,\"maxExceptions\":null,\"failOnTimeout\":false,\"backoff\":null,\"timeout\":null,\"retryUntil\":null,\"data\":{\"commandName\":\"Illuminate\\\\Mail\\\\SendQueuedMailable\",\"command\":\"O:34:\\\"Illuminate\\\\Mail\\\\SendQueuedMailable\\\":13:{s:8:\\\"mailable\\\";O:33:\\\"App\\\\Mail\\\\StatusChangeNotification\\\":33:{s:12:\\\"book_list_id\\\";i:3;s:9:\\\"book_info\\\";O:45:\\\"Illuminate\\\\Contracts\\\\Database\\\\ModelIdentifier\\\":4:{s:5:\\\"class\\\";s:19:\\\"App\\\\Models\\\\BookList\\\";s:2:\\\"id\\\";i:3;s:9:\\\"relations\\\";a:1:{i:0;s:6:\\\"serise\\\";}s:10:\\\"connection\\\";s:5:\\\"mysql\\\";}s:12:\\\"book_content\\\";a:5:{s:5:\\\"eBook\\\";s:4:\\\"Done\\\";s:4:\\\"POD1\\\";s:4:\\\"Done\\\";s:5:\\\"Audio\\\";s:4:\\\"Done\\\";s:4:\\\"POD2\\\";s:4:\\\"ToDo\\\";s:3:\\\"GFP\\\";s:2:\\\"R3\\\";}s:11:\\\"change_data\\\";a:1:{s:5:\\\"eBook\\\";s:8:\\\"Progress\\\";}s:9:\\\"change_by\\\";s:11:\\\"admin admin\\\";s:6:\\\"locale\\\";N;s:4:\\\"from\\\";a:1:{i:0;a:2:{s:4:\\\"name\\\";s:8:\\\"ztfbooks\\\";s:7:\\\"address\\\";s:29:\\\"ztfbooks@cmfinternational.org\\\";}}s:2:\\\"to\\\";a:1:{i:0;a:2:{s:4:\\\"name\\\";N;s:7:\\\"address\\\";s:22:\\\"mashud624496@gmail.com\\\";}}s:2:\\\"cc\\\";a:0:{}s:3:\\\"bcc\\\";a:0:{}s:7:\\\"replyTo\\\";a:1:{i:0;a:2:{s:4:\\\"name\\\";s:8:\\\"ztfbooks\\\";s:7:\\\"address\\\";s:29:\\\"ztfbooks@cmfinternational.org\\\";}}s:7:\\\"subject\\\";s:18:\\\"Change Book Status\\\";s:8:\\\"markdown\\\";N;s:7:\\\"\\u0000*\\u0000html\\\";N;s:4:\\\"view\\\";N;s:8:\\\"textView\\\";N;s:8:\\\"viewData\\\";a:0:{}s:11:\\\"attachments\\\";a:0:{}s:14:\\\"rawAttachments\\\";a:0:{}s:15:\\\"diskAttachments\\\";a:0:{}s:9:\\\"callbacks\\\";a:0:{}s:5:\\\"theme\\\";N;s:6:\\\"mailer\\\";s:4:\\\"smtp\\\";s:29:\\\"\\u0000*\\u0000assertionableRenderStrings\\\";N;s:10:\\\"connection\\\";N;s:5:\\\"queue\\\";N;s:15:\\\"chainConnection\\\";N;s:10:\\\"chainQueue\\\";N;s:19:\\\"chainCatchCallbacks\\\";N;s:5:\\\"delay\\\";N;s:11:\\\"afterCommit\\\";N;s:10:\\\"middleware\\\";a:0:{}s:7:\\\"chained\\\";a:0:{}}s:5:\\\"tries\\\";N;s:7:\\\"timeout\\\";N;s:17:\\\"shouldBeEncrypted\\\";b:0;s:10:\\\"connection\\\";N;s:5:\\\"queue\\\";N;s:15:\\\"chainConnection\\\";N;s:10:\\\"chainQueue\\\";N;s:19:\\\"chainCatchCallbacks\\\";N;s:5:\\\"delay\\\";N;s:11:\\\"afterCommit\\\";N;s:10:\\\"middleware\\\";a:0:{}s:7:\\\"chained\\\";a:0:{}}\"}}', 'Swift_TransportException: Connection could not be established with host mail :stream_socket_client(): Peer certificate CN=`sheep.cmfionline.com\' did not match expected CN=`mail\' in /home/zachfomum/public_html/CMFI_APPS/fiverr_index/vendor/swiftmailer/swiftmailer/lib/classes/Swift/Transport/StreamBuffer.php:261\nStack trace:\n#0 [internal function]: Swift_Transport_StreamBuffer->{closure}(2, \'stream_socket_c...\', \'/home/zachfomum...\', 264, Array)\n#1 /home/zachfomum/public_html/CMFI_APPS/fiverr_index/vendor/swiftmailer/swiftmailer/lib/classes/Swift/Transport/StreamBuffer.php(264): stream_socket_client(\'ssl://mail:465\', 0, \'\', 30, 4, Resource id #848)\n#2 /home/zachfomum/public_html/CMFI_APPS/fiverr_index/vendor/swiftmailer/swiftmailer/lib/classes/Swift/Transport/StreamBuffer.php(58): Swift_Transport_StreamBuffer->establishSocketConnection()\n#3 /home/zachfomum/public_html/CMFI_APPS/fiverr_index/vendor/swiftmailer/swiftmailer/lib/classes/Swift/Transport/AbstractSmtpTransport.php(143): Swift_Transport_StreamBuffer->initialize(Array)\n#4 /home/zachfomum/public_html/CMFI_APPS/fiverr_index/vendor/swiftmailer/swiftmailer/lib/classes/Swift/Mailer.php(65): Swift_Transport_AbstractSmtpTransport->start()\n#5 /home/zachfomum/public_html/CMFI_APPS/fiverr_index/vendor/laravel/framework/src/Illuminate/Mail/Mailer.php(521): Swift_Mailer->send(Object(Swift_Message), Array)\n#6 /home/zachfomum/public_html/CMFI_APPS/fiverr_index/vendor/laravel/framework/src/Illuminate/Mail/Mailer.php(288): Illuminate\\Mail\\Mailer->sendSwiftMessage(Object(Swift_Message))\n#7 /home/zachfomum/public_html/CMFI_APPS/fiverr_index/vendor/laravel/framework/src/Illuminate/Mail/Mailable.php(187): Illuminate\\Mail\\Mailer->send(\'admin.notificat...\', Array, Object(Closure))\n#8 /home/zachfomum/public_html/CMFI_APPS/fiverr_index/vendor/laravel/framework/src/Illuminate/Support/Traits/Localizable.php(19): Illuminate\\Mail\\Mailable->Illuminate\\Mail\\{closure}()\n#9 /home/zachfomum/public_html/CMFI_APPS/fiverr_index/vendor/laravel/framework/src/Illuminate/Mail/Mailable.php(188): Illuminate\\Mail\\Mailable->withLocale(NULL, Object(Closure))\n#10 /home/zachfomum/public_html/CMFI_APPS/fiverr_index/vendor/laravel/framework/src/Illuminate/Mail/SendQueuedMailable.php(65): Illuminate\\Mail\\Mailable->send(Object(Illuminate\\Mail\\MailManager))\n#11 /home/zachfomum/public_html/CMFI_APPS/fiverr_index/vendor/laravel/framework/src/Illuminate/Container/BoundMethod.php(36): Illuminate\\Mail\\SendQueuedMailable->handle(Object(Illuminate\\Mail\\MailManager))\n#12 /home/zachfomum/public_html/CMFI_APPS/fiverr_index/vendor/laravel/framework/src/Illuminate/Container/Util.php(40): Illuminate\\Container\\BoundMethod::Illuminate\\Container\\{closure}()\n#13 /home/zachfomum/public_html/CMFI_APPS/fiverr_index/vendor/laravel/framework/src/Illuminate/Container/BoundMethod.php(93): Illuminate\\Container\\Util::unwrapIfClosure(Object(Closure))\n#14 /home/zachfomum/public_html/CMFI_APPS/fiverr_index/vendor/laravel/framework/src/Illuminate/Container/BoundMethod.php(37): Illuminate\\Container\\BoundMethod::callBoundMethod(Object(Illuminate\\Foundation\\Application), Array, Object(Closure))\n#15 /home/zachfomum/public_html/CMFI_APPS/fiverr_index/vendor/laravel/framework/src/Illuminate/Container/Container.php(653): Illuminate\\Container\\BoundMethod::call(Object(Illuminate\\Foundation\\Application), Array, Array, NULL)\n#16 /home/zachfomum/public_html/CMFI_APPS/fiverr_index/vendor/laravel/framework/src/Illuminate/Bus/Dispatcher.php(128): Illuminate\\Container\\Container->call(Array)\n#17 /home/zachfomum/public_html/CMFI_APPS/fiverr_index/vendor/laravel/framework/src/Illuminate/Pipeline/Pipeline.php(128): Illuminate\\Bus\\Dispatcher->Illuminate\\Bus\\{closure}(Object(Illuminate\\Mail\\SendQueuedMailable))\n#18 /home/zachfomum/public_html/CMFI_APPS/fiverr_index/vendor/laravel/framework/src/Illuminate/Pipeline/Pipeline.php(103): Illuminate\\Pipeline\\Pipeline->Illuminate\\Pipeline\\{closure}(Object(Illuminate\\Mail\\SendQueuedMailable))\n#19 /home/zachfomum/public_html/CMFI_APPS/fiverr_index/vendor/laravel/framework/src/Illuminate/Bus/Dispatcher.php(132): Illuminate\\Pipeline\\Pipeline->then(Object(Closure))\n#20 /home/zachfomum/public_html/CMFI_APPS/fiverr_index/vendor/laravel/framework/src/Illuminate/Queue/CallQueuedHandler.php(120): Illuminate\\Bus\\Dispatcher->dispatchNow(Object(Illuminate\\Mail\\SendQueuedMailable), false)\n#21 /home/zachfomum/public_html/CMFI_APPS/fiverr_index/vendor/laravel/framework/src/Illuminate/Pipeline/Pipeline.php(128): Illuminate\\Queue\\CallQueuedHandler->Illuminate\\Queue\\{closure}(Object(Illuminate\\Mail\\SendQueuedMailable))\n#22 /home/zachfomum/public_html/CMFI_APPS/fiverr_index/vendor/laravel/framework/src/Illuminate/Pipeline/Pipeline.php(103): Illuminate\\Pipeline\\Pipeline->Illuminate\\Pipeline\\{closure}(Object(Illuminate\\Mail\\SendQueuedMailable))\n#23 /home/zachfomum/public_html/CMFI_APPS/fiverr_index/vendor/laravel/framework/src/Illuminate/Queue/CallQueuedHandler.php(122): Illuminate\\Pipeline\\Pipeline->then(Object(Closure))\n#24 /home/zachfomum/public_html/CMFI_APPS/fiverr_index/vendor/laravel/framework/src/Illuminate/Queue/CallQueuedHandler.php(70): Illuminate\\Queue\\CallQueuedHandler->dispatchThroughMiddleware(Object(Illuminate\\Queue\\Jobs\\DatabaseJob), Object(Illuminate\\Mail\\SendQueuedMailable))\n#25 /home/zachfomum/public_html/CMFI_APPS/fiverr_index/vendor/laravel/framework/src/Illuminate/Queue/Jobs/Job.php(98): Illuminate\\Queue\\CallQueuedHandler->call(Object(Illuminate\\Queue\\Jobs\\DatabaseJob), Array)\n#26 /home/zachfomum/public_html/CMFI_APPS/fiverr_index/vendor/laravel/framework/src/Illuminate/Queue/Worker.php(428): Illuminate\\Queue\\Jobs\\Job->fire()\n#27 /home/zachfomum/public_html/CMFI_APPS/fiverr_index/vendor/laravel/framework/src/Illuminate/Queue/Worker.php(378): Illuminate\\Queue\\Worker->process(\'database\', Object(Illuminate\\Queue\\Jobs\\DatabaseJob), Object(Illuminate\\Queue\\WorkerOptions))\n#28 /home/zachfomum/public_html/CMFI_APPS/fiverr_index/vendor/laravel/framework/src/Illuminate/Queue/Worker.php(329): Illuminate\\Queue\\Worker->runJob(Object(Illuminate\\Queue\\Jobs\\DatabaseJob), \'database\', Object(Illuminate\\Queue\\WorkerOptions))\n#29 /home/zachfomum/public_html/CMFI_APPS/fiverr_index/vendor/laravel/framework/src/Illuminate/Queue/Console/WorkCommand.php(117): Illuminate\\Queue\\Worker->runNextJob(\'database\', \'default\', Object(Illuminate\\Queue\\WorkerOptions))\n#30 /home/zachfomum/public_html/CMFI_APPS/fiverr_index/vendor/laravel/framework/src/Illuminate/Queue/Console/WorkCommand.php(101): Illuminate\\Queue\\Console\\WorkCommand->runWorker(\'database\', \'default\')\n#31 /home/zachfomum/public_html/CMFI_APPS/fiverr_index/vendor/laravel/framework/src/Illuminate/Container/BoundMethod.php(36): Illuminate\\Queue\\Console\\WorkCommand->handle()\n#32 /home/zachfomum/public_html/CMFI_APPS/fiverr_index/vendor/laravel/framework/src/Illuminate/Container/Util.php(40): Illuminate\\Container\\BoundMethod::Illuminate\\Container\\{closure}()\n#33 /home/zachfomum/public_html/CMFI_APPS/fiverr_index/vendor/laravel/framework/src/Illuminate/Container/BoundMethod.php(93): Illuminate\\Container\\Util::unwrapIfClosure(Object(Closure))\n#34 /home/zachfomum/public_html/CMFI_APPS/fiverr_index/vendor/laravel/framework/src/Illuminate/Container/BoundMethod.php(37): Illuminate\\Container\\BoundMethod::callBoundMethod(Object(Illuminate\\Foundation\\Application), Array, Object(Closure))\n#35 /home/zachfomum/public_html/CMFI_APPS/fiverr_index/vendor/laravel/framework/src/Illuminate/Container/Container.php(653): Illuminate\\Container\\BoundMethod::call(Object(Illuminate\\Foundation\\Application), Array, Array, NULL)\n#36 /home/zachfomum/public_html/CMFI_APPS/fiverr_index/vendor/laravel/framework/src/Illuminate/Console/Command.php(136): Illuminate\\Container\\Container->call(Array)\n#37 /home/zachfomum/public_html/CMFI_APPS/fiverr_index/vendor/symfony/console/Command/Command.php(298): Illuminate\\Console\\Command->execute(Object(Symfony\\Component\\Console\\Input\\ArgvInput), Object(Illuminate\\Console\\OutputStyle))\n#38 /home/zachfomum/public_html/CMFI_APPS/fiverr_index/vendor/laravel/framework/src/Illuminate/Console/Command.php(121): Symfony\\Component\\Console\\Command\\Command->run(Object(Symfony\\Component\\Console\\Input\\ArgvInput), Object(Illuminate\\Console\\OutputStyle))\n#39 /home/zachfomum/public_html/CMFI_APPS/fiverr_index/vendor/symfony/console/Application.php(1005): Illuminate\\Console\\Command->run(Object(Symfony\\Component\\Console\\Input\\ArgvInput), Object(Symfony\\Component\\Console\\Output\\ConsoleOutput))\n#40 /home/zachfomum/public_html/CMFI_APPS/fiverr_index/vendor/symfony/console/Application.php(299): Symfony\\Component\\Console\\Application->doRunCommand(Object(Illuminate\\Queue\\Console\\WorkCommand), Object(Symfony\\Component\\Console\\Input\\ArgvInput), Object(Symfony\\Component\\Console\\Output\\ConsoleOutput))\n#41 /home/zachfomum/public_html/CMFI_APPS/fiverr_index/vendor/symfony/console/Application.php(171): Symfony\\Component\\Console\\Application->doRun(Object(Symfony\\Component\\Console\\Input\\ArgvInput), Object(Symfony\\Component\\Console\\Output\\ConsoleOutput))\n#42 /home/zachfomum/public_html/CMFI_APPS/fiverr_index/vendor/laravel/framework/src/Illuminate/Console/Application.php(94): Symfony\\Component\\Console\\Application->run(Object(Symfony\\Component\\Console\\Input\\ArgvInput), Object(Symfony\\Component\\Console\\Output\\ConsoleOutput))\n#43 /home/zachfomum/public_html/CMFI_APPS/fiverr_index/vendor/laravel/framework/src/Illuminate/Foundation/Console/Kernel.php(129): Illuminate\\Console\\Application->run(Object(Symfony\\Component\\Console\\Input\\ArgvInput), Object(Symfony\\Component\\Console\\Output\\ConsoleOutput))\n#44 /home/zachfomum/public_html/CMFI_APPS/fiverr_index/artisan(37): Illuminate\\Foundation\\Console\\Kernel->handle(Object(Symfony\\Component\\Console\\Input\\ArgvInput), Object(Symfony\\Component\\Console\\Output\\ConsoleOutput))\n#45 {main}', '2021-12-28 23:18:19'),
(3, 'cdf98bca-f534-4a40-8c45-79e4d76ae9d1', 'database', 'default', '{\"uuid\":\"cdf98bca-f534-4a40-8c45-79e4d76ae9d1\",\"displayName\":\"App\\\\Mail\\\\StatusChangeNotification\",\"job\":\"Illuminate\\\\Queue\\\\CallQueuedHandler@call\",\"maxTries\":null,\"maxExceptions\":null,\"failOnTimeout\":false,\"backoff\":null,\"timeout\":null,\"retryUntil\":null,\"data\":{\"commandName\":\"Illuminate\\\\Mail\\\\SendQueuedMailable\",\"command\":\"O:34:\\\"Illuminate\\\\Mail\\\\SendQueuedMailable\\\":13:{s:8:\\\"mailable\\\";O:33:\\\"App\\\\Mail\\\\StatusChangeNotification\\\":33:{s:12:\\\"book_list_id\\\";i:3;s:9:\\\"book_info\\\";O:45:\\\"Illuminate\\\\Contracts\\\\Database\\\\ModelIdentifier\\\":4:{s:5:\\\"class\\\";s:19:\\\"App\\\\Models\\\\BookList\\\";s:2:\\\"id\\\";i:3;s:9:\\\"relations\\\";a:1:{i:0;s:6:\\\"serise\\\";}s:10:\\\"connection\\\";s:5:\\\"mysql\\\";}s:12:\\\"book_content\\\";a:5:{s:5:\\\"eBook\\\";s:4:\\\"ToDo\\\";s:4:\\\"POD1\\\";s:4:\\\"Done\\\";s:5:\\\"Audio\\\";s:4:\\\"Done\\\";s:4:\\\"POD2\\\";s:4:\\\"ToDo\\\";s:3:\\\"GFP\\\";s:2:\\\"R3\\\";}s:11:\\\"change_data\\\";a:1:{s:5:\\\"eBook\\\";s:4:\\\"Done\\\";}s:9:\\\"change_by\\\";s:11:\\\"admin admin\\\";s:6:\\\"locale\\\";N;s:4:\\\"from\\\";a:1:{i:0;a:2:{s:4:\\\"name\\\";s:8:\\\"ztfbooks\\\";s:7:\\\"address\\\";s:20:\\\"sheep.cmfionline.com\\\";}}s:2:\\\"to\\\";a:1:{i:0;a:2:{s:4:\\\"name\\\";N;s:7:\\\"address\\\";s:22:\\\"mashud624496@gmail.com\\\";}}s:2:\\\"cc\\\";a:0:{}s:3:\\\"bcc\\\";a:0:{}s:7:\\\"replyTo\\\";a:1:{i:0;a:2:{s:4:\\\"name\\\";s:8:\\\"ztfbooks\\\";s:7:\\\"address\\\";s:20:\\\"sheep.cmfionline.com\\\";}}s:7:\\\"subject\\\";s:18:\\\"Change Book Status\\\";s:8:\\\"markdown\\\";N;s:7:\\\"\\u0000*\\u0000html\\\";N;s:4:\\\"view\\\";N;s:8:\\\"textView\\\";N;s:8:\\\"viewData\\\";a:0:{}s:11:\\\"attachments\\\";a:0:{}s:14:\\\"rawAttachments\\\";a:0:{}s:15:\\\"diskAttachments\\\";a:0:{}s:9:\\\"callbacks\\\";a:0:{}s:5:\\\"theme\\\";N;s:6:\\\"mailer\\\";s:4:\\\"smtp\\\";s:29:\\\"\\u0000*\\u0000assertionableRenderStrings\\\";N;s:10:\\\"connection\\\";N;s:5:\\\"queue\\\";N;s:15:\\\"chainConnection\\\";N;s:10:\\\"chainQueue\\\";N;s:19:\\\"chainCatchCallbacks\\\";N;s:5:\\\"delay\\\";N;s:11:\\\"afterCommit\\\";N;s:10:\\\"middleware\\\";a:0:{}s:7:\\\"chained\\\";a:0:{}}s:5:\\\"tries\\\";N;s:7:\\\"timeout\\\";N;s:17:\\\"shouldBeEncrypted\\\";b:0;s:10:\\\"connection\\\";N;s:5:\\\"queue\\\";N;s:15:\\\"chainConnection\\\";N;s:10:\\\"chainQueue\\\";N;s:19:\\\"chainCatchCallbacks\\\";N;s:5:\\\"delay\\\";N;s:11:\\\"afterCommit\\\";N;s:10:\\\"middleware\\\";a:0:{}s:7:\\\"chained\\\";a:0:{}}\"}}', 'Swift_RfcComplianceException: Address in mailbox given [sheep.cmfionline.com] does not comply with RFC 2822, 3.6.2. in /home/zachfomum/public_html/CMFI_APPS/fiverr_index/vendor/swiftmailer/swiftmailer/lib/classes/Swift/Mime/Headers/MailboxHeader.php:355\nStack trace:\n#0 /home/zachfomum/public_html/CMFI_APPS/fiverr_index/vendor/swiftmailer/swiftmailer/lib/classes/Swift/Mime/Headers/MailboxHeader.php(272): Swift_Mime_Headers_MailboxHeader->assertValidAddress(\'sheep.cmfionlin...\')\n#1 /home/zachfomum/public_html/CMFI_APPS/fiverr_index/vendor/swiftmailer/swiftmailer/lib/classes/Swift/Mime/Headers/MailboxHeader.php(117): Swift_Mime_Headers_MailboxHeader->normalizeMailboxes(Array)\n#2 /home/zachfomum/public_html/CMFI_APPS/fiverr_index/vendor/swiftmailer/swiftmailer/lib/classes/Swift/Mime/Headers/MailboxHeader.php(74): Swift_Mime_Headers_MailboxHeader->setNameAddresses(Array)\n#3 /home/zachfomum/public_html/CMFI_APPS/fiverr_index/vendor/swiftmailer/swiftmailer/lib/classes/Swift/Mime/SimpleMimeEntity.php(600): Swift_Mime_Headers_MailboxHeader->setFieldBodyModel(Array)\n#4 /home/zachfomum/public_html/CMFI_APPS/fiverr_index/vendor/swiftmailer/swiftmailer/lib/classes/Swift/Mime/SimpleMessage.php(213): Swift_Mime_SimpleMimeEntity->setHeaderFieldModel(\'From\', Array)\n#5 /home/zachfomum/public_html/CMFI_APPS/fiverr_index/vendor/laravel/framework/src/Illuminate/Mail/Message.php(50): Swift_Mime_SimpleMessage->setFrom(Array, \'ZTF Books Repor...\')\n#6 /home/zachfomum/public_html/CMFI_APPS/fiverr_index/vendor/laravel/framework/src/Illuminate/Mail/Mailer.php(493): Illuminate\\Mail\\Message->from(\'sheep.cmfionlin...\', \'ZTF Books Repor...\')\n#7 /home/zachfomum/public_html/CMFI_APPS/fiverr_index/vendor/laravel/framework/src/Illuminate/Mail/Mailer.php(266): Illuminate\\Mail\\Mailer->createMessage()\n#8 /home/zachfomum/public_html/CMFI_APPS/fiverr_index/vendor/laravel/framework/src/Illuminate/Mail/Mailable.php(187): Illuminate\\Mail\\Mailer->send(\'admin.notificat...\', Array, Object(Closure))\n#9 /home/zachfomum/public_html/CMFI_APPS/fiverr_index/vendor/laravel/framework/src/Illuminate/Support/Traits/Localizable.php(19): Illuminate\\Mail\\Mailable->Illuminate\\Mail\\{closure}()\n#10 /home/zachfomum/public_html/CMFI_APPS/fiverr_index/vendor/laravel/framework/src/Illuminate/Mail/Mailable.php(188): Illuminate\\Mail\\Mailable->withLocale(NULL, Object(Closure))\n#11 /home/zachfomum/public_html/CMFI_APPS/fiverr_index/vendor/laravel/framework/src/Illuminate/Mail/SendQueuedMailable.php(65): Illuminate\\Mail\\Mailable->send(Object(Illuminate\\Mail\\MailManager))\n#12 /home/zachfomum/public_html/CMFI_APPS/fiverr_index/vendor/laravel/framework/src/Illuminate/Container/BoundMethod.php(36): Illuminate\\Mail\\SendQueuedMailable->handle(Object(Illuminate\\Mail\\MailManager))\n#13 /home/zachfomum/public_html/CMFI_APPS/fiverr_index/vendor/laravel/framework/src/Illuminate/Container/Util.php(40): Illuminate\\Container\\BoundMethod::Illuminate\\Container\\{closure}()\n#14 /home/zachfomum/public_html/CMFI_APPS/fiverr_index/vendor/laravel/framework/src/Illuminate/Container/BoundMethod.php(93): Illuminate\\Container\\Util::unwrapIfClosure(Object(Closure))\n#15 /home/zachfomum/public_html/CMFI_APPS/fiverr_index/vendor/laravel/framework/src/Illuminate/Container/BoundMethod.php(37): Illuminate\\Container\\BoundMethod::callBoundMethod(Object(Illuminate\\Foundation\\Application), Array, Object(Closure))\n#16 /home/zachfomum/public_html/CMFI_APPS/fiverr_index/vendor/laravel/framework/src/Illuminate/Container/Container.php(653): Illuminate\\Container\\BoundMethod::call(Object(Illuminate\\Foundation\\Application), Array, Array, NULL)\n#17 /home/zachfomum/public_html/CMFI_APPS/fiverr_index/vendor/laravel/framework/src/Illuminate/Bus/Dispatcher.php(128): Illuminate\\Container\\Container->call(Array)\n#18 /home/zachfomum/public_html/CMFI_APPS/fiverr_index/vendor/laravel/framework/src/Illuminate/Pipeline/Pipeline.php(128): Illuminate\\Bus\\Dispatcher->Illuminate\\Bus\\{closure}(Object(Illuminate\\Mail\\SendQueuedMailable))\n#19 /home/zachfomum/public_html/CMFI_APPS/fiverr_index/vendor/laravel/framework/src/Illuminate/Pipeline/Pipeline.php(103): Illuminate\\Pipeline\\Pipeline->Illuminate\\Pipeline\\{closure}(Object(Illuminate\\Mail\\SendQueuedMailable))\n#20 /home/zachfomum/public_html/CMFI_APPS/fiverr_index/vendor/laravel/framework/src/Illuminate/Bus/Dispatcher.php(132): Illuminate\\Pipeline\\Pipeline->then(Object(Closure))\n#21 /home/zachfomum/public_html/CMFI_APPS/fiverr_index/vendor/laravel/framework/src/Illuminate/Queue/CallQueuedHandler.php(120): Illuminate\\Bus\\Dispatcher->dispatchNow(Object(Illuminate\\Mail\\SendQueuedMailable), false)\n#22 /home/zachfomum/public_html/CMFI_APPS/fiverr_index/vendor/laravel/framework/src/Illuminate/Pipeline/Pipeline.php(128): Illuminate\\Queue\\CallQueuedHandler->Illuminate\\Queue\\{closure}(Object(Illuminate\\Mail\\SendQueuedMailable))\n#23 /home/zachfomum/public_html/CMFI_APPS/fiverr_index/vendor/laravel/framework/src/Illuminate/Pipeline/Pipeline.php(103): Illuminate\\Pipeline\\Pipeline->Illuminate\\Pipeline\\{closure}(Object(Illuminate\\Mail\\SendQueuedMailable))\n#24 /home/zachfomum/public_html/CMFI_APPS/fiverr_index/vendor/laravel/framework/src/Illuminate/Queue/CallQueuedHandler.php(122): Illuminate\\Pipeline\\Pipeline->then(Object(Closure))\n#25 /home/zachfomum/public_html/CMFI_APPS/fiverr_index/vendor/laravel/framework/src/Illuminate/Queue/CallQueuedHandler.php(70): Illuminate\\Queue\\CallQueuedHandler->dispatchThroughMiddleware(Object(Illuminate\\Queue\\Jobs\\DatabaseJob), Object(Illuminate\\Mail\\SendQueuedMailable))\n#26 /home/zachfomum/public_html/CMFI_APPS/fiverr_index/vendor/laravel/framework/src/Illuminate/Queue/Jobs/Job.php(98): Illuminate\\Queue\\CallQueuedHandler->call(Object(Illuminate\\Queue\\Jobs\\DatabaseJob), Array)\n#27 /home/zachfomum/public_html/CMFI_APPS/fiverr_index/vendor/laravel/framework/src/Illuminate/Queue/Worker.php(428): Illuminate\\Queue\\Jobs\\Job->fire()\n#28 /home/zachfomum/public_html/CMFI_APPS/fiverr_index/vendor/laravel/framework/src/Illuminate/Queue/Worker.php(378): Illuminate\\Queue\\Worker->process(\'database\', Object(Illuminate\\Queue\\Jobs\\DatabaseJob), Object(Illuminate\\Queue\\WorkerOptions))\n#29 /home/zachfomum/public_html/CMFI_APPS/fiverr_index/vendor/laravel/framework/src/Illuminate/Queue/Worker.php(329): Illuminate\\Queue\\Worker->runJob(Object(Illuminate\\Queue\\Jobs\\DatabaseJob), \'database\', Object(Illuminate\\Queue\\WorkerOptions))\n#30 /home/zachfomum/public_html/CMFI_APPS/fiverr_index/vendor/laravel/framework/src/Illuminate/Queue/Console/WorkCommand.php(117): Illuminate\\Queue\\Worker->runNextJob(\'database\', \'default\', Object(Illuminate\\Queue\\WorkerOptions))\n#31 /home/zachfomum/public_html/CMFI_APPS/fiverr_index/vendor/laravel/framework/src/Illuminate/Queue/Console/WorkCommand.php(101): Illuminate\\Queue\\Console\\WorkCommand->runWorker(\'database\', \'default\')\n#32 /home/zachfomum/public_html/CMFI_APPS/fiverr_index/vendor/laravel/framework/src/Illuminate/Container/BoundMethod.php(36): Illuminate\\Queue\\Console\\WorkCommand->handle()\n#33 /home/zachfomum/public_html/CMFI_APPS/fiverr_index/vendor/laravel/framework/src/Illuminate/Container/Util.php(40): Illuminate\\Container\\BoundMethod::Illuminate\\Container\\{closure}()\n#34 /home/zachfomum/public_html/CMFI_APPS/fiverr_index/vendor/laravel/framework/src/Illuminate/Container/BoundMethod.php(93): Illuminate\\Container\\Util::unwrapIfClosure(Object(Closure))\n#35 /home/zachfomum/public_html/CMFI_APPS/fiverr_index/vendor/laravel/framework/src/Illuminate/Container/BoundMethod.php(37): Illuminate\\Container\\BoundMethod::callBoundMethod(Object(Illuminate\\Foundation\\Application), Array, Object(Closure))\n#36 /home/zachfomum/public_html/CMFI_APPS/fiverr_index/vendor/laravel/framework/src/Illuminate/Container/Container.php(653): Illuminate\\Container\\BoundMethod::call(Object(Illuminate\\Foundation\\Application), Array, Array, NULL)\n#37 /home/zachfomum/public_html/CMFI_APPS/fiverr_index/vendor/laravel/framework/src/Illuminate/Console/Command.php(136): Illuminate\\Container\\Container->call(Array)\n#38 /home/zachfomum/public_html/CMFI_APPS/fiverr_index/vendor/symfony/console/Command/Command.php(298): Illuminate\\Console\\Command->execute(Object(Symfony\\Component\\Console\\Input\\ArgvInput), Object(Illuminate\\Console\\OutputStyle))\n#39 /home/zachfomum/public_html/CMFI_APPS/fiverr_index/vendor/laravel/framework/src/Illuminate/Console/Command.php(121): Symfony\\Component\\Console\\Command\\Command->run(Object(Symfony\\Component\\Console\\Input\\ArgvInput), Object(Illuminate\\Console\\OutputStyle))\n#40 /home/zachfomum/public_html/CMFI_APPS/fiverr_index/vendor/symfony/console/Application.php(1005): Illuminate\\Console\\Command->run(Object(Symfony\\Component\\Console\\Input\\ArgvInput), Object(Symfony\\Component\\Console\\Output\\ConsoleOutput))\n#41 /home/zachfomum/public_html/CMFI_APPS/fiverr_index/vendor/symfony/console/Application.php(299): Symfony\\Component\\Console\\Application->doRunCommand(Object(Illuminate\\Queue\\Console\\WorkCommand), Object(Symfony\\Component\\Console\\Input\\ArgvInput), Object(Symfony\\Component\\Console\\Output\\ConsoleOutput))\n#42 /home/zachfomum/public_html/CMFI_APPS/fiverr_index/vendor/symfony/console/Application.php(171): Symfony\\Component\\Console\\Application->doRun(Object(Symfony\\Component\\Console\\Input\\ArgvInput), Object(Symfony\\Component\\Console\\Output\\ConsoleOutput))\n#43 /home/zachfomum/public_html/CMFI_APPS/fiverr_index/vendor/laravel/framework/src/Illuminate/Console/Application.php(94): Symfony\\Component\\Console\\Application->run(Object(Symfony\\Component\\Console\\Input\\ArgvInput), Object(Symfony\\Component\\Console\\Output\\ConsoleOutput))\n#44 /home/zachfomum/public_html/CMFI_APPS/fiverr_index/vendor/laravel/framework/src/Illuminate/Foundation/Console/Kernel.php(129): Illuminate\\Console\\Application->run(Object(Symfony\\Component\\Console\\Input\\ArgvInput), Object(Symfony\\Component\\Console\\Output\\ConsoleOutput))\n#45 /home/zachfomum/public_html/CMFI_APPS/fiverr_index/artisan(37): Illuminate\\Foundation\\Console\\Kernel->handle(Object(Symfony\\Component\\Console\\Input\\ArgvInput), Object(Symfony\\Component\\Console\\Output\\ConsoleOutput))\n#46 {main}', '2021-12-28 23:23:34');
INSERT INTO `co_failed_jobs` (`id`, `uuid`, `connection`, `queue`, `payload`, `exception`, `failed_at`) VALUES
(4, '406714f8-55f1-42ef-b96c-57969939538b', 'database', 'default', '{\"uuid\":\"406714f8-55f1-42ef-b96c-57969939538b\",\"displayName\":\"App\\\\Mail\\\\StatusChangeNotification\",\"job\":\"Illuminate\\\\Queue\\\\CallQueuedHandler@call\",\"maxTries\":null,\"maxExceptions\":null,\"failOnTimeout\":false,\"backoff\":null,\"timeout\":null,\"retryUntil\":null,\"data\":{\"commandName\":\"Illuminate\\\\Mail\\\\SendQueuedMailable\",\"command\":\"O:34:\\\"Illuminate\\\\Mail\\\\SendQueuedMailable\\\":13:{s:8:\\\"mailable\\\";O:33:\\\"App\\\\Mail\\\\StatusChangeNotification\\\":33:{s:12:\\\"book_list_id\\\";i:3;s:9:\\\"book_info\\\";O:45:\\\"Illuminate\\\\Contracts\\\\Database\\\\ModelIdentifier\\\":4:{s:5:\\\"class\\\";s:19:\\\"App\\\\Models\\\\BookList\\\";s:2:\\\"id\\\";i:3;s:9:\\\"relations\\\";a:1:{i:0;s:6:\\\"serise\\\";}s:10:\\\"connection\\\";s:5:\\\"mysql\\\";}s:12:\\\"book_content\\\";a:5:{s:5:\\\"eBook\\\";s:4:\\\"ToDo\\\";s:4:\\\"POD1\\\";s:4:\\\"Done\\\";s:5:\\\"Audio\\\";s:4:\\\"Done\\\";s:4:\\\"POD2\\\";s:4:\\\"ToDo\\\";s:3:\\\"GFP\\\";s:2:\\\"R3\\\";}s:11:\\\"change_data\\\";a:1:{s:5:\\\"eBook\\\";s:4:\\\"Done\\\";}s:9:\\\"change_by\\\";s:11:\\\"admin admin\\\";s:6:\\\"locale\\\";N;s:4:\\\"from\\\";a:1:{i:0;a:2:{s:4:\\\"name\\\";s:8:\\\"ztfbooks\\\";s:7:\\\"address\\\";s:29:\\\"ztfbooks@cmfinternational.org\\\";}}s:2:\\\"to\\\";a:1:{i:0;a:2:{s:4:\\\"name\\\";N;s:7:\\\"address\\\";s:22:\\\"mashud624496@gmail.com\\\";}}s:2:\\\"cc\\\";a:0:{}s:3:\\\"bcc\\\";a:0:{}s:7:\\\"replyTo\\\";a:1:{i:0;a:2:{s:4:\\\"name\\\";s:8:\\\"ztfbooks\\\";s:7:\\\"address\\\";s:29:\\\"ztfbooks@cmfinternational.org\\\";}}s:7:\\\"subject\\\";s:18:\\\"Change Book Status\\\";s:8:\\\"markdown\\\";N;s:7:\\\"\\u0000*\\u0000html\\\";N;s:4:\\\"view\\\";N;s:8:\\\"textView\\\";N;s:8:\\\"viewData\\\";a:0:{}s:11:\\\"attachments\\\";a:0:{}s:14:\\\"rawAttachments\\\";a:0:{}s:15:\\\"diskAttachments\\\";a:0:{}s:9:\\\"callbacks\\\";a:0:{}s:5:\\\"theme\\\";N;s:6:\\\"mailer\\\";s:4:\\\"smtp\\\";s:29:\\\"\\u0000*\\u0000assertionableRenderStrings\\\";N;s:10:\\\"connection\\\";N;s:5:\\\"queue\\\";N;s:15:\\\"chainConnection\\\";N;s:10:\\\"chainQueue\\\";N;s:19:\\\"chainCatchCallbacks\\\";N;s:5:\\\"delay\\\";N;s:11:\\\"afterCommit\\\";N;s:10:\\\"middleware\\\";a:0:{}s:7:\\\"chained\\\";a:0:{}}s:5:\\\"tries\\\";N;s:7:\\\"timeout\\\";N;s:17:\\\"shouldBeEncrypted\\\";b:0;s:10:\\\"connection\\\";N;s:5:\\\"queue\\\";N;s:15:\\\"chainConnection\\\";N;s:10:\\\"chainQueue\\\";N;s:19:\\\"chainCatchCallbacks\\\";N;s:5:\\\"delay\\\";N;s:11:\\\"afterCommit\\\";N;s:10:\\\"middleware\\\";a:0:{}s:7:\\\"chained\\\";a:0:{}}\"}}', 'Swift_TransportException: Connection could not be established with host sheep :stream_socket_client(): Peer certificate CN=`sheep.cmfionline.com\' did not match expected CN=`sheep\' in /home/zachfomum/public_html/CMFI_APPS/fiverr_index/vendor/swiftmailer/swiftmailer/lib/classes/Swift/Transport/StreamBuffer.php:261\nStack trace:\n#0 [internal function]: Swift_Transport_StreamBuffer->{closure}(2, \'stream_socket_c...\', \'/home/zachfomum...\', 264, Array)\n#1 /home/zachfomum/public_html/CMFI_APPS/fiverr_index/vendor/swiftmailer/swiftmailer/lib/classes/Swift/Transport/StreamBuffer.php(264): stream_socket_client(\'ssl://sheep:465\', 0, \'\', 30, 4, Resource id #848)\n#2 /home/zachfomum/public_html/CMFI_APPS/fiverr_index/vendor/swiftmailer/swiftmailer/lib/classes/Swift/Transport/StreamBuffer.php(58): Swift_Transport_StreamBuffer->establishSocketConnection()\n#3 /home/zachfomum/public_html/CMFI_APPS/fiverr_index/vendor/swiftmailer/swiftmailer/lib/classes/Swift/Transport/AbstractSmtpTransport.php(143): Swift_Transport_StreamBuffer->initialize(Array)\n#4 /home/zachfomum/public_html/CMFI_APPS/fiverr_index/vendor/swiftmailer/swiftmailer/lib/classes/Swift/Mailer.php(65): Swift_Transport_AbstractSmtpTransport->start()\n#5 /home/zachfomum/public_html/CMFI_APPS/fiverr_index/vendor/laravel/framework/src/Illuminate/Mail/Mailer.php(521): Swift_Mailer->send(Object(Swift_Message), Array)\n#6 /home/zachfomum/public_html/CMFI_APPS/fiverr_index/vendor/laravel/framework/src/Illuminate/Mail/Mailer.php(288): Illuminate\\Mail\\Mailer->sendSwiftMessage(Object(Swift_Message))\n#7 /home/zachfomum/public_html/CMFI_APPS/fiverr_index/vendor/laravel/framework/src/Illuminate/Mail/Mailable.php(187): Illuminate\\Mail\\Mailer->send(\'admin.notificat...\', Array, Object(Closure))\n#8 /home/zachfomum/public_html/CMFI_APPS/fiverr_index/vendor/laravel/framework/src/Illuminate/Support/Traits/Localizable.php(19): Illuminate\\Mail\\Mailable->Illuminate\\Mail\\{closure}()\n#9 /home/zachfomum/public_html/CMFI_APPS/fiverr_index/vendor/laravel/framework/src/Illuminate/Mail/Mailable.php(188): Illuminate\\Mail\\Mailable->withLocale(NULL, Object(Closure))\n#10 /home/zachfomum/public_html/CMFI_APPS/fiverr_index/vendor/laravel/framework/src/Illuminate/Mail/SendQueuedMailable.php(65): Illuminate\\Mail\\Mailable->send(Object(Illuminate\\Mail\\MailManager))\n#11 /home/zachfomum/public_html/CMFI_APPS/fiverr_index/vendor/laravel/framework/src/Illuminate/Container/BoundMethod.php(36): Illuminate\\Mail\\SendQueuedMailable->handle(Object(Illuminate\\Mail\\MailManager))\n#12 /home/zachfomum/public_html/CMFI_APPS/fiverr_index/vendor/laravel/framework/src/Illuminate/Container/Util.php(40): Illuminate\\Container\\BoundMethod::Illuminate\\Container\\{closure}()\n#13 /home/zachfomum/public_html/CMFI_APPS/fiverr_index/vendor/laravel/framework/src/Illuminate/Container/BoundMethod.php(93): Illuminate\\Container\\Util::unwrapIfClosure(Object(Closure))\n#14 /home/zachfomum/public_html/CMFI_APPS/fiverr_index/vendor/laravel/framework/src/Illuminate/Container/BoundMethod.php(37): Illuminate\\Container\\BoundMethod::callBoundMethod(Object(Illuminate\\Foundation\\Application), Array, Object(Closure))\n#15 /home/zachfomum/public_html/CMFI_APPS/fiverr_index/vendor/laravel/framework/src/Illuminate/Container/Container.php(653): Illuminate\\Container\\BoundMethod::call(Object(Illuminate\\Foundation\\Application), Array, Array, NULL)\n#16 /home/zachfomum/public_html/CMFI_APPS/fiverr_index/vendor/laravel/framework/src/Illuminate/Bus/Dispatcher.php(128): Illuminate\\Container\\Container->call(Array)\n#17 /home/zachfomum/public_html/CMFI_APPS/fiverr_index/vendor/laravel/framework/src/Illuminate/Pipeline/Pipeline.php(128): Illuminate\\Bus\\Dispatcher->Illuminate\\Bus\\{closure}(Object(Illuminate\\Mail\\SendQueuedMailable))\n#18 /home/zachfomum/public_html/CMFI_APPS/fiverr_index/vendor/laravel/framework/src/Illuminate/Pipeline/Pipeline.php(103): Illuminate\\Pipeline\\Pipeline->Illuminate\\Pipeline\\{closure}(Object(Illuminate\\Mail\\SendQueuedMailable))\n#19 /home/zachfomum/public_html/CMFI_APPS/fiverr_index/vendor/laravel/framework/src/Illuminate/Bus/Dispatcher.php(132): Illuminate\\Pipeline\\Pipeline->then(Object(Closure))\n#20 /home/zachfomum/public_html/CMFI_APPS/fiverr_index/vendor/laravel/framework/src/Illuminate/Queue/CallQueuedHandler.php(120): Illuminate\\Bus\\Dispatcher->dispatchNow(Object(Illuminate\\Mail\\SendQueuedMailable), false)\n#21 /home/zachfomum/public_html/CMFI_APPS/fiverr_index/vendor/laravel/framework/src/Illuminate/Pipeline/Pipeline.php(128): Illuminate\\Queue\\CallQueuedHandler->Illuminate\\Queue\\{closure}(Object(Illuminate\\Mail\\SendQueuedMailable))\n#22 /home/zachfomum/public_html/CMFI_APPS/fiverr_index/vendor/laravel/framework/src/Illuminate/Pipeline/Pipeline.php(103): Illuminate\\Pipeline\\Pipeline->Illuminate\\Pipeline\\{closure}(Object(Illuminate\\Mail\\SendQueuedMailable))\n#23 /home/zachfomum/public_html/CMFI_APPS/fiverr_index/vendor/laravel/framework/src/Illuminate/Queue/CallQueuedHandler.php(122): Illuminate\\Pipeline\\Pipeline->then(Object(Closure))\n#24 /home/zachfomum/public_html/CMFI_APPS/fiverr_index/vendor/laravel/framework/src/Illuminate/Queue/CallQueuedHandler.php(70): Illuminate\\Queue\\CallQueuedHandler->dispatchThroughMiddleware(Object(Illuminate\\Queue\\Jobs\\DatabaseJob), Object(Illuminate\\Mail\\SendQueuedMailable))\n#25 /home/zachfomum/public_html/CMFI_APPS/fiverr_index/vendor/laravel/framework/src/Illuminate/Queue/Jobs/Job.php(98): Illuminate\\Queue\\CallQueuedHandler->call(Object(Illuminate\\Queue\\Jobs\\DatabaseJob), Array)\n#26 /home/zachfomum/public_html/CMFI_APPS/fiverr_index/vendor/laravel/framework/src/Illuminate/Queue/Worker.php(428): Illuminate\\Queue\\Jobs\\Job->fire()\n#27 /home/zachfomum/public_html/CMFI_APPS/fiverr_index/vendor/laravel/framework/src/Illuminate/Queue/Worker.php(378): Illuminate\\Queue\\Worker->process(\'database\', Object(Illuminate\\Queue\\Jobs\\DatabaseJob), Object(Illuminate\\Queue\\WorkerOptions))\n#28 /home/zachfomum/public_html/CMFI_APPS/fiverr_index/vendor/laravel/framework/src/Illuminate/Queue/Worker.php(329): Illuminate\\Queue\\Worker->runJob(Object(Illuminate\\Queue\\Jobs\\DatabaseJob), \'database\', Object(Illuminate\\Queue\\WorkerOptions))\n#29 /home/zachfomum/public_html/CMFI_APPS/fiverr_index/vendor/laravel/framework/src/Illuminate/Queue/Console/WorkCommand.php(117): Illuminate\\Queue\\Worker->runNextJob(\'database\', \'default\', Object(Illuminate\\Queue\\WorkerOptions))\n#30 /home/zachfomum/public_html/CMFI_APPS/fiverr_index/vendor/laravel/framework/src/Illuminate/Queue/Console/WorkCommand.php(101): Illuminate\\Queue\\Console\\WorkCommand->runWorker(\'database\', \'default\')\n#31 /home/zachfomum/public_html/CMFI_APPS/fiverr_index/vendor/laravel/framework/src/Illuminate/Container/BoundMethod.php(36): Illuminate\\Queue\\Console\\WorkCommand->handle()\n#32 /home/zachfomum/public_html/CMFI_APPS/fiverr_index/vendor/laravel/framework/src/Illuminate/Container/Util.php(40): Illuminate\\Container\\BoundMethod::Illuminate\\Container\\{closure}()\n#33 /home/zachfomum/public_html/CMFI_APPS/fiverr_index/vendor/laravel/framework/src/Illuminate/Container/BoundMethod.php(93): Illuminate\\Container\\Util::unwrapIfClosure(Object(Closure))\n#34 /home/zachfomum/public_html/CMFI_APPS/fiverr_index/vendor/laravel/framework/src/Illuminate/Container/BoundMethod.php(37): Illuminate\\Container\\BoundMethod::callBoundMethod(Object(Illuminate\\Foundation\\Application), Array, Object(Closure))\n#35 /home/zachfomum/public_html/CMFI_APPS/fiverr_index/vendor/laravel/framework/src/Illuminate/Container/Container.php(653): Illuminate\\Container\\BoundMethod::call(Object(Illuminate\\Foundation\\Application), Array, Array, NULL)\n#36 /home/zachfomum/public_html/CMFI_APPS/fiverr_index/vendor/laravel/framework/src/Illuminate/Console/Command.php(136): Illuminate\\Container\\Container->call(Array)\n#37 /home/zachfomum/public_html/CMFI_APPS/fiverr_index/vendor/symfony/console/Command/Command.php(298): Illuminate\\Console\\Command->execute(Object(Symfony\\Component\\Console\\Input\\ArgvInput), Object(Illuminate\\Console\\OutputStyle))\n#38 /home/zachfomum/public_html/CMFI_APPS/fiverr_index/vendor/laravel/framework/src/Illuminate/Console/Command.php(121): Symfony\\Component\\Console\\Command\\Command->run(Object(Symfony\\Component\\Console\\Input\\ArgvInput), Object(Illuminate\\Console\\OutputStyle))\n#39 /home/zachfomum/public_html/CMFI_APPS/fiverr_index/vendor/symfony/console/Application.php(1005): Illuminate\\Console\\Command->run(Object(Symfony\\Component\\Console\\Input\\ArgvInput), Object(Symfony\\Component\\Console\\Output\\ConsoleOutput))\n#40 /home/zachfomum/public_html/CMFI_APPS/fiverr_index/vendor/symfony/console/Application.php(299): Symfony\\Component\\Console\\Application->doRunCommand(Object(Illuminate\\Queue\\Console\\WorkCommand), Object(Symfony\\Component\\Console\\Input\\ArgvInput), Object(Symfony\\Component\\Console\\Output\\ConsoleOutput))\n#41 /home/zachfomum/public_html/CMFI_APPS/fiverr_index/vendor/symfony/console/Application.php(171): Symfony\\Component\\Console\\Application->doRun(Object(Symfony\\Component\\Console\\Input\\ArgvInput), Object(Symfony\\Component\\Console\\Output\\ConsoleOutput))\n#42 /home/zachfomum/public_html/CMFI_APPS/fiverr_index/vendor/laravel/framework/src/Illuminate/Console/Application.php(94): Symfony\\Component\\Console\\Application->run(Object(Symfony\\Component\\Console\\Input\\ArgvInput), Object(Symfony\\Component\\Console\\Output\\ConsoleOutput))\n#43 /home/zachfomum/public_html/CMFI_APPS/fiverr_index/vendor/laravel/framework/src/Illuminate/Foundation/Console/Kernel.php(129): Illuminate\\Console\\Application->run(Object(Symfony\\Component\\Console\\Input\\ArgvInput), Object(Symfony\\Component\\Console\\Output\\ConsoleOutput))\n#44 /home/zachfomum/public_html/CMFI_APPS/fiverr_index/artisan(37): Illuminate\\Foundation\\Console\\Kernel->handle(Object(Symfony\\Component\\Console\\Input\\ArgvInput), Object(Symfony\\Component\\Console\\Output\\ConsoleOutput))\n#45 {main}', '2021-12-28 23:36:30'),
(5, '82d68417-df9e-408d-9330-4892efd434c6', 'database', 'default', '{\"uuid\":\"82d68417-df9e-408d-9330-4892efd434c6\",\"displayName\":\"App\\\\Mail\\\\StatusChangeNotification\",\"job\":\"Illuminate\\\\Queue\\\\CallQueuedHandler@call\",\"maxTries\":null,\"maxExceptions\":null,\"failOnTimeout\":false,\"backoff\":null,\"timeout\":null,\"retryUntil\":null,\"data\":{\"commandName\":\"Illuminate\\\\Mail\\\\SendQueuedMailable\",\"command\":\"O:34:\\\"Illuminate\\\\Mail\\\\SendQueuedMailable\\\":13:{s:8:\\\"mailable\\\";O:33:\\\"App\\\\Mail\\\\StatusChangeNotification\\\":33:{s:12:\\\"book_list_id\\\";i:3;s:9:\\\"book_info\\\";O:45:\\\"Illuminate\\\\Contracts\\\\Database\\\\ModelIdentifier\\\":4:{s:5:\\\"class\\\";s:19:\\\"App\\\\Models\\\\BookList\\\";s:2:\\\"id\\\";i:3;s:9:\\\"relations\\\";a:1:{i:0;s:6:\\\"serise\\\";}s:10:\\\"connection\\\";s:5:\\\"mysql\\\";}s:12:\\\"book_content\\\";a:5:{s:5:\\\"eBook\\\";s:4:\\\"Done\\\";s:4:\\\"POD1\\\";s:4:\\\"Done\\\";s:5:\\\"Audio\\\";s:4:\\\"Done\\\";s:4:\\\"POD2\\\";s:4:\\\"ToDo\\\";s:3:\\\"GFP\\\";s:2:\\\"R3\\\";}s:11:\\\"change_data\\\";a:1:{s:5:\\\"eBook\\\";s:4:\\\"ToDo\\\";}s:9:\\\"change_by\\\";s:11:\\\"admin admin\\\";s:6:\\\"locale\\\";N;s:4:\\\"from\\\";a:1:{i:0;a:2:{s:4:\\\"name\\\";s:8:\\\"ztfbooks\\\";s:7:\\\"address\\\";s:29:\\\"ztfbooks@cmfinternational.org\\\";}}s:2:\\\"to\\\";a:1:{i:0;a:2:{s:4:\\\"name\\\";N;s:7:\\\"address\\\";s:22:\\\"mashud624496@gmail.com\\\";}}s:2:\\\"cc\\\";a:0:{}s:3:\\\"bcc\\\";a:0:{}s:7:\\\"replyTo\\\";a:1:{i:0;a:2:{s:4:\\\"name\\\";s:8:\\\"ztfbooks\\\";s:7:\\\"address\\\";s:29:\\\"ztfbooks@cmfinternational.org\\\";}}s:7:\\\"subject\\\";s:18:\\\"Change Book Status\\\";s:8:\\\"markdown\\\";N;s:7:\\\"\\u0000*\\u0000html\\\";N;s:4:\\\"view\\\";N;s:8:\\\"textView\\\";N;s:8:\\\"viewData\\\";a:0:{}s:11:\\\"attachments\\\";a:0:{}s:14:\\\"rawAttachments\\\";a:0:{}s:15:\\\"diskAttachments\\\";a:0:{}s:9:\\\"callbacks\\\";a:0:{}s:5:\\\"theme\\\";N;s:6:\\\"mailer\\\";s:4:\\\"smtp\\\";s:29:\\\"\\u0000*\\u0000assertionableRenderStrings\\\";N;s:10:\\\"connection\\\";N;s:5:\\\"queue\\\";N;s:15:\\\"chainConnection\\\";N;s:10:\\\"chainQueue\\\";N;s:19:\\\"chainCatchCallbacks\\\";N;s:5:\\\"delay\\\";N;s:11:\\\"afterCommit\\\";N;s:10:\\\"middleware\\\";a:0:{}s:7:\\\"chained\\\";a:0:{}}s:5:\\\"tries\\\";N;s:7:\\\"timeout\\\";N;s:17:\\\"shouldBeEncrypted\\\";b:0;s:10:\\\"connection\\\";N;s:5:\\\"queue\\\";N;s:15:\\\"chainConnection\\\";N;s:10:\\\"chainQueue\\\";N;s:19:\\\"chainCatchCallbacks\\\";N;s:5:\\\"delay\\\";N;s:11:\\\"afterCommit\\\";N;s:10:\\\"middleware\\\";a:0:{}s:7:\\\"chained\\\";a:0:{}}\"}}', 'Swift_TransportException: Connection could not be established with host sheep :stream_socket_client(): Peer certificate CN=`sheep.cmfionline.com\' did not match expected CN=`sheep\' in /home/zachfomum/public_html/CMFI_APPS/fiverr_index/vendor/swiftmailer/swiftmailer/lib/classes/Swift/Transport/StreamBuffer.php:261\nStack trace:\n#0 [internal function]: Swift_Transport_StreamBuffer->{closure}(2, \'stream_socket_c...\', \'/home/zachfomum...\', 264, Array)\n#1 /home/zachfomum/public_html/CMFI_APPS/fiverr_index/vendor/swiftmailer/swiftmailer/lib/classes/Swift/Transport/StreamBuffer.php(264): stream_socket_client(\'ssl://sheep:465\', 0, \'\', 30, 4, Resource id #848)\n#2 /home/zachfomum/public_html/CMFI_APPS/fiverr_index/vendor/swiftmailer/swiftmailer/lib/classes/Swift/Transport/StreamBuffer.php(58): Swift_Transport_StreamBuffer->establishSocketConnection()\n#3 /home/zachfomum/public_html/CMFI_APPS/fiverr_index/vendor/swiftmailer/swiftmailer/lib/classes/Swift/Transport/AbstractSmtpTransport.php(143): Swift_Transport_StreamBuffer->initialize(Array)\n#4 /home/zachfomum/public_html/CMFI_APPS/fiverr_index/vendor/swiftmailer/swiftmailer/lib/classes/Swift/Mailer.php(65): Swift_Transport_AbstractSmtpTransport->start()\n#5 /home/zachfomum/public_html/CMFI_APPS/fiverr_index/vendor/laravel/framework/src/Illuminate/Mail/Mailer.php(521): Swift_Mailer->send(Object(Swift_Message), Array)\n#6 /home/zachfomum/public_html/CMFI_APPS/fiverr_index/vendor/laravel/framework/src/Illuminate/Mail/Mailer.php(288): Illuminate\\Mail\\Mailer->sendSwiftMessage(Object(Swift_Message))\n#7 /home/zachfomum/public_html/CMFI_APPS/fiverr_index/vendor/laravel/framework/src/Illuminate/Mail/Mailable.php(187): Illuminate\\Mail\\Mailer->send(\'admin.notificat...\', Array, Object(Closure))\n#8 /home/zachfomum/public_html/CMFI_APPS/fiverr_index/vendor/laravel/framework/src/Illuminate/Support/Traits/Localizable.php(19): Illuminate\\Mail\\Mailable->Illuminate\\Mail\\{closure}()\n#9 /home/zachfomum/public_html/CMFI_APPS/fiverr_index/vendor/laravel/framework/src/Illuminate/Mail/Mailable.php(188): Illuminate\\Mail\\Mailable->withLocale(NULL, Object(Closure))\n#10 /home/zachfomum/public_html/CMFI_APPS/fiverr_index/vendor/laravel/framework/src/Illuminate/Mail/SendQueuedMailable.php(65): Illuminate\\Mail\\Mailable->send(Object(Illuminate\\Mail\\MailManager))\n#11 /home/zachfomum/public_html/CMFI_APPS/fiverr_index/vendor/laravel/framework/src/Illuminate/Container/BoundMethod.php(36): Illuminate\\Mail\\SendQueuedMailable->handle(Object(Illuminate\\Mail\\MailManager))\n#12 /home/zachfomum/public_html/CMFI_APPS/fiverr_index/vendor/laravel/framework/src/Illuminate/Container/Util.php(40): Illuminate\\Container\\BoundMethod::Illuminate\\Container\\{closure}()\n#13 /home/zachfomum/public_html/CMFI_APPS/fiverr_index/vendor/laravel/framework/src/Illuminate/Container/BoundMethod.php(93): Illuminate\\Container\\Util::unwrapIfClosure(Object(Closure))\n#14 /home/zachfomum/public_html/CMFI_APPS/fiverr_index/vendor/laravel/framework/src/Illuminate/Container/BoundMethod.php(37): Illuminate\\Container\\BoundMethod::callBoundMethod(Object(Illuminate\\Foundation\\Application), Array, Object(Closure))\n#15 /home/zachfomum/public_html/CMFI_APPS/fiverr_index/vendor/laravel/framework/src/Illuminate/Container/Container.php(653): Illuminate\\Container\\BoundMethod::call(Object(Illuminate\\Foundation\\Application), Array, Array, NULL)\n#16 /home/zachfomum/public_html/CMFI_APPS/fiverr_index/vendor/laravel/framework/src/Illuminate/Bus/Dispatcher.php(128): Illuminate\\Container\\Container->call(Array)\n#17 /home/zachfomum/public_html/CMFI_APPS/fiverr_index/vendor/laravel/framework/src/Illuminate/Pipeline/Pipeline.php(128): Illuminate\\Bus\\Dispatcher->Illuminate\\Bus\\{closure}(Object(Illuminate\\Mail\\SendQueuedMailable))\n#18 /home/zachfomum/public_html/CMFI_APPS/fiverr_index/vendor/laravel/framework/src/Illuminate/Pipeline/Pipeline.php(103): Illuminate\\Pipeline\\Pipeline->Illuminate\\Pipeline\\{closure}(Object(Illuminate\\Mail\\SendQueuedMailable))\n#19 /home/zachfomum/public_html/CMFI_APPS/fiverr_index/vendor/laravel/framework/src/Illuminate/Bus/Dispatcher.php(132): Illuminate\\Pipeline\\Pipeline->then(Object(Closure))\n#20 /home/zachfomum/public_html/CMFI_APPS/fiverr_index/vendor/laravel/framework/src/Illuminate/Queue/CallQueuedHandler.php(120): Illuminate\\Bus\\Dispatcher->dispatchNow(Object(Illuminate\\Mail\\SendQueuedMailable), false)\n#21 /home/zachfomum/public_html/CMFI_APPS/fiverr_index/vendor/laravel/framework/src/Illuminate/Pipeline/Pipeline.php(128): Illuminate\\Queue\\CallQueuedHandler->Illuminate\\Queue\\{closure}(Object(Illuminate\\Mail\\SendQueuedMailable))\n#22 /home/zachfomum/public_html/CMFI_APPS/fiverr_index/vendor/laravel/framework/src/Illuminate/Pipeline/Pipeline.php(103): Illuminate\\Pipeline\\Pipeline->Illuminate\\Pipeline\\{closure}(Object(Illuminate\\Mail\\SendQueuedMailable))\n#23 /home/zachfomum/public_html/CMFI_APPS/fiverr_index/vendor/laravel/framework/src/Illuminate/Queue/CallQueuedHandler.php(122): Illuminate\\Pipeline\\Pipeline->then(Object(Closure))\n#24 /home/zachfomum/public_html/CMFI_APPS/fiverr_index/vendor/laravel/framework/src/Illuminate/Queue/CallQueuedHandler.php(70): Illuminate\\Queue\\CallQueuedHandler->dispatchThroughMiddleware(Object(Illuminate\\Queue\\Jobs\\DatabaseJob), Object(Illuminate\\Mail\\SendQueuedMailable))\n#25 /home/zachfomum/public_html/CMFI_APPS/fiverr_index/vendor/laravel/framework/src/Illuminate/Queue/Jobs/Job.php(98): Illuminate\\Queue\\CallQueuedHandler->call(Object(Illuminate\\Queue\\Jobs\\DatabaseJob), Array)\n#26 /home/zachfomum/public_html/CMFI_APPS/fiverr_index/vendor/laravel/framework/src/Illuminate/Queue/Worker.php(428): Illuminate\\Queue\\Jobs\\Job->fire()\n#27 /home/zachfomum/public_html/CMFI_APPS/fiverr_index/vendor/laravel/framework/src/Illuminate/Queue/Worker.php(378): Illuminate\\Queue\\Worker->process(\'database\', Object(Illuminate\\Queue\\Jobs\\DatabaseJob), Object(Illuminate\\Queue\\WorkerOptions))\n#28 /home/zachfomum/public_html/CMFI_APPS/fiverr_index/vendor/laravel/framework/src/Illuminate/Queue/Worker.php(329): Illuminate\\Queue\\Worker->runJob(Object(Illuminate\\Queue\\Jobs\\DatabaseJob), \'database\', Object(Illuminate\\Queue\\WorkerOptions))\n#29 /home/zachfomum/public_html/CMFI_APPS/fiverr_index/vendor/laravel/framework/src/Illuminate/Queue/Console/WorkCommand.php(117): Illuminate\\Queue\\Worker->runNextJob(\'database\', \'default\', Object(Illuminate\\Queue\\WorkerOptions))\n#30 /home/zachfomum/public_html/CMFI_APPS/fiverr_index/vendor/laravel/framework/src/Illuminate/Queue/Console/WorkCommand.php(101): Illuminate\\Queue\\Console\\WorkCommand->runWorker(\'database\', \'default\')\n#31 /home/zachfomum/public_html/CMFI_APPS/fiverr_index/vendor/laravel/framework/src/Illuminate/Container/BoundMethod.php(36): Illuminate\\Queue\\Console\\WorkCommand->handle()\n#32 /home/zachfomum/public_html/CMFI_APPS/fiverr_index/vendor/laravel/framework/src/Illuminate/Container/Util.php(40): Illuminate\\Container\\BoundMethod::Illuminate\\Container\\{closure}()\n#33 /home/zachfomum/public_html/CMFI_APPS/fiverr_index/vendor/laravel/framework/src/Illuminate/Container/BoundMethod.php(93): Illuminate\\Container\\Util::unwrapIfClosure(Object(Closure))\n#34 /home/zachfomum/public_html/CMFI_APPS/fiverr_index/vendor/laravel/framework/src/Illuminate/Container/BoundMethod.php(37): Illuminate\\Container\\BoundMethod::callBoundMethod(Object(Illuminate\\Foundation\\Application), Array, Object(Closure))\n#35 /home/zachfomum/public_html/CMFI_APPS/fiverr_index/vendor/laravel/framework/src/Illuminate/Container/Container.php(653): Illuminate\\Container\\BoundMethod::call(Object(Illuminate\\Foundation\\Application), Array, Array, NULL)\n#36 /home/zachfomum/public_html/CMFI_APPS/fiverr_index/vendor/laravel/framework/src/Illuminate/Console/Command.php(136): Illuminate\\Container\\Container->call(Array)\n#37 /home/zachfomum/public_html/CMFI_APPS/fiverr_index/vendor/symfony/console/Command/Command.php(298): Illuminate\\Console\\Command->execute(Object(Symfony\\Component\\Console\\Input\\ArgvInput), Object(Illuminate\\Console\\OutputStyle))\n#38 /home/zachfomum/public_html/CMFI_APPS/fiverr_index/vendor/laravel/framework/src/Illuminate/Console/Command.php(121): Symfony\\Component\\Console\\Command\\Command->run(Object(Symfony\\Component\\Console\\Input\\ArgvInput), Object(Illuminate\\Console\\OutputStyle))\n#39 /home/zachfomum/public_html/CMFI_APPS/fiverr_index/vendor/symfony/console/Application.php(1005): Illuminate\\Console\\Command->run(Object(Symfony\\Component\\Console\\Input\\ArgvInput), Object(Symfony\\Component\\Console\\Output\\ConsoleOutput))\n#40 /home/zachfomum/public_html/CMFI_APPS/fiverr_index/vendor/symfony/console/Application.php(299): Symfony\\Component\\Console\\Application->doRunCommand(Object(Illuminate\\Queue\\Console\\WorkCommand), Object(Symfony\\Component\\Console\\Input\\ArgvInput), Object(Symfony\\Component\\Console\\Output\\ConsoleOutput))\n#41 /home/zachfomum/public_html/CMFI_APPS/fiverr_index/vendor/symfony/console/Application.php(171): Symfony\\Component\\Console\\Application->doRun(Object(Symfony\\Component\\Console\\Input\\ArgvInput), Object(Symfony\\Component\\Console\\Output\\ConsoleOutput))\n#42 /home/zachfomum/public_html/CMFI_APPS/fiverr_index/vendor/laravel/framework/src/Illuminate/Console/Application.php(94): Symfony\\Component\\Console\\Application->run(Object(Symfony\\Component\\Console\\Input\\ArgvInput), Object(Symfony\\Component\\Console\\Output\\ConsoleOutput))\n#43 /home/zachfomum/public_html/CMFI_APPS/fiverr_index/vendor/laravel/framework/src/Illuminate/Foundation/Console/Kernel.php(129): Illuminate\\Console\\Application->run(Object(Symfony\\Component\\Console\\Input\\ArgvInput), Object(Symfony\\Component\\Console\\Output\\ConsoleOutput))\n#44 /home/zachfomum/public_html/CMFI_APPS/fiverr_index/artisan(37): Illuminate\\Foundation\\Console\\Kernel->handle(Object(Symfony\\Component\\Console\\Input\\ArgvInput), Object(Symfony\\Component\\Console\\Output\\ConsoleOutput))\n#45 {main}', '2021-12-28 23:37:23'),
(6, '7ff7de06-7169-4ad3-b23f-a6371d1b8744', 'database', 'default', '{\"uuid\":\"7ff7de06-7169-4ad3-b23f-a6371d1b8744\",\"displayName\":\"App\\\\Mail\\\\StatusChangeNotification\",\"job\":\"Illuminate\\\\Queue\\\\CallQueuedHandler@call\",\"maxTries\":null,\"maxExceptions\":null,\"failOnTimeout\":false,\"backoff\":null,\"timeout\":null,\"retryUntil\":null,\"data\":{\"commandName\":\"Illuminate\\\\Mail\\\\SendQueuedMailable\",\"command\":\"O:34:\\\"Illuminate\\\\Mail\\\\SendQueuedMailable\\\":13:{s:8:\\\"mailable\\\";O:33:\\\"App\\\\Mail\\\\StatusChangeNotification\\\":33:{s:12:\\\"book_list_id\\\";i:3;s:9:\\\"book_info\\\";O:45:\\\"Illuminate\\\\Contracts\\\\Database\\\\ModelIdentifier\\\":4:{s:5:\\\"class\\\";s:19:\\\"App\\\\Models\\\\BookList\\\";s:2:\\\"id\\\";i:3;s:9:\\\"relations\\\";a:1:{i:0;s:6:\\\"serise\\\";}s:10:\\\"connection\\\";s:5:\\\"mysql\\\";}s:12:\\\"book_content\\\";a:5:{s:5:\\\"eBook\\\";s:4:\\\"ToDo\\\";s:4:\\\"POD1\\\";s:4:\\\"Done\\\";s:5:\\\"Audio\\\";s:4:\\\"Done\\\";s:4:\\\"POD2\\\";s:4:\\\"ToDo\\\";s:3:\\\"GFP\\\";s:2:\\\"R3\\\";}s:11:\\\"change_data\\\";a:1:{s:5:\\\"eBook\\\";s:4:\\\"Done\\\";}s:9:\\\"change_by\\\";s:11:\\\"admin admin\\\";s:6:\\\"locale\\\";N;s:4:\\\"from\\\";a:1:{i:0;a:2:{s:4:\\\"name\\\";s:8:\\\"ztfbooks\\\";s:7:\\\"address\\\";s:29:\\\"ztfbooks@cmfinternational.org\\\";}}s:2:\\\"to\\\";a:1:{i:0;a:2:{s:4:\\\"name\\\";N;s:7:\\\"address\\\";s:22:\\\"mashud624496@gmail.com\\\";}}s:2:\\\"cc\\\";a:0:{}s:3:\\\"bcc\\\";a:0:{}s:7:\\\"replyTo\\\";a:1:{i:0;a:2:{s:4:\\\"name\\\";s:8:\\\"ztfbooks\\\";s:7:\\\"address\\\";s:29:\\\"ztfbooks@cmfinternational.org\\\";}}s:7:\\\"subject\\\";s:18:\\\"Change Book Status\\\";s:8:\\\"markdown\\\";N;s:7:\\\"\\u0000*\\u0000html\\\";N;s:4:\\\"view\\\";N;s:8:\\\"textView\\\";N;s:8:\\\"viewData\\\";a:0:{}s:11:\\\"attachments\\\";a:0:{}s:14:\\\"rawAttachments\\\";a:0:{}s:15:\\\"diskAttachments\\\";a:0:{}s:9:\\\"callbacks\\\";a:0:{}s:5:\\\"theme\\\";N;s:6:\\\"mailer\\\";s:4:\\\"smtp\\\";s:29:\\\"\\u0000*\\u0000assertionableRenderStrings\\\";N;s:10:\\\"connection\\\";N;s:5:\\\"queue\\\";N;s:15:\\\"chainConnection\\\";N;s:10:\\\"chainQueue\\\";N;s:19:\\\"chainCatchCallbacks\\\";N;s:5:\\\"delay\\\";N;s:11:\\\"afterCommit\\\";N;s:10:\\\"middleware\\\";a:0:{}s:7:\\\"chained\\\";a:0:{}}s:5:\\\"tries\\\";N;s:7:\\\"timeout\\\";N;s:17:\\\"shouldBeEncrypted\\\";b:0;s:10:\\\"connection\\\";N;s:5:\\\"queue\\\";N;s:15:\\\"chainConnection\\\";N;s:10:\\\"chainQueue\\\";N;s:19:\\\"chainCatchCallbacks\\\";N;s:5:\\\"delay\\\";N;s:11:\\\"afterCommit\\\";N;s:10:\\\"middleware\\\";a:0:{}s:7:\\\"chained\\\";a:0:{}}\"}}', 'Swift_TransportException: Connection could not be established with host sheep :stream_socket_client(): Peer certificate CN=`sheep.cmfionline.com\' did not match expected CN=`sheep\' in /home/zachfomum/public_html/CMFI_APPS/fiverr_index/vendor/swiftmailer/swiftmailer/lib/classes/Swift/Transport/StreamBuffer.php:261\nStack trace:\n#0 [internal function]: Swift_Transport_StreamBuffer->{closure}(2, \'stream_socket_c...\', \'/home/zachfomum...\', 264, Array)\n#1 /home/zachfomum/public_html/CMFI_APPS/fiverr_index/vendor/swiftmailer/swiftmailer/lib/classes/Swift/Transport/StreamBuffer.php(264): stream_socket_client(\'ssl://sheep:465\', 0, \'\', 30, 4, Resource id #848)\n#2 /home/zachfomum/public_html/CMFI_APPS/fiverr_index/vendor/swiftmailer/swiftmailer/lib/classes/Swift/Transport/StreamBuffer.php(58): Swift_Transport_StreamBuffer->establishSocketConnection()\n#3 /home/zachfomum/public_html/CMFI_APPS/fiverr_index/vendor/swiftmailer/swiftmailer/lib/classes/Swift/Transport/AbstractSmtpTransport.php(143): Swift_Transport_StreamBuffer->initialize(Array)\n#4 /home/zachfomum/public_html/CMFI_APPS/fiverr_index/vendor/swiftmailer/swiftmailer/lib/classes/Swift/Mailer.php(65): Swift_Transport_AbstractSmtpTransport->start()\n#5 /home/zachfomum/public_html/CMFI_APPS/fiverr_index/vendor/laravel/framework/src/Illuminate/Mail/Mailer.php(521): Swift_Mailer->send(Object(Swift_Message), Array)\n#6 /home/zachfomum/public_html/CMFI_APPS/fiverr_index/vendor/laravel/framework/src/Illuminate/Mail/Mailer.php(288): Illuminate\\Mail\\Mailer->sendSwiftMessage(Object(Swift_Message))\n#7 /home/zachfomum/public_html/CMFI_APPS/fiverr_index/vendor/laravel/framework/src/Illuminate/Mail/Mailable.php(187): Illuminate\\Mail\\Mailer->send(\'admin.notificat...\', Array, Object(Closure))\n#8 /home/zachfomum/public_html/CMFI_APPS/fiverr_index/vendor/laravel/framework/src/Illuminate/Support/Traits/Localizable.php(19): Illuminate\\Mail\\Mailable->Illuminate\\Mail\\{closure}()\n#9 /home/zachfomum/public_html/CMFI_APPS/fiverr_index/vendor/laravel/framework/src/Illuminate/Mail/Mailable.php(188): Illuminate\\Mail\\Mailable->withLocale(NULL, Object(Closure))\n#10 /home/zachfomum/public_html/CMFI_APPS/fiverr_index/vendor/laravel/framework/src/Illuminate/Mail/SendQueuedMailable.php(65): Illuminate\\Mail\\Mailable->send(Object(Illuminate\\Mail\\MailManager))\n#11 /home/zachfomum/public_html/CMFI_APPS/fiverr_index/vendor/laravel/framework/src/Illuminate/Container/BoundMethod.php(36): Illuminate\\Mail\\SendQueuedMailable->handle(Object(Illuminate\\Mail\\MailManager))\n#12 /home/zachfomum/public_html/CMFI_APPS/fiverr_index/vendor/laravel/framework/src/Illuminate/Container/Util.php(40): Illuminate\\Container\\BoundMethod::Illuminate\\Container\\{closure}()\n#13 /home/zachfomum/public_html/CMFI_APPS/fiverr_index/vendor/laravel/framework/src/Illuminate/Container/BoundMethod.php(93): Illuminate\\Container\\Util::unwrapIfClosure(Object(Closure))\n#14 /home/zachfomum/public_html/CMFI_APPS/fiverr_index/vendor/laravel/framework/src/Illuminate/Container/BoundMethod.php(37): Illuminate\\Container\\BoundMethod::callBoundMethod(Object(Illuminate\\Foundation\\Application), Array, Object(Closure))\n#15 /home/zachfomum/public_html/CMFI_APPS/fiverr_index/vendor/laravel/framework/src/Illuminate/Container/Container.php(653): Illuminate\\Container\\BoundMethod::call(Object(Illuminate\\Foundation\\Application), Array, Array, NULL)\n#16 /home/zachfomum/public_html/CMFI_APPS/fiverr_index/vendor/laravel/framework/src/Illuminate/Bus/Dispatcher.php(128): Illuminate\\Container\\Container->call(Array)\n#17 /home/zachfomum/public_html/CMFI_APPS/fiverr_index/vendor/laravel/framework/src/Illuminate/Pipeline/Pipeline.php(128): Illuminate\\Bus\\Dispatcher->Illuminate\\Bus\\{closure}(Object(Illuminate\\Mail\\SendQueuedMailable))\n#18 /home/zachfomum/public_html/CMFI_APPS/fiverr_index/vendor/laravel/framework/src/Illuminate/Pipeline/Pipeline.php(103): Illuminate\\Pipeline\\Pipeline->Illuminate\\Pipeline\\{closure}(Object(Illuminate\\Mail\\SendQueuedMailable))\n#19 /home/zachfomum/public_html/CMFI_APPS/fiverr_index/vendor/laravel/framework/src/Illuminate/Bus/Dispatcher.php(132): Illuminate\\Pipeline\\Pipeline->then(Object(Closure))\n#20 /home/zachfomum/public_html/CMFI_APPS/fiverr_index/vendor/laravel/framework/src/Illuminate/Queue/CallQueuedHandler.php(120): Illuminate\\Bus\\Dispatcher->dispatchNow(Object(Illuminate\\Mail\\SendQueuedMailable), false)\n#21 /home/zachfomum/public_html/CMFI_APPS/fiverr_index/vendor/laravel/framework/src/Illuminate/Pipeline/Pipeline.php(128): Illuminate\\Queue\\CallQueuedHandler->Illuminate\\Queue\\{closure}(Object(Illuminate\\Mail\\SendQueuedMailable))\n#22 /home/zachfomum/public_html/CMFI_APPS/fiverr_index/vendor/laravel/framework/src/Illuminate/Pipeline/Pipeline.php(103): Illuminate\\Pipeline\\Pipeline->Illuminate\\Pipeline\\{closure}(Object(Illuminate\\Mail\\SendQueuedMailable))\n#23 /home/zachfomum/public_html/CMFI_APPS/fiverr_index/vendor/laravel/framework/src/Illuminate/Queue/CallQueuedHandler.php(122): Illuminate\\Pipeline\\Pipeline->then(Object(Closure))\n#24 /home/zachfomum/public_html/CMFI_APPS/fiverr_index/vendor/laravel/framework/src/Illuminate/Queue/CallQueuedHandler.php(70): Illuminate\\Queue\\CallQueuedHandler->dispatchThroughMiddleware(Object(Illuminate\\Queue\\Jobs\\DatabaseJob), Object(Illuminate\\Mail\\SendQueuedMailable))\n#25 /home/zachfomum/public_html/CMFI_APPS/fiverr_index/vendor/laravel/framework/src/Illuminate/Queue/Jobs/Job.php(98): Illuminate\\Queue\\CallQueuedHandler->call(Object(Illuminate\\Queue\\Jobs\\DatabaseJob), Array)\n#26 /home/zachfomum/public_html/CMFI_APPS/fiverr_index/vendor/laravel/framework/src/Illuminate/Queue/Worker.php(428): Illuminate\\Queue\\Jobs\\Job->fire()\n#27 /home/zachfomum/public_html/CMFI_APPS/fiverr_index/vendor/laravel/framework/src/Illuminate/Queue/Worker.php(378): Illuminate\\Queue\\Worker->process(\'database\', Object(Illuminate\\Queue\\Jobs\\DatabaseJob), Object(Illuminate\\Queue\\WorkerOptions))\n#28 /home/zachfomum/public_html/CMFI_APPS/fiverr_index/vendor/laravel/framework/src/Illuminate/Queue/Worker.php(329): Illuminate\\Queue\\Worker->runJob(Object(Illuminate\\Queue\\Jobs\\DatabaseJob), \'database\', Object(Illuminate\\Queue\\WorkerOptions))\n#29 /home/zachfomum/public_html/CMFI_APPS/fiverr_index/vendor/laravel/framework/src/Illuminate/Queue/Console/WorkCommand.php(117): Illuminate\\Queue\\Worker->runNextJob(\'database\', \'default\', Object(Illuminate\\Queue\\WorkerOptions))\n#30 /home/zachfomum/public_html/CMFI_APPS/fiverr_index/vendor/laravel/framework/src/Illuminate/Queue/Console/WorkCommand.php(101): Illuminate\\Queue\\Console\\WorkCommand->runWorker(\'database\', \'default\')\n#31 /home/zachfomum/public_html/CMFI_APPS/fiverr_index/vendor/laravel/framework/src/Illuminate/Container/BoundMethod.php(36): Illuminate\\Queue\\Console\\WorkCommand->handle()\n#32 /home/zachfomum/public_html/CMFI_APPS/fiverr_index/vendor/laravel/framework/src/Illuminate/Container/Util.php(40): Illuminate\\Container\\BoundMethod::Illuminate\\Container\\{closure}()\n#33 /home/zachfomum/public_html/CMFI_APPS/fiverr_index/vendor/laravel/framework/src/Illuminate/Container/BoundMethod.php(93): Illuminate\\Container\\Util::unwrapIfClosure(Object(Closure))\n#34 /home/zachfomum/public_html/CMFI_APPS/fiverr_index/vendor/laravel/framework/src/Illuminate/Container/BoundMethod.php(37): Illuminate\\Container\\BoundMethod::callBoundMethod(Object(Illuminate\\Foundation\\Application), Array, Object(Closure))\n#35 /home/zachfomum/public_html/CMFI_APPS/fiverr_index/vendor/laravel/framework/src/Illuminate/Container/Container.php(653): Illuminate\\Container\\BoundMethod::call(Object(Illuminate\\Foundation\\Application), Array, Array, NULL)\n#36 /home/zachfomum/public_html/CMFI_APPS/fiverr_index/vendor/laravel/framework/src/Illuminate/Console/Command.php(136): Illuminate\\Container\\Container->call(Array)\n#37 /home/zachfomum/public_html/CMFI_APPS/fiverr_index/vendor/symfony/console/Command/Command.php(298): Illuminate\\Console\\Command->execute(Object(Symfony\\Component\\Console\\Input\\ArgvInput), Object(Illuminate\\Console\\OutputStyle))\n#38 /home/zachfomum/public_html/CMFI_APPS/fiverr_index/vendor/laravel/framework/src/Illuminate/Console/Command.php(121): Symfony\\Component\\Console\\Command\\Command->run(Object(Symfony\\Component\\Console\\Input\\ArgvInput), Object(Illuminate\\Console\\OutputStyle))\n#39 /home/zachfomum/public_html/CMFI_APPS/fiverr_index/vendor/symfony/console/Application.php(1005): Illuminate\\Console\\Command->run(Object(Symfony\\Component\\Console\\Input\\ArgvInput), Object(Symfony\\Component\\Console\\Output\\ConsoleOutput))\n#40 /home/zachfomum/public_html/CMFI_APPS/fiverr_index/vendor/symfony/console/Application.php(299): Symfony\\Component\\Console\\Application->doRunCommand(Object(Illuminate\\Queue\\Console\\WorkCommand), Object(Symfony\\Component\\Console\\Input\\ArgvInput), Object(Symfony\\Component\\Console\\Output\\ConsoleOutput))\n#41 /home/zachfomum/public_html/CMFI_APPS/fiverr_index/vendor/symfony/console/Application.php(171): Symfony\\Component\\Console\\Application->doRun(Object(Symfony\\Component\\Console\\Input\\ArgvInput), Object(Symfony\\Component\\Console\\Output\\ConsoleOutput))\n#42 /home/zachfomum/public_html/CMFI_APPS/fiverr_index/vendor/laravel/framework/src/Illuminate/Console/Application.php(94): Symfony\\Component\\Console\\Application->run(Object(Symfony\\Component\\Console\\Input\\ArgvInput), Object(Symfony\\Component\\Console\\Output\\ConsoleOutput))\n#43 /home/zachfomum/public_html/CMFI_APPS/fiverr_index/vendor/laravel/framework/src/Illuminate/Foundation/Console/Kernel.php(129): Illuminate\\Console\\Application->run(Object(Symfony\\Component\\Console\\Input\\ArgvInput), Object(Symfony\\Component\\Console\\Output\\ConsoleOutput))\n#44 /home/zachfomum/public_html/CMFI_APPS/fiverr_index/artisan(37): Illuminate\\Foundation\\Console\\Kernel->handle(Object(Symfony\\Component\\Console\\Input\\ArgvInput), Object(Symfony\\Component\\Console\\Output\\ConsoleOutput))\n#45 {main}', '2021-12-28 23:38:58');
INSERT INTO `co_failed_jobs` (`id`, `uuid`, `connection`, `queue`, `payload`, `exception`, `failed_at`) VALUES
(7, 'd91409b6-35fe-4251-af57-c54df8b1f056', 'database', 'default', '{\"uuid\":\"d91409b6-35fe-4251-af57-c54df8b1f056\",\"displayName\":\"App\\\\Mail\\\\StatusChangeNotification\",\"job\":\"Illuminate\\\\Queue\\\\CallQueuedHandler@call\",\"maxTries\":null,\"maxExceptions\":null,\"failOnTimeout\":false,\"backoff\":null,\"timeout\":null,\"retryUntil\":null,\"data\":{\"commandName\":\"Illuminate\\\\Mail\\\\SendQueuedMailable\",\"command\":\"O:34:\\\"Illuminate\\\\Mail\\\\SendQueuedMailable\\\":13:{s:8:\\\"mailable\\\";O:33:\\\"App\\\\Mail\\\\StatusChangeNotification\\\":33:{s:12:\\\"book_list_id\\\";i:3;s:9:\\\"book_info\\\";O:45:\\\"Illuminate\\\\Contracts\\\\Database\\\\ModelIdentifier\\\":4:{s:5:\\\"class\\\";s:19:\\\"App\\\\Models\\\\BookList\\\";s:2:\\\"id\\\";i:3;s:9:\\\"relations\\\";a:1:{i:0;s:6:\\\"serise\\\";}s:10:\\\"connection\\\";s:5:\\\"mysql\\\";}s:12:\\\"book_content\\\";a:5:{s:5:\\\"eBook\\\";s:4:\\\"Done\\\";s:4:\\\"POD1\\\";s:4:\\\"Done\\\";s:5:\\\"Audio\\\";s:4:\\\"Done\\\";s:4:\\\"POD2\\\";s:4:\\\"ToDo\\\";s:3:\\\"GFP\\\";s:2:\\\"R3\\\";}s:11:\\\"change_data\\\";a:1:{s:5:\\\"eBook\\\";s:4:\\\"ToDo\\\";}s:9:\\\"change_by\\\";s:11:\\\"admin admin\\\";s:6:\\\"locale\\\";N;s:4:\\\"from\\\";a:1:{i:0;a:2:{s:4:\\\"name\\\";s:8:\\\"ztfbooks\\\";s:7:\\\"address\\\";s:29:\\\"ztfbooks@cmfinternational.org\\\";}}s:2:\\\"to\\\";a:1:{i:0;a:2:{s:4:\\\"name\\\";N;s:7:\\\"address\\\";s:22:\\\"mashud624496@gmail.com\\\";}}s:2:\\\"cc\\\";a:0:{}s:3:\\\"bcc\\\";a:0:{}s:7:\\\"replyTo\\\";a:1:{i:0;a:2:{s:4:\\\"name\\\";s:8:\\\"ztfbooks\\\";s:7:\\\"address\\\";s:29:\\\"ztfbooks@cmfinternational.org\\\";}}s:7:\\\"subject\\\";s:18:\\\"Change Book Status\\\";s:8:\\\"markdown\\\";N;s:7:\\\"\\u0000*\\u0000html\\\";N;s:4:\\\"view\\\";N;s:8:\\\"textView\\\";N;s:8:\\\"viewData\\\";a:0:{}s:11:\\\"attachments\\\";a:0:{}s:14:\\\"rawAttachments\\\";a:0:{}s:15:\\\"diskAttachments\\\";a:0:{}s:9:\\\"callbacks\\\";a:0:{}s:5:\\\"theme\\\";N;s:6:\\\"mailer\\\";s:4:\\\"smtp\\\";s:29:\\\"\\u0000*\\u0000assertionableRenderStrings\\\";N;s:10:\\\"connection\\\";N;s:5:\\\"queue\\\";N;s:15:\\\"chainConnection\\\";N;s:10:\\\"chainQueue\\\";N;s:19:\\\"chainCatchCallbacks\\\";N;s:5:\\\"delay\\\";N;s:11:\\\"afterCommit\\\";N;s:10:\\\"middleware\\\";a:0:{}s:7:\\\"chained\\\";a:0:{}}s:5:\\\"tries\\\";N;s:7:\\\"timeout\\\";N;s:17:\\\"shouldBeEncrypted\\\";b:0;s:10:\\\"connection\\\";N;s:5:\\\"queue\\\";N;s:15:\\\"chainConnection\\\";N;s:10:\\\"chainQueue\\\";N;s:19:\\\"chainCatchCallbacks\\\";N;s:5:\\\"delay\\\";N;s:11:\\\"afterCommit\\\";N;s:10:\\\"middleware\\\";a:0:{}s:7:\\\"chained\\\";a:0:{}}\"}}', 'Swift_TransportException: Connection could not be established with host sheep :stream_socket_client(): Peer certificate CN=`sheep.cmfionline.com\' did not match expected CN=`sheep\' in /home/zachfomum/public_html/CMFI_APPS/fiverr_index/vendor/swiftmailer/swiftmailer/lib/classes/Swift/Transport/StreamBuffer.php:261\nStack trace:\n#0 [internal function]: Swift_Transport_StreamBuffer->{closure}(2, \'stream_socket_c...\', \'/home/zachfomum...\', 264, Array)\n#1 /home/zachfomum/public_html/CMFI_APPS/fiverr_index/vendor/swiftmailer/swiftmailer/lib/classes/Swift/Transport/StreamBuffer.php(264): stream_socket_client(\'ssl://sheep:465\', 0, \'\', 30, 4, Resource id #848)\n#2 /home/zachfomum/public_html/CMFI_APPS/fiverr_index/vendor/swiftmailer/swiftmailer/lib/classes/Swift/Transport/StreamBuffer.php(58): Swift_Transport_StreamBuffer->establishSocketConnection()\n#3 /home/zachfomum/public_html/CMFI_APPS/fiverr_index/vendor/swiftmailer/swiftmailer/lib/classes/Swift/Transport/AbstractSmtpTransport.php(143): Swift_Transport_StreamBuffer->initialize(Array)\n#4 /home/zachfomum/public_html/CMFI_APPS/fiverr_index/vendor/swiftmailer/swiftmailer/lib/classes/Swift/Mailer.php(65): Swift_Transport_AbstractSmtpTransport->start()\n#5 /home/zachfomum/public_html/CMFI_APPS/fiverr_index/vendor/laravel/framework/src/Illuminate/Mail/Mailer.php(521): Swift_Mailer->send(Object(Swift_Message), Array)\n#6 /home/zachfomum/public_html/CMFI_APPS/fiverr_index/vendor/laravel/framework/src/Illuminate/Mail/Mailer.php(288): Illuminate\\Mail\\Mailer->sendSwiftMessage(Object(Swift_Message))\n#7 /home/zachfomum/public_html/CMFI_APPS/fiverr_index/vendor/laravel/framework/src/Illuminate/Mail/Mailable.php(187): Illuminate\\Mail\\Mailer->send(\'admin.notificat...\', Array, Object(Closure))\n#8 /home/zachfomum/public_html/CMFI_APPS/fiverr_index/vendor/laravel/framework/src/Illuminate/Support/Traits/Localizable.php(19): Illuminate\\Mail\\Mailable->Illuminate\\Mail\\{closure}()\n#9 /home/zachfomum/public_html/CMFI_APPS/fiverr_index/vendor/laravel/framework/src/Illuminate/Mail/Mailable.php(188): Illuminate\\Mail\\Mailable->withLocale(NULL, Object(Closure))\n#10 /home/zachfomum/public_html/CMFI_APPS/fiverr_index/vendor/laravel/framework/src/Illuminate/Mail/SendQueuedMailable.php(65): Illuminate\\Mail\\Mailable->send(Object(Illuminate\\Mail\\MailManager))\n#11 /home/zachfomum/public_html/CMFI_APPS/fiverr_index/vendor/laravel/framework/src/Illuminate/Container/BoundMethod.php(36): Illuminate\\Mail\\SendQueuedMailable->handle(Object(Illuminate\\Mail\\MailManager))\n#12 /home/zachfomum/public_html/CMFI_APPS/fiverr_index/vendor/laravel/framework/src/Illuminate/Container/Util.php(40): Illuminate\\Container\\BoundMethod::Illuminate\\Container\\{closure}()\n#13 /home/zachfomum/public_html/CMFI_APPS/fiverr_index/vendor/laravel/framework/src/Illuminate/Container/BoundMethod.php(93): Illuminate\\Container\\Util::unwrapIfClosure(Object(Closure))\n#14 /home/zachfomum/public_html/CMFI_APPS/fiverr_index/vendor/laravel/framework/src/Illuminate/Container/BoundMethod.php(37): Illuminate\\Container\\BoundMethod::callBoundMethod(Object(Illuminate\\Foundation\\Application), Array, Object(Closure))\n#15 /home/zachfomum/public_html/CMFI_APPS/fiverr_index/vendor/laravel/framework/src/Illuminate/Container/Container.php(653): Illuminate\\Container\\BoundMethod::call(Object(Illuminate\\Foundation\\Application), Array, Array, NULL)\n#16 /home/zachfomum/public_html/CMFI_APPS/fiverr_index/vendor/laravel/framework/src/Illuminate/Bus/Dispatcher.php(128): Illuminate\\Container\\Container->call(Array)\n#17 /home/zachfomum/public_html/CMFI_APPS/fiverr_index/vendor/laravel/framework/src/Illuminate/Pipeline/Pipeline.php(128): Illuminate\\Bus\\Dispatcher->Illuminate\\Bus\\{closure}(Object(Illuminate\\Mail\\SendQueuedMailable))\n#18 /home/zachfomum/public_html/CMFI_APPS/fiverr_index/vendor/laravel/framework/src/Illuminate/Pipeline/Pipeline.php(103): Illuminate\\Pipeline\\Pipeline->Illuminate\\Pipeline\\{closure}(Object(Illuminate\\Mail\\SendQueuedMailable))\n#19 /home/zachfomum/public_html/CMFI_APPS/fiverr_index/vendor/laravel/framework/src/Illuminate/Bus/Dispatcher.php(132): Illuminate\\Pipeline\\Pipeline->then(Object(Closure))\n#20 /home/zachfomum/public_html/CMFI_APPS/fiverr_index/vendor/laravel/framework/src/Illuminate/Queue/CallQueuedHandler.php(120): Illuminate\\Bus\\Dispatcher->dispatchNow(Object(Illuminate\\Mail\\SendQueuedMailable), false)\n#21 /home/zachfomum/public_html/CMFI_APPS/fiverr_index/vendor/laravel/framework/src/Illuminate/Pipeline/Pipeline.php(128): Illuminate\\Queue\\CallQueuedHandler->Illuminate\\Queue\\{closure}(Object(Illuminate\\Mail\\SendQueuedMailable))\n#22 /home/zachfomum/public_html/CMFI_APPS/fiverr_index/vendor/laravel/framework/src/Illuminate/Pipeline/Pipeline.php(103): Illuminate\\Pipeline\\Pipeline->Illuminate\\Pipeline\\{closure}(Object(Illuminate\\Mail\\SendQueuedMailable))\n#23 /home/zachfomum/public_html/CMFI_APPS/fiverr_index/vendor/laravel/framework/src/Illuminate/Queue/CallQueuedHandler.php(122): Illuminate\\Pipeline\\Pipeline->then(Object(Closure))\n#24 /home/zachfomum/public_html/CMFI_APPS/fiverr_index/vendor/laravel/framework/src/Illuminate/Queue/CallQueuedHandler.php(70): Illuminate\\Queue\\CallQueuedHandler->dispatchThroughMiddleware(Object(Illuminate\\Queue\\Jobs\\DatabaseJob), Object(Illuminate\\Mail\\SendQueuedMailable))\n#25 /home/zachfomum/public_html/CMFI_APPS/fiverr_index/vendor/laravel/framework/src/Illuminate/Queue/Jobs/Job.php(98): Illuminate\\Queue\\CallQueuedHandler->call(Object(Illuminate\\Queue\\Jobs\\DatabaseJob), Array)\n#26 /home/zachfomum/public_html/CMFI_APPS/fiverr_index/vendor/laravel/framework/src/Illuminate/Queue/Worker.php(428): Illuminate\\Queue\\Jobs\\Job->fire()\n#27 /home/zachfomum/public_html/CMFI_APPS/fiverr_index/vendor/laravel/framework/src/Illuminate/Queue/Worker.php(378): Illuminate\\Queue\\Worker->process(\'database\', Object(Illuminate\\Queue\\Jobs\\DatabaseJob), Object(Illuminate\\Queue\\WorkerOptions))\n#28 /home/zachfomum/public_html/CMFI_APPS/fiverr_index/vendor/laravel/framework/src/Illuminate/Queue/Worker.php(329): Illuminate\\Queue\\Worker->runJob(Object(Illuminate\\Queue\\Jobs\\DatabaseJob), \'database\', Object(Illuminate\\Queue\\WorkerOptions))\n#29 /home/zachfomum/public_html/CMFI_APPS/fiverr_index/vendor/laravel/framework/src/Illuminate/Queue/Console/WorkCommand.php(117): Illuminate\\Queue\\Worker->runNextJob(\'database\', \'default\', Object(Illuminate\\Queue\\WorkerOptions))\n#30 /home/zachfomum/public_html/CMFI_APPS/fiverr_index/vendor/laravel/framework/src/Illuminate/Queue/Console/WorkCommand.php(101): Illuminate\\Queue\\Console\\WorkCommand->runWorker(\'database\', \'default\')\n#31 /home/zachfomum/public_html/CMFI_APPS/fiverr_index/vendor/laravel/framework/src/Illuminate/Container/BoundMethod.php(36): Illuminate\\Queue\\Console\\WorkCommand->handle()\n#32 /home/zachfomum/public_html/CMFI_APPS/fiverr_index/vendor/laravel/framework/src/Illuminate/Container/Util.php(40): Illuminate\\Container\\BoundMethod::Illuminate\\Container\\{closure}()\n#33 /home/zachfomum/public_html/CMFI_APPS/fiverr_index/vendor/laravel/framework/src/Illuminate/Container/BoundMethod.php(93): Illuminate\\Container\\Util::unwrapIfClosure(Object(Closure))\n#34 /home/zachfomum/public_html/CMFI_APPS/fiverr_index/vendor/laravel/framework/src/Illuminate/Container/BoundMethod.php(37): Illuminate\\Container\\BoundMethod::callBoundMethod(Object(Illuminate\\Foundation\\Application), Array, Object(Closure))\n#35 /home/zachfomum/public_html/CMFI_APPS/fiverr_index/vendor/laravel/framework/src/Illuminate/Container/Container.php(653): Illuminate\\Container\\BoundMethod::call(Object(Illuminate\\Foundation\\Application), Array, Array, NULL)\n#36 /home/zachfomum/public_html/CMFI_APPS/fiverr_index/vendor/laravel/framework/src/Illuminate/Console/Command.php(136): Illuminate\\Container\\Container->call(Array)\n#37 /home/zachfomum/public_html/CMFI_APPS/fiverr_index/vendor/symfony/console/Command/Command.php(298): Illuminate\\Console\\Command->execute(Object(Symfony\\Component\\Console\\Input\\ArgvInput), Object(Illuminate\\Console\\OutputStyle))\n#38 /home/zachfomum/public_html/CMFI_APPS/fiverr_index/vendor/laravel/framework/src/Illuminate/Console/Command.php(121): Symfony\\Component\\Console\\Command\\Command->run(Object(Symfony\\Component\\Console\\Input\\ArgvInput), Object(Illuminate\\Console\\OutputStyle))\n#39 /home/zachfomum/public_html/CMFI_APPS/fiverr_index/vendor/symfony/console/Application.php(1005): Illuminate\\Console\\Command->run(Object(Symfony\\Component\\Console\\Input\\ArgvInput), Object(Symfony\\Component\\Console\\Output\\ConsoleOutput))\n#40 /home/zachfomum/public_html/CMFI_APPS/fiverr_index/vendor/symfony/console/Application.php(299): Symfony\\Component\\Console\\Application->doRunCommand(Object(Illuminate\\Queue\\Console\\WorkCommand), Object(Symfony\\Component\\Console\\Input\\ArgvInput), Object(Symfony\\Component\\Console\\Output\\ConsoleOutput))\n#41 /home/zachfomum/public_html/CMFI_APPS/fiverr_index/vendor/symfony/console/Application.php(171): Symfony\\Component\\Console\\Application->doRun(Object(Symfony\\Component\\Console\\Input\\ArgvInput), Object(Symfony\\Component\\Console\\Output\\ConsoleOutput))\n#42 /home/zachfomum/public_html/CMFI_APPS/fiverr_index/vendor/laravel/framework/src/Illuminate/Console/Application.php(94): Symfony\\Component\\Console\\Application->run(Object(Symfony\\Component\\Console\\Input\\ArgvInput), Object(Symfony\\Component\\Console\\Output\\ConsoleOutput))\n#43 /home/zachfomum/public_html/CMFI_APPS/fiverr_index/vendor/laravel/framework/src/Illuminate/Foundation/Console/Kernel.php(129): Illuminate\\Console\\Application->run(Object(Symfony\\Component\\Console\\Input\\ArgvInput), Object(Symfony\\Component\\Console\\Output\\ConsoleOutput))\n#44 /home/zachfomum/public_html/CMFI_APPS/fiverr_index/artisan(37): Illuminate\\Foundation\\Console\\Kernel->handle(Object(Symfony\\Component\\Console\\Input\\ArgvInput), Object(Symfony\\Component\\Console\\Output\\ConsoleOutput))\n#45 {main}', '2021-12-28 23:42:35'),
(8, '9366cb0e-5abe-4004-bfa2-eb974c9d51d4', 'database', 'default', '{\"uuid\":\"9366cb0e-5abe-4004-bfa2-eb974c9d51d4\",\"displayName\":\"App\\\\Mail\\\\StatusChangeNotification\",\"job\":\"Illuminate\\\\Queue\\\\CallQueuedHandler@call\",\"maxTries\":null,\"maxExceptions\":null,\"failOnTimeout\":false,\"backoff\":null,\"timeout\":null,\"retryUntil\":null,\"data\":{\"commandName\":\"Illuminate\\\\Mail\\\\SendQueuedMailable\",\"command\":\"O:34:\\\"Illuminate\\\\Mail\\\\SendQueuedMailable\\\":13:{s:8:\\\"mailable\\\";O:33:\\\"App\\\\Mail\\\\StatusChangeNotification\\\":33:{s:12:\\\"book_list_id\\\";i:3;s:9:\\\"book_info\\\";O:45:\\\"Illuminate\\\\Contracts\\\\Database\\\\ModelIdentifier\\\":4:{s:5:\\\"class\\\";s:19:\\\"App\\\\Models\\\\BookList\\\";s:2:\\\"id\\\";i:3;s:9:\\\"relations\\\";a:1:{i:0;s:6:\\\"serise\\\";}s:10:\\\"connection\\\";s:5:\\\"mysql\\\";}s:12:\\\"book_content\\\";a:5:{s:5:\\\"eBook\\\";s:4:\\\"ToDo\\\";s:4:\\\"POD1\\\";s:4:\\\"Done\\\";s:5:\\\"Audio\\\";s:4:\\\"Done\\\";s:4:\\\"POD2\\\";s:4:\\\"ToDo\\\";s:3:\\\"GFP\\\";s:2:\\\"R3\\\";}s:11:\\\"change_data\\\";a:1:{s:5:\\\"eBook\\\";s:4:\\\"Done\\\";}s:9:\\\"change_by\\\";s:11:\\\"admin admin\\\";s:6:\\\"locale\\\";N;s:4:\\\"from\\\";a:1:{i:0;a:2:{s:4:\\\"name\\\";s:8:\\\"ztfbooks\\\";s:7:\\\"address\\\";s:29:\\\"ztfbooks@cmfinternational.org\\\";}}s:2:\\\"to\\\";a:1:{i:0;a:2:{s:4:\\\"name\\\";N;s:7:\\\"address\\\";s:22:\\\"mashud624496@gmail.com\\\";}}s:2:\\\"cc\\\";a:0:{}s:3:\\\"bcc\\\";a:0:{}s:7:\\\"replyTo\\\";a:1:{i:0;a:2:{s:4:\\\"name\\\";s:8:\\\"ztfbooks\\\";s:7:\\\"address\\\";s:29:\\\"ztfbooks@cmfinternational.org\\\";}}s:7:\\\"subject\\\";s:18:\\\"Change Book Status\\\";s:8:\\\"markdown\\\";N;s:7:\\\"\\u0000*\\u0000html\\\";N;s:4:\\\"view\\\";N;s:8:\\\"textView\\\";N;s:8:\\\"viewData\\\";a:0:{}s:11:\\\"attachments\\\";a:0:{}s:14:\\\"rawAttachments\\\";a:0:{}s:15:\\\"diskAttachments\\\";a:0:{}s:9:\\\"callbacks\\\";a:0:{}s:5:\\\"theme\\\";N;s:6:\\\"mailer\\\";s:4:\\\"smtp\\\";s:29:\\\"\\u0000*\\u0000assertionableRenderStrings\\\";N;s:10:\\\"connection\\\";N;s:5:\\\"queue\\\";N;s:15:\\\"chainConnection\\\";N;s:10:\\\"chainQueue\\\";N;s:19:\\\"chainCatchCallbacks\\\";N;s:5:\\\"delay\\\";N;s:11:\\\"afterCommit\\\";N;s:10:\\\"middleware\\\";a:0:{}s:7:\\\"chained\\\";a:0:{}}s:5:\\\"tries\\\";N;s:7:\\\"timeout\\\";N;s:17:\\\"shouldBeEncrypted\\\";b:0;s:10:\\\"connection\\\";N;s:5:\\\"queue\\\";N;s:15:\\\"chainConnection\\\";N;s:10:\\\"chainQueue\\\";N;s:19:\\\"chainCatchCallbacks\\\";N;s:5:\\\"delay\\\";N;s:11:\\\"afterCommit\\\";N;s:10:\\\"middleware\\\";a:0:{}s:7:\\\"chained\\\";a:0:{}}\"}}', 'Swift_TransportException: Connection could not be established with host sheep :stream_socket_client(): Peer certificate CN=`sheep.cmfionline.com\' did not match expected CN=`sheep\' in /home/zachfomum/public_html/CMFI_APPS/fiverr_index/vendor/swiftmailer/swiftmailer/lib/classes/Swift/Transport/StreamBuffer.php:261\nStack trace:\n#0 [internal function]: Swift_Transport_StreamBuffer->{closure}(2, \'stream_socket_c...\', \'/home/zachfomum...\', 264, Array)\n#1 /home/zachfomum/public_html/CMFI_APPS/fiverr_index/vendor/swiftmailer/swiftmailer/lib/classes/Swift/Transport/StreamBuffer.php(264): stream_socket_client(\'ssl://sheep:465\', 0, \'\', 30, 4, Resource id #848)\n#2 /home/zachfomum/public_html/CMFI_APPS/fiverr_index/vendor/swiftmailer/swiftmailer/lib/classes/Swift/Transport/StreamBuffer.php(58): Swift_Transport_StreamBuffer->establishSocketConnection()\n#3 /home/zachfomum/public_html/CMFI_APPS/fiverr_index/vendor/swiftmailer/swiftmailer/lib/classes/Swift/Transport/AbstractSmtpTransport.php(143): Swift_Transport_StreamBuffer->initialize(Array)\n#4 /home/zachfomum/public_html/CMFI_APPS/fiverr_index/vendor/swiftmailer/swiftmailer/lib/classes/Swift/Mailer.php(65): Swift_Transport_AbstractSmtpTransport->start()\n#5 /home/zachfomum/public_html/CMFI_APPS/fiverr_index/vendor/laravel/framework/src/Illuminate/Mail/Mailer.php(521): Swift_Mailer->send(Object(Swift_Message), Array)\n#6 /home/zachfomum/public_html/CMFI_APPS/fiverr_index/vendor/laravel/framework/src/Illuminate/Mail/Mailer.php(288): Illuminate\\Mail\\Mailer->sendSwiftMessage(Object(Swift_Message))\n#7 /home/zachfomum/public_html/CMFI_APPS/fiverr_index/vendor/laravel/framework/src/Illuminate/Mail/Mailable.php(187): Illuminate\\Mail\\Mailer->send(\'admin.notificat...\', Array, Object(Closure))\n#8 /home/zachfomum/public_html/CMFI_APPS/fiverr_index/vendor/laravel/framework/src/Illuminate/Support/Traits/Localizable.php(19): Illuminate\\Mail\\Mailable->Illuminate\\Mail\\{closure}()\n#9 /home/zachfomum/public_html/CMFI_APPS/fiverr_index/vendor/laravel/framework/src/Illuminate/Mail/Mailable.php(188): Illuminate\\Mail\\Mailable->withLocale(NULL, Object(Closure))\n#10 /home/zachfomum/public_html/CMFI_APPS/fiverr_index/vendor/laravel/framework/src/Illuminate/Mail/SendQueuedMailable.php(65): Illuminate\\Mail\\Mailable->send(Object(Illuminate\\Mail\\MailManager))\n#11 /home/zachfomum/public_html/CMFI_APPS/fiverr_index/vendor/laravel/framework/src/Illuminate/Container/BoundMethod.php(36): Illuminate\\Mail\\SendQueuedMailable->handle(Object(Illuminate\\Mail\\MailManager))\n#12 /home/zachfomum/public_html/CMFI_APPS/fiverr_index/vendor/laravel/framework/src/Illuminate/Container/Util.php(40): Illuminate\\Container\\BoundMethod::Illuminate\\Container\\{closure}()\n#13 /home/zachfomum/public_html/CMFI_APPS/fiverr_index/vendor/laravel/framework/src/Illuminate/Container/BoundMethod.php(93): Illuminate\\Container\\Util::unwrapIfClosure(Object(Closure))\n#14 /home/zachfomum/public_html/CMFI_APPS/fiverr_index/vendor/laravel/framework/src/Illuminate/Container/BoundMethod.php(37): Illuminate\\Container\\BoundMethod::callBoundMethod(Object(Illuminate\\Foundation\\Application), Array, Object(Closure))\n#15 /home/zachfomum/public_html/CMFI_APPS/fiverr_index/vendor/laravel/framework/src/Illuminate/Container/Container.php(653): Illuminate\\Container\\BoundMethod::call(Object(Illuminate\\Foundation\\Application), Array, Array, NULL)\n#16 /home/zachfomum/public_html/CMFI_APPS/fiverr_index/vendor/laravel/framework/src/Illuminate/Bus/Dispatcher.php(128): Illuminate\\Container\\Container->call(Array)\n#17 /home/zachfomum/public_html/CMFI_APPS/fiverr_index/vendor/laravel/framework/src/Illuminate/Pipeline/Pipeline.php(128): Illuminate\\Bus\\Dispatcher->Illuminate\\Bus\\{closure}(Object(Illuminate\\Mail\\SendQueuedMailable))\n#18 /home/zachfomum/public_html/CMFI_APPS/fiverr_index/vendor/laravel/framework/src/Illuminate/Pipeline/Pipeline.php(103): Illuminate\\Pipeline\\Pipeline->Illuminate\\Pipeline\\{closure}(Object(Illuminate\\Mail\\SendQueuedMailable))\n#19 /home/zachfomum/public_html/CMFI_APPS/fiverr_index/vendor/laravel/framework/src/Illuminate/Bus/Dispatcher.php(132): Illuminate\\Pipeline\\Pipeline->then(Object(Closure))\n#20 /home/zachfomum/public_html/CMFI_APPS/fiverr_index/vendor/laravel/framework/src/Illuminate/Queue/CallQueuedHandler.php(120): Illuminate\\Bus\\Dispatcher->dispatchNow(Object(Illuminate\\Mail\\SendQueuedMailable), false)\n#21 /home/zachfomum/public_html/CMFI_APPS/fiverr_index/vendor/laravel/framework/src/Illuminate/Pipeline/Pipeline.php(128): Illuminate\\Queue\\CallQueuedHandler->Illuminate\\Queue\\{closure}(Object(Illuminate\\Mail\\SendQueuedMailable))\n#22 /home/zachfomum/public_html/CMFI_APPS/fiverr_index/vendor/laravel/framework/src/Illuminate/Pipeline/Pipeline.php(103): Illuminate\\Pipeline\\Pipeline->Illuminate\\Pipeline\\{closure}(Object(Illuminate\\Mail\\SendQueuedMailable))\n#23 /home/zachfomum/public_html/CMFI_APPS/fiverr_index/vendor/laravel/framework/src/Illuminate/Queue/CallQueuedHandler.php(122): Illuminate\\Pipeline\\Pipeline->then(Object(Closure))\n#24 /home/zachfomum/public_html/CMFI_APPS/fiverr_index/vendor/laravel/framework/src/Illuminate/Queue/CallQueuedHandler.php(70): Illuminate\\Queue\\CallQueuedHandler->dispatchThroughMiddleware(Object(Illuminate\\Queue\\Jobs\\DatabaseJob), Object(Illuminate\\Mail\\SendQueuedMailable))\n#25 /home/zachfomum/public_html/CMFI_APPS/fiverr_index/vendor/laravel/framework/src/Illuminate/Queue/Jobs/Job.php(98): Illuminate\\Queue\\CallQueuedHandler->call(Object(Illuminate\\Queue\\Jobs\\DatabaseJob), Array)\n#26 /home/zachfomum/public_html/CMFI_APPS/fiverr_index/vendor/laravel/framework/src/Illuminate/Queue/Worker.php(428): Illuminate\\Queue\\Jobs\\Job->fire()\n#27 /home/zachfomum/public_html/CMFI_APPS/fiverr_index/vendor/laravel/framework/src/Illuminate/Queue/Worker.php(378): Illuminate\\Queue\\Worker->process(\'database\', Object(Illuminate\\Queue\\Jobs\\DatabaseJob), Object(Illuminate\\Queue\\WorkerOptions))\n#28 /home/zachfomum/public_html/CMFI_APPS/fiverr_index/vendor/laravel/framework/src/Illuminate/Queue/Worker.php(329): Illuminate\\Queue\\Worker->runJob(Object(Illuminate\\Queue\\Jobs\\DatabaseJob), \'database\', Object(Illuminate\\Queue\\WorkerOptions))\n#29 /home/zachfomum/public_html/CMFI_APPS/fiverr_index/vendor/laravel/framework/src/Illuminate/Queue/Console/WorkCommand.php(117): Illuminate\\Queue\\Worker->runNextJob(\'database\', \'default\', Object(Illuminate\\Queue\\WorkerOptions))\n#30 /home/zachfomum/public_html/CMFI_APPS/fiverr_index/vendor/laravel/framework/src/Illuminate/Queue/Console/WorkCommand.php(101): Illuminate\\Queue\\Console\\WorkCommand->runWorker(\'database\', \'default\')\n#31 /home/zachfomum/public_html/CMFI_APPS/fiverr_index/vendor/laravel/framework/src/Illuminate/Container/BoundMethod.php(36): Illuminate\\Queue\\Console\\WorkCommand->handle()\n#32 /home/zachfomum/public_html/CMFI_APPS/fiverr_index/vendor/laravel/framework/src/Illuminate/Container/Util.php(40): Illuminate\\Container\\BoundMethod::Illuminate\\Container\\{closure}()\n#33 /home/zachfomum/public_html/CMFI_APPS/fiverr_index/vendor/laravel/framework/src/Illuminate/Container/BoundMethod.php(93): Illuminate\\Container\\Util::unwrapIfClosure(Object(Closure))\n#34 /home/zachfomum/public_html/CMFI_APPS/fiverr_index/vendor/laravel/framework/src/Illuminate/Container/BoundMethod.php(37): Illuminate\\Container\\BoundMethod::callBoundMethod(Object(Illuminate\\Foundation\\Application), Array, Object(Closure))\n#35 /home/zachfomum/public_html/CMFI_APPS/fiverr_index/vendor/laravel/framework/src/Illuminate/Container/Container.php(653): Illuminate\\Container\\BoundMethod::call(Object(Illuminate\\Foundation\\Application), Array, Array, NULL)\n#36 /home/zachfomum/public_html/CMFI_APPS/fiverr_index/vendor/laravel/framework/src/Illuminate/Console/Command.php(136): Illuminate\\Container\\Container->call(Array)\n#37 /home/zachfomum/public_html/CMFI_APPS/fiverr_index/vendor/symfony/console/Command/Command.php(298): Illuminate\\Console\\Command->execute(Object(Symfony\\Component\\Console\\Input\\ArgvInput), Object(Illuminate\\Console\\OutputStyle))\n#38 /home/zachfomum/public_html/CMFI_APPS/fiverr_index/vendor/laravel/framework/src/Illuminate/Console/Command.php(121): Symfony\\Component\\Console\\Command\\Command->run(Object(Symfony\\Component\\Console\\Input\\ArgvInput), Object(Illuminate\\Console\\OutputStyle))\n#39 /home/zachfomum/public_html/CMFI_APPS/fiverr_index/vendor/symfony/console/Application.php(1005): Illuminate\\Console\\Command->run(Object(Symfony\\Component\\Console\\Input\\ArgvInput), Object(Symfony\\Component\\Console\\Output\\ConsoleOutput))\n#40 /home/zachfomum/public_html/CMFI_APPS/fiverr_index/vendor/symfony/console/Application.php(299): Symfony\\Component\\Console\\Application->doRunCommand(Object(Illuminate\\Queue\\Console\\WorkCommand), Object(Symfony\\Component\\Console\\Input\\ArgvInput), Object(Symfony\\Component\\Console\\Output\\ConsoleOutput))\n#41 /home/zachfomum/public_html/CMFI_APPS/fiverr_index/vendor/symfony/console/Application.php(171): Symfony\\Component\\Console\\Application->doRun(Object(Symfony\\Component\\Console\\Input\\ArgvInput), Object(Symfony\\Component\\Console\\Output\\ConsoleOutput))\n#42 /home/zachfomum/public_html/CMFI_APPS/fiverr_index/vendor/laravel/framework/src/Illuminate/Console/Application.php(94): Symfony\\Component\\Console\\Application->run(Object(Symfony\\Component\\Console\\Input\\ArgvInput), Object(Symfony\\Component\\Console\\Output\\ConsoleOutput))\n#43 /home/zachfomum/public_html/CMFI_APPS/fiverr_index/vendor/laravel/framework/src/Illuminate/Foundation/Console/Kernel.php(129): Illuminate\\Console\\Application->run(Object(Symfony\\Component\\Console\\Input\\ArgvInput), Object(Symfony\\Component\\Console\\Output\\ConsoleOutput))\n#44 /home/zachfomum/public_html/CMFI_APPS/fiverr_index/artisan(37): Illuminate\\Foundation\\Console\\Kernel->handle(Object(Symfony\\Component\\Console\\Input\\ArgvInput), Object(Symfony\\Component\\Console\\Output\\ConsoleOutput))\n#45 {main}', '2021-12-28 23:48:44'),
(9, 'ccc437f8-8df0-4ac3-b040-a066d39b73ee', 'database', 'default', '{\"uuid\":\"ccc437f8-8df0-4ac3-b040-a066d39b73ee\",\"displayName\":\"App\\\\Mail\\\\StatusChangeNotification\",\"job\":\"Illuminate\\\\Queue\\\\CallQueuedHandler@call\",\"maxTries\":null,\"maxExceptions\":null,\"failOnTimeout\":false,\"backoff\":null,\"timeout\":null,\"retryUntil\":null,\"data\":{\"commandName\":\"Illuminate\\\\Mail\\\\SendQueuedMailable\",\"command\":\"O:34:\\\"Illuminate\\\\Mail\\\\SendQueuedMailable\\\":13:{s:8:\\\"mailable\\\";O:33:\\\"App\\\\Mail\\\\StatusChangeNotification\\\":33:{s:12:\\\"book_list_id\\\";i:3;s:9:\\\"book_info\\\";O:45:\\\"Illuminate\\\\Contracts\\\\Database\\\\ModelIdentifier\\\":4:{s:5:\\\"class\\\";s:19:\\\"App\\\\Models\\\\BookList\\\";s:2:\\\"id\\\";i:3;s:9:\\\"relations\\\";a:1:{i:0;s:6:\\\"serise\\\";}s:10:\\\"connection\\\";s:5:\\\"mysql\\\";}s:12:\\\"book_content\\\";a:5:{s:5:\\\"eBook\\\";s:4:\\\"Done\\\";s:4:\\\"POD1\\\";s:4:\\\"Done\\\";s:5:\\\"Audio\\\";s:4:\\\"Done\\\";s:4:\\\"POD2\\\";s:4:\\\"ToDo\\\";s:3:\\\"GFP\\\";s:2:\\\"R3\\\";}s:11:\\\"change_data\\\";a:1:{s:5:\\\"eBook\\\";s:4:\\\"ToDo\\\";}s:9:\\\"change_by\\\";s:11:\\\"admin admin\\\";s:6:\\\"locale\\\";N;s:4:\\\"from\\\";a:1:{i:0;a:2:{s:4:\\\"name\\\";s:8:\\\"ztfbooks\\\";s:7:\\\"address\\\";s:29:\\\"ztfbooks@cmfinternational.org\\\";}}s:2:\\\"to\\\";a:1:{i:0;a:2:{s:4:\\\"name\\\";N;s:7:\\\"address\\\";s:22:\\\"mashud624496@gmail.com\\\";}}s:2:\\\"cc\\\";a:0:{}s:3:\\\"bcc\\\";a:0:{}s:7:\\\"replyTo\\\";a:1:{i:0;a:2:{s:4:\\\"name\\\";s:8:\\\"ztfbooks\\\";s:7:\\\"address\\\";s:29:\\\"ztfbooks@cmfinternational.org\\\";}}s:7:\\\"subject\\\";s:18:\\\"Change Book Status\\\";s:8:\\\"markdown\\\";N;s:7:\\\"\\u0000*\\u0000html\\\";N;s:4:\\\"view\\\";N;s:8:\\\"textView\\\";N;s:8:\\\"viewData\\\";a:0:{}s:11:\\\"attachments\\\";a:0:{}s:14:\\\"rawAttachments\\\";a:0:{}s:15:\\\"diskAttachments\\\";a:0:{}s:9:\\\"callbacks\\\";a:0:{}s:5:\\\"theme\\\";N;s:6:\\\"mailer\\\";s:4:\\\"smtp\\\";s:29:\\\"\\u0000*\\u0000assertionableRenderStrings\\\";N;s:10:\\\"connection\\\";N;s:5:\\\"queue\\\";N;s:15:\\\"chainConnection\\\";N;s:10:\\\"chainQueue\\\";N;s:19:\\\"chainCatchCallbacks\\\";N;s:5:\\\"delay\\\";N;s:11:\\\"afterCommit\\\";N;s:10:\\\"middleware\\\";a:0:{}s:7:\\\"chained\\\";a:0:{}}s:5:\\\"tries\\\";N;s:7:\\\"timeout\\\";N;s:17:\\\"shouldBeEncrypted\\\";b:0;s:10:\\\"connection\\\";N;s:5:\\\"queue\\\";N;s:15:\\\"chainConnection\\\";N;s:10:\\\"chainQueue\\\";N;s:19:\\\"chainCatchCallbacks\\\";N;s:5:\\\"delay\\\";N;s:11:\\\"afterCommit\\\";N;s:10:\\\"middleware\\\";a:0:{}s:7:\\\"chained\\\";a:0:{}}\"}}', 'Swift_TransportException: Connection could not be established with host sheep :stream_socket_client(): Peer certificate CN=`sheep.cmfionline.com\' did not match expected CN=`sheep\' in /home/zachfomum/public_html/CMFI_APPS/fiverr_index/vendor/swiftmailer/swiftmailer/lib/classes/Swift/Transport/StreamBuffer.php:261\nStack trace:\n#0 [internal function]: Swift_Transport_StreamBuffer->{closure}(2, \'stream_socket_c...\', \'/home/zachfomum...\', 264, Array)\n#1 /home/zachfomum/public_html/CMFI_APPS/fiverr_index/vendor/swiftmailer/swiftmailer/lib/classes/Swift/Transport/StreamBuffer.php(264): stream_socket_client(\'ssl://sheep:465\', 0, \'\', 30, 4, Resource id #848)\n#2 /home/zachfomum/public_html/CMFI_APPS/fiverr_index/vendor/swiftmailer/swiftmailer/lib/classes/Swift/Transport/StreamBuffer.php(58): Swift_Transport_StreamBuffer->establishSocketConnection()\n#3 /home/zachfomum/public_html/CMFI_APPS/fiverr_index/vendor/swiftmailer/swiftmailer/lib/classes/Swift/Transport/AbstractSmtpTransport.php(143): Swift_Transport_StreamBuffer->initialize(Array)\n#4 /home/zachfomum/public_html/CMFI_APPS/fiverr_index/vendor/swiftmailer/swiftmailer/lib/classes/Swift/Mailer.php(65): Swift_Transport_AbstractSmtpTransport->start()\n#5 /home/zachfomum/public_html/CMFI_APPS/fiverr_index/vendor/laravel/framework/src/Illuminate/Mail/Mailer.php(521): Swift_Mailer->send(Object(Swift_Message), Array)\n#6 /home/zachfomum/public_html/CMFI_APPS/fiverr_index/vendor/laravel/framework/src/Illuminate/Mail/Mailer.php(288): Illuminate\\Mail\\Mailer->sendSwiftMessage(Object(Swift_Message))\n#7 /home/zachfomum/public_html/CMFI_APPS/fiverr_index/vendor/laravel/framework/src/Illuminate/Mail/Mailable.php(187): Illuminate\\Mail\\Mailer->send(\'admin.notificat...\', Array, Object(Closure))\n#8 /home/zachfomum/public_html/CMFI_APPS/fiverr_index/vendor/laravel/framework/src/Illuminate/Support/Traits/Localizable.php(19): Illuminate\\Mail\\Mailable->Illuminate\\Mail\\{closure}()\n#9 /home/zachfomum/public_html/CMFI_APPS/fiverr_index/vendor/laravel/framework/src/Illuminate/Mail/Mailable.php(188): Illuminate\\Mail\\Mailable->withLocale(NULL, Object(Closure))\n#10 /home/zachfomum/public_html/CMFI_APPS/fiverr_index/vendor/laravel/framework/src/Illuminate/Mail/SendQueuedMailable.php(65): Illuminate\\Mail\\Mailable->send(Object(Illuminate\\Mail\\MailManager))\n#11 /home/zachfomum/public_html/CMFI_APPS/fiverr_index/vendor/laravel/framework/src/Illuminate/Container/BoundMethod.php(36): Illuminate\\Mail\\SendQueuedMailable->handle(Object(Illuminate\\Mail\\MailManager))\n#12 /home/zachfomum/public_html/CMFI_APPS/fiverr_index/vendor/laravel/framework/src/Illuminate/Container/Util.php(40): Illuminate\\Container\\BoundMethod::Illuminate\\Container\\{closure}()\n#13 /home/zachfomum/public_html/CMFI_APPS/fiverr_index/vendor/laravel/framework/src/Illuminate/Container/BoundMethod.php(93): Illuminate\\Container\\Util::unwrapIfClosure(Object(Closure))\n#14 /home/zachfomum/public_html/CMFI_APPS/fiverr_index/vendor/laravel/framework/src/Illuminate/Container/BoundMethod.php(37): Illuminate\\Container\\BoundMethod::callBoundMethod(Object(Illuminate\\Foundation\\Application), Array, Object(Closure))\n#15 /home/zachfomum/public_html/CMFI_APPS/fiverr_index/vendor/laravel/framework/src/Illuminate/Container/Container.php(653): Illuminate\\Container\\BoundMethod::call(Object(Illuminate\\Foundation\\Application), Array, Array, NULL)\n#16 /home/zachfomum/public_html/CMFI_APPS/fiverr_index/vendor/laravel/framework/src/Illuminate/Bus/Dispatcher.php(128): Illuminate\\Container\\Container->call(Array)\n#17 /home/zachfomum/public_html/CMFI_APPS/fiverr_index/vendor/laravel/framework/src/Illuminate/Pipeline/Pipeline.php(128): Illuminate\\Bus\\Dispatcher->Illuminate\\Bus\\{closure}(Object(Illuminate\\Mail\\SendQueuedMailable))\n#18 /home/zachfomum/public_html/CMFI_APPS/fiverr_index/vendor/laravel/framework/src/Illuminate/Pipeline/Pipeline.php(103): Illuminate\\Pipeline\\Pipeline->Illuminate\\Pipeline\\{closure}(Object(Illuminate\\Mail\\SendQueuedMailable))\n#19 /home/zachfomum/public_html/CMFI_APPS/fiverr_index/vendor/laravel/framework/src/Illuminate/Bus/Dispatcher.php(132): Illuminate\\Pipeline\\Pipeline->then(Object(Closure))\n#20 /home/zachfomum/public_html/CMFI_APPS/fiverr_index/vendor/laravel/framework/src/Illuminate/Queue/CallQueuedHandler.php(120): Illuminate\\Bus\\Dispatcher->dispatchNow(Object(Illuminate\\Mail\\SendQueuedMailable), false)\n#21 /home/zachfomum/public_html/CMFI_APPS/fiverr_index/vendor/laravel/framework/src/Illuminate/Pipeline/Pipeline.php(128): Illuminate\\Queue\\CallQueuedHandler->Illuminate\\Queue\\{closure}(Object(Illuminate\\Mail\\SendQueuedMailable))\n#22 /home/zachfomum/public_html/CMFI_APPS/fiverr_index/vendor/laravel/framework/src/Illuminate/Pipeline/Pipeline.php(103): Illuminate\\Pipeline\\Pipeline->Illuminate\\Pipeline\\{closure}(Object(Illuminate\\Mail\\SendQueuedMailable))\n#23 /home/zachfomum/public_html/CMFI_APPS/fiverr_index/vendor/laravel/framework/src/Illuminate/Queue/CallQueuedHandler.php(122): Illuminate\\Pipeline\\Pipeline->then(Object(Closure))\n#24 /home/zachfomum/public_html/CMFI_APPS/fiverr_index/vendor/laravel/framework/src/Illuminate/Queue/CallQueuedHandler.php(70): Illuminate\\Queue\\CallQueuedHandler->dispatchThroughMiddleware(Object(Illuminate\\Queue\\Jobs\\DatabaseJob), Object(Illuminate\\Mail\\SendQueuedMailable))\n#25 /home/zachfomum/public_html/CMFI_APPS/fiverr_index/vendor/laravel/framework/src/Illuminate/Queue/Jobs/Job.php(98): Illuminate\\Queue\\CallQueuedHandler->call(Object(Illuminate\\Queue\\Jobs\\DatabaseJob), Array)\n#26 /home/zachfomum/public_html/CMFI_APPS/fiverr_index/vendor/laravel/framework/src/Illuminate/Queue/Worker.php(428): Illuminate\\Queue\\Jobs\\Job->fire()\n#27 /home/zachfomum/public_html/CMFI_APPS/fiverr_index/vendor/laravel/framework/src/Illuminate/Queue/Worker.php(378): Illuminate\\Queue\\Worker->process(\'database\', Object(Illuminate\\Queue\\Jobs\\DatabaseJob), Object(Illuminate\\Queue\\WorkerOptions))\n#28 /home/zachfomum/public_html/CMFI_APPS/fiverr_index/vendor/laravel/framework/src/Illuminate/Queue/Worker.php(329): Illuminate\\Queue\\Worker->runJob(Object(Illuminate\\Queue\\Jobs\\DatabaseJob), \'database\', Object(Illuminate\\Queue\\WorkerOptions))\n#29 /home/zachfomum/public_html/CMFI_APPS/fiverr_index/vendor/laravel/framework/src/Illuminate/Queue/Console/WorkCommand.php(117): Illuminate\\Queue\\Worker->runNextJob(\'database\', \'default\', Object(Illuminate\\Queue\\WorkerOptions))\n#30 /home/zachfomum/public_html/CMFI_APPS/fiverr_index/vendor/laravel/framework/src/Illuminate/Queue/Console/WorkCommand.php(101): Illuminate\\Queue\\Console\\WorkCommand->runWorker(\'database\', \'default\')\n#31 /home/zachfomum/public_html/CMFI_APPS/fiverr_index/vendor/laravel/framework/src/Illuminate/Container/BoundMethod.php(36): Illuminate\\Queue\\Console\\WorkCommand->handle()\n#32 /home/zachfomum/public_html/CMFI_APPS/fiverr_index/vendor/laravel/framework/src/Illuminate/Container/Util.php(40): Illuminate\\Container\\BoundMethod::Illuminate\\Container\\{closure}()\n#33 /home/zachfomum/public_html/CMFI_APPS/fiverr_index/vendor/laravel/framework/src/Illuminate/Container/BoundMethod.php(93): Illuminate\\Container\\Util::unwrapIfClosure(Object(Closure))\n#34 /home/zachfomum/public_html/CMFI_APPS/fiverr_index/vendor/laravel/framework/src/Illuminate/Container/BoundMethod.php(37): Illuminate\\Container\\BoundMethod::callBoundMethod(Object(Illuminate\\Foundation\\Application), Array, Object(Closure))\n#35 /home/zachfomum/public_html/CMFI_APPS/fiverr_index/vendor/laravel/framework/src/Illuminate/Container/Container.php(653): Illuminate\\Container\\BoundMethod::call(Object(Illuminate\\Foundation\\Application), Array, Array, NULL)\n#36 /home/zachfomum/public_html/CMFI_APPS/fiverr_index/vendor/laravel/framework/src/Illuminate/Console/Command.php(136): Illuminate\\Container\\Container->call(Array)\n#37 /home/zachfomum/public_html/CMFI_APPS/fiverr_index/vendor/symfony/console/Command/Command.php(298): Illuminate\\Console\\Command->execute(Object(Symfony\\Component\\Console\\Input\\ArgvInput), Object(Illuminate\\Console\\OutputStyle))\n#38 /home/zachfomum/public_html/CMFI_APPS/fiverr_index/vendor/laravel/framework/src/Illuminate/Console/Command.php(121): Symfony\\Component\\Console\\Command\\Command->run(Object(Symfony\\Component\\Console\\Input\\ArgvInput), Object(Illuminate\\Console\\OutputStyle))\n#39 /home/zachfomum/public_html/CMFI_APPS/fiverr_index/vendor/symfony/console/Application.php(1005): Illuminate\\Console\\Command->run(Object(Symfony\\Component\\Console\\Input\\ArgvInput), Object(Symfony\\Component\\Console\\Output\\ConsoleOutput))\n#40 /home/zachfomum/public_html/CMFI_APPS/fiverr_index/vendor/symfony/console/Application.php(299): Symfony\\Component\\Console\\Application->doRunCommand(Object(Illuminate\\Queue\\Console\\WorkCommand), Object(Symfony\\Component\\Console\\Input\\ArgvInput), Object(Symfony\\Component\\Console\\Output\\ConsoleOutput))\n#41 /home/zachfomum/public_html/CMFI_APPS/fiverr_index/vendor/symfony/console/Application.php(171): Symfony\\Component\\Console\\Application->doRun(Object(Symfony\\Component\\Console\\Input\\ArgvInput), Object(Symfony\\Component\\Console\\Output\\ConsoleOutput))\n#42 /home/zachfomum/public_html/CMFI_APPS/fiverr_index/vendor/laravel/framework/src/Illuminate/Console/Application.php(94): Symfony\\Component\\Console\\Application->run(Object(Symfony\\Component\\Console\\Input\\ArgvInput), Object(Symfony\\Component\\Console\\Output\\ConsoleOutput))\n#43 /home/zachfomum/public_html/CMFI_APPS/fiverr_index/vendor/laravel/framework/src/Illuminate/Foundation/Console/Kernel.php(129): Illuminate\\Console\\Application->run(Object(Symfony\\Component\\Console\\Input\\ArgvInput), Object(Symfony\\Component\\Console\\Output\\ConsoleOutput))\n#44 /home/zachfomum/public_html/CMFI_APPS/fiverr_index/artisan(37): Illuminate\\Foundation\\Console\\Kernel->handle(Object(Symfony\\Component\\Console\\Input\\ArgvInput), Object(Symfony\\Component\\Console\\Output\\ConsoleOutput))\n#45 {main}', '2021-12-28 23:51:55');
INSERT INTO `co_failed_jobs` (`id`, `uuid`, `connection`, `queue`, `payload`, `exception`, `failed_at`) VALUES
(10, '0f3f8cbe-3e43-4919-be7c-02a8feaaf5ee', 'database', 'default', '{\"uuid\":\"0f3f8cbe-3e43-4919-be7c-02a8feaaf5ee\",\"displayName\":\"App\\\\Mail\\\\StatusChangeNotification\",\"job\":\"Illuminate\\\\Queue\\\\CallQueuedHandler@call\",\"maxTries\":null,\"maxExceptions\":null,\"failOnTimeout\":false,\"backoff\":null,\"timeout\":null,\"retryUntil\":null,\"data\":{\"commandName\":\"Illuminate\\\\Mail\\\\SendQueuedMailable\",\"command\":\"O:34:\\\"Illuminate\\\\Mail\\\\SendQueuedMailable\\\":13:{s:8:\\\"mailable\\\";O:33:\\\"App\\\\Mail\\\\StatusChangeNotification\\\":33:{s:12:\\\"book_list_id\\\";i:3;s:9:\\\"book_info\\\";O:45:\\\"Illuminate\\\\Contracts\\\\Database\\\\ModelIdentifier\\\":4:{s:5:\\\"class\\\";s:19:\\\"App\\\\Models\\\\BookList\\\";s:2:\\\"id\\\";i:3;s:9:\\\"relations\\\";a:1:{i:0;s:6:\\\"serise\\\";}s:10:\\\"connection\\\";s:5:\\\"mysql\\\";}s:12:\\\"book_content\\\";a:5:{s:5:\\\"eBook\\\";s:4:\\\"ToDo\\\";s:4:\\\"POD1\\\";s:4:\\\"Done\\\";s:5:\\\"Audio\\\";s:4:\\\"Done\\\";s:4:\\\"POD2\\\";s:4:\\\"ToDo\\\";s:3:\\\"GFP\\\";s:2:\\\"R3\\\";}s:11:\\\"change_data\\\";a:1:{s:5:\\\"eBook\\\";s:4:\\\"Done\\\";}s:9:\\\"change_by\\\";s:11:\\\"admin admin\\\";s:6:\\\"locale\\\";N;s:4:\\\"from\\\";a:1:{i:0;a:2:{s:4:\\\"name\\\";s:8:\\\"ztfbooks\\\";s:7:\\\"address\\\";s:29:\\\"ztfbooks@cmfinternational.org\\\";}}s:2:\\\"to\\\";a:1:{i:0;a:2:{s:4:\\\"name\\\";N;s:7:\\\"address\\\";s:22:\\\"mashud624496@gmail.com\\\";}}s:2:\\\"cc\\\";a:0:{}s:3:\\\"bcc\\\";a:0:{}s:7:\\\"replyTo\\\";a:1:{i:0;a:2:{s:4:\\\"name\\\";s:8:\\\"ztfbooks\\\";s:7:\\\"address\\\";s:29:\\\"ztfbooks@cmfinternational.org\\\";}}s:7:\\\"subject\\\";s:18:\\\"Change Book Status\\\";s:8:\\\"markdown\\\";N;s:7:\\\"\\u0000*\\u0000html\\\";N;s:4:\\\"view\\\";N;s:8:\\\"textView\\\";N;s:8:\\\"viewData\\\";a:0:{}s:11:\\\"attachments\\\";a:0:{}s:14:\\\"rawAttachments\\\";a:0:{}s:15:\\\"diskAttachments\\\";a:0:{}s:9:\\\"callbacks\\\";a:0:{}s:5:\\\"theme\\\";N;s:6:\\\"mailer\\\";s:4:\\\"smtp\\\";s:29:\\\"\\u0000*\\u0000assertionableRenderStrings\\\";N;s:10:\\\"connection\\\";N;s:5:\\\"queue\\\";N;s:15:\\\"chainConnection\\\";N;s:10:\\\"chainQueue\\\";N;s:19:\\\"chainCatchCallbacks\\\";N;s:5:\\\"delay\\\";N;s:11:\\\"afterCommit\\\";N;s:10:\\\"middleware\\\";a:0:{}s:7:\\\"chained\\\";a:0:{}}s:5:\\\"tries\\\";N;s:7:\\\"timeout\\\";N;s:17:\\\"shouldBeEncrypted\\\";b:0;s:10:\\\"connection\\\";N;s:5:\\\"queue\\\";N;s:15:\\\"chainConnection\\\";N;s:10:\\\"chainQueue\\\";N;s:19:\\\"chainCatchCallbacks\\\";N;s:5:\\\"delay\\\";N;s:11:\\\"afterCommit\\\";N;s:10:\\\"middleware\\\";a:0:{}s:7:\\\"chained\\\";a:0:{}}\"}}', 'Swift_TransportException: Connection could not be established with host sheep :stream_socket_client(): Peer certificate CN=`sheep.cmfionline.com\' did not match expected CN=`sheep\' in /home/zachfomum/public_html/CMFI_APPS/fiverr_index/vendor/swiftmailer/swiftmailer/lib/classes/Swift/Transport/StreamBuffer.php:261\nStack trace:\n#0 [internal function]: Swift_Transport_StreamBuffer->{closure}(2, \'stream_socket_c...\', \'/home/zachfomum...\', 264, Array)\n#1 /home/zachfomum/public_html/CMFI_APPS/fiverr_index/vendor/swiftmailer/swiftmailer/lib/classes/Swift/Transport/StreamBuffer.php(264): stream_socket_client(\'ssl://sheep:465\', 0, \'\', 30, 4, Resource id #845)\n#2 /home/zachfomum/public_html/CMFI_APPS/fiverr_index/vendor/swiftmailer/swiftmailer/lib/classes/Swift/Transport/StreamBuffer.php(58): Swift_Transport_StreamBuffer->establishSocketConnection()\n#3 /home/zachfomum/public_html/CMFI_APPS/fiverr_index/vendor/swiftmailer/swiftmailer/lib/classes/Swift/Transport/AbstractSmtpTransport.php(143): Swift_Transport_StreamBuffer->initialize(Array)\n#4 /home/zachfomum/public_html/CMFI_APPS/fiverr_index/vendor/swiftmailer/swiftmailer/lib/classes/Swift/Mailer.php(65): Swift_Transport_AbstractSmtpTransport->start()\n#5 /home/zachfomum/public_html/CMFI_APPS/fiverr_index/vendor/laravel/framework/src/Illuminate/Mail/Mailer.php(521): Swift_Mailer->send(Object(Swift_Message), Array)\n#6 /home/zachfomum/public_html/CMFI_APPS/fiverr_index/vendor/laravel/framework/src/Illuminate/Mail/Mailer.php(288): Illuminate\\Mail\\Mailer->sendSwiftMessage(Object(Swift_Message))\n#7 /home/zachfomum/public_html/CMFI_APPS/fiverr_index/vendor/laravel/framework/src/Illuminate/Mail/Mailable.php(187): Illuminate\\Mail\\Mailer->send(\'admin.notificat...\', Array, Object(Closure))\n#8 /home/zachfomum/public_html/CMFI_APPS/fiverr_index/vendor/laravel/framework/src/Illuminate/Support/Traits/Localizable.php(19): Illuminate\\Mail\\Mailable->Illuminate\\Mail\\{closure}()\n#9 /home/zachfomum/public_html/CMFI_APPS/fiverr_index/vendor/laravel/framework/src/Illuminate/Mail/Mailable.php(188): Illuminate\\Mail\\Mailable->withLocale(NULL, Object(Closure))\n#10 /home/zachfomum/public_html/CMFI_APPS/fiverr_index/vendor/laravel/framework/src/Illuminate/Mail/SendQueuedMailable.php(65): Illuminate\\Mail\\Mailable->send(Object(Illuminate\\Mail\\MailManager))\n#11 /home/zachfomum/public_html/CMFI_APPS/fiverr_index/vendor/laravel/framework/src/Illuminate/Container/BoundMethod.php(36): Illuminate\\Mail\\SendQueuedMailable->handle(Object(Illuminate\\Mail\\MailManager))\n#12 /home/zachfomum/public_html/CMFI_APPS/fiverr_index/vendor/laravel/framework/src/Illuminate/Container/Util.php(40): Illuminate\\Container\\BoundMethod::Illuminate\\Container\\{closure}()\n#13 /home/zachfomum/public_html/CMFI_APPS/fiverr_index/vendor/laravel/framework/src/Illuminate/Container/BoundMethod.php(93): Illuminate\\Container\\Util::unwrapIfClosure(Object(Closure))\n#14 /home/zachfomum/public_html/CMFI_APPS/fiverr_index/vendor/laravel/framework/src/Illuminate/Container/BoundMethod.php(37): Illuminate\\Container\\BoundMethod::callBoundMethod(Object(Illuminate\\Foundation\\Application), Array, Object(Closure))\n#15 /home/zachfomum/public_html/CMFI_APPS/fiverr_index/vendor/laravel/framework/src/Illuminate/Container/Container.php(653): Illuminate\\Container\\BoundMethod::call(Object(Illuminate\\Foundation\\Application), Array, Array, NULL)\n#16 /home/zachfomum/public_html/CMFI_APPS/fiverr_index/vendor/laravel/framework/src/Illuminate/Bus/Dispatcher.php(128): Illuminate\\Container\\Container->call(Array)\n#17 /home/zachfomum/public_html/CMFI_APPS/fiverr_index/vendor/laravel/framework/src/Illuminate/Pipeline/Pipeline.php(128): Illuminate\\Bus\\Dispatcher->Illuminate\\Bus\\{closure}(Object(Illuminate\\Mail\\SendQueuedMailable))\n#18 /home/zachfomum/public_html/CMFI_APPS/fiverr_index/vendor/laravel/framework/src/Illuminate/Pipeline/Pipeline.php(103): Illuminate\\Pipeline\\Pipeline->Illuminate\\Pipeline\\{closure}(Object(Illuminate\\Mail\\SendQueuedMailable))\n#19 /home/zachfomum/public_html/CMFI_APPS/fiverr_index/vendor/laravel/framework/src/Illuminate/Bus/Dispatcher.php(132): Illuminate\\Pipeline\\Pipeline->then(Object(Closure))\n#20 /home/zachfomum/public_html/CMFI_APPS/fiverr_index/vendor/laravel/framework/src/Illuminate/Queue/CallQueuedHandler.php(120): Illuminate\\Bus\\Dispatcher->dispatchNow(Object(Illuminate\\Mail\\SendQueuedMailable), false)\n#21 /home/zachfomum/public_html/CMFI_APPS/fiverr_index/vendor/laravel/framework/src/Illuminate/Pipeline/Pipeline.php(128): Illuminate\\Queue\\CallQueuedHandler->Illuminate\\Queue\\{closure}(Object(Illuminate\\Mail\\SendQueuedMailable))\n#22 /home/zachfomum/public_html/CMFI_APPS/fiverr_index/vendor/laravel/framework/src/Illuminate/Pipeline/Pipeline.php(103): Illuminate\\Pipeline\\Pipeline->Illuminate\\Pipeline\\{closure}(Object(Illuminate\\Mail\\SendQueuedMailable))\n#23 /home/zachfomum/public_html/CMFI_APPS/fiverr_index/vendor/laravel/framework/src/Illuminate/Queue/CallQueuedHandler.php(122): Illuminate\\Pipeline\\Pipeline->then(Object(Closure))\n#24 /home/zachfomum/public_html/CMFI_APPS/fiverr_index/vendor/laravel/framework/src/Illuminate/Queue/CallQueuedHandler.php(70): Illuminate\\Queue\\CallQueuedHandler->dispatchThroughMiddleware(Object(Illuminate\\Queue\\Jobs\\DatabaseJob), Object(Illuminate\\Mail\\SendQueuedMailable))\n#25 /home/zachfomum/public_html/CMFI_APPS/fiverr_index/vendor/laravel/framework/src/Illuminate/Queue/Jobs/Job.php(98): Illuminate\\Queue\\CallQueuedHandler->call(Object(Illuminate\\Queue\\Jobs\\DatabaseJob), Array)\n#26 /home/zachfomum/public_html/CMFI_APPS/fiverr_index/vendor/laravel/framework/src/Illuminate/Queue/Worker.php(428): Illuminate\\Queue\\Jobs\\Job->fire()\n#27 /home/zachfomum/public_html/CMFI_APPS/fiverr_index/vendor/laravel/framework/src/Illuminate/Queue/Worker.php(378): Illuminate\\Queue\\Worker->process(\'database\', Object(Illuminate\\Queue\\Jobs\\DatabaseJob), Object(Illuminate\\Queue\\WorkerOptions))\n#28 /home/zachfomum/public_html/CMFI_APPS/fiverr_index/vendor/laravel/framework/src/Illuminate/Queue/Worker.php(329): Illuminate\\Queue\\Worker->runJob(Object(Illuminate\\Queue\\Jobs\\DatabaseJob), \'database\', Object(Illuminate\\Queue\\WorkerOptions))\n#29 /home/zachfomum/public_html/CMFI_APPS/fiverr_index/vendor/laravel/framework/src/Illuminate/Queue/Console/WorkCommand.php(117): Illuminate\\Queue\\Worker->runNextJob(\'database\', \'default\', Object(Illuminate\\Queue\\WorkerOptions))\n#30 /home/zachfomum/public_html/CMFI_APPS/fiverr_index/vendor/laravel/framework/src/Illuminate/Queue/Console/WorkCommand.php(101): Illuminate\\Queue\\Console\\WorkCommand->runWorker(\'database\', \'default\')\n#31 /home/zachfomum/public_html/CMFI_APPS/fiverr_index/vendor/laravel/framework/src/Illuminate/Container/BoundMethod.php(36): Illuminate\\Queue\\Console\\WorkCommand->handle()\n#32 /home/zachfomum/public_html/CMFI_APPS/fiverr_index/vendor/laravel/framework/src/Illuminate/Container/Util.php(40): Illuminate\\Container\\BoundMethod::Illuminate\\Container\\{closure}()\n#33 /home/zachfomum/public_html/CMFI_APPS/fiverr_index/vendor/laravel/framework/src/Illuminate/Container/BoundMethod.php(93): Illuminate\\Container\\Util::unwrapIfClosure(Object(Closure))\n#34 /home/zachfomum/public_html/CMFI_APPS/fiverr_index/vendor/laravel/framework/src/Illuminate/Container/BoundMethod.php(37): Illuminate\\Container\\BoundMethod::callBoundMethod(Object(Illuminate\\Foundation\\Application), Array, Object(Closure))\n#35 /home/zachfomum/public_html/CMFI_APPS/fiverr_index/vendor/laravel/framework/src/Illuminate/Container/Container.php(653): Illuminate\\Container\\BoundMethod::call(Object(Illuminate\\Foundation\\Application), Array, Array, NULL)\n#36 /home/zachfomum/public_html/CMFI_APPS/fiverr_index/vendor/laravel/framework/src/Illuminate/Console/Command.php(136): Illuminate\\Container\\Container->call(Array)\n#37 /home/zachfomum/public_html/CMFI_APPS/fiverr_index/vendor/symfony/console/Command/Command.php(298): Illuminate\\Console\\Command->execute(Object(Symfony\\Component\\Console\\Input\\ArgvInput), Object(Illuminate\\Console\\OutputStyle))\n#38 /home/zachfomum/public_html/CMFI_APPS/fiverr_index/vendor/laravel/framework/src/Illuminate/Console/Command.php(121): Symfony\\Component\\Console\\Command\\Command->run(Object(Symfony\\Component\\Console\\Input\\ArgvInput), Object(Illuminate\\Console\\OutputStyle))\n#39 /home/zachfomum/public_html/CMFI_APPS/fiverr_index/vendor/symfony/console/Application.php(1005): Illuminate\\Console\\Command->run(Object(Symfony\\Component\\Console\\Input\\ArgvInput), Object(Symfony\\Component\\Console\\Output\\ConsoleOutput))\n#40 /home/zachfomum/public_html/CMFI_APPS/fiverr_index/vendor/symfony/console/Application.php(299): Symfony\\Component\\Console\\Application->doRunCommand(Object(Illuminate\\Queue\\Console\\WorkCommand), Object(Symfony\\Component\\Console\\Input\\ArgvInput), Object(Symfony\\Component\\Console\\Output\\ConsoleOutput))\n#41 /home/zachfomum/public_html/CMFI_APPS/fiverr_index/vendor/symfony/console/Application.php(171): Symfony\\Component\\Console\\Application->doRun(Object(Symfony\\Component\\Console\\Input\\ArgvInput), Object(Symfony\\Component\\Console\\Output\\ConsoleOutput))\n#42 /home/zachfomum/public_html/CMFI_APPS/fiverr_index/vendor/laravel/framework/src/Illuminate/Console/Application.php(94): Symfony\\Component\\Console\\Application->run(Object(Symfony\\Component\\Console\\Input\\ArgvInput), Object(Symfony\\Component\\Console\\Output\\ConsoleOutput))\n#43 /home/zachfomum/public_html/CMFI_APPS/fiverr_index/vendor/laravel/framework/src/Illuminate/Foundation/Console/Kernel.php(129): Illuminate\\Console\\Application->run(Object(Symfony\\Component\\Console\\Input\\ArgvInput), Object(Symfony\\Component\\Console\\Output\\ConsoleOutput))\n#44 /home/zachfomum/public_html/CMFI_APPS/fiverr_index/artisan(37): Illuminate\\Foundation\\Console\\Kernel->handle(Object(Symfony\\Component\\Console\\Input\\ArgvInput), Object(Symfony\\Component\\Console\\Output\\ConsoleOutput))\n#45 {main}', '2021-12-28 23:53:31');

-- --------------------------------------------------------

--
-- Table structure for table `co_form_builders`
--

CREATE TABLE `co_form_builders` (
  `id` bigint(20) UNSIGNED NOT NULL,
  `label` varchar(255) COLLATE utf8mb4_unicode_ci DEFAULT NULL,
  `type` varchar(255) COLLATE utf8mb4_unicode_ci NOT NULL COMMENT '0=text,1=dropdown',
  `order_table` int(255) NOT NULL DEFAULT '0',
  `created_at` timestamp NULL DEFAULT NULL,
  `updated_at` timestamp NULL DEFAULT NULL,
  `default_status_id` bigint(20) UNSIGNED DEFAULT NULL
) ENGINE=InnoDB DEFAULT CHARSET=utf8mb4 COLLATE=utf8mb4_unicode_ci;

--
-- Dumping data for table `co_form_builders`
--

INSERT INTO `co_form_builders` (`id`, `label`, `type`, `order_table`, `created_at`, `updated_at`, `default_status_id`) VALUES
(16, 'eBook', '1', 1, '2021-12-03 04:02:24', '2021-12-10 03:29:48', NULL),
(20, 'POD-S', '1', 2, '2021-12-05 10:58:05', '2022-01-19 07:55:51', NULL),
(22, 'Audio', '1', 3, '2021-12-10 04:02:13', '2022-01-19 07:55:51', NULL),
(23, 'POD-H', '1', 4, '2021-12-10 04:24:56', '2021-12-31 07:18:46', NULL),
(24, 'GFP', '1', 5, '2021-12-10 04:25:09', '2021-12-10 04:25:32', NULL);

-- --------------------------------------------------------

--
-- Table structure for table `co_jobs`
--

CREATE TABLE `co_jobs` (
  `id` bigint(20) UNSIGNED NOT NULL,
  `queue` varchar(255) COLLATE utf8mb4_unicode_ci NOT NULL,
  `payload` longtext COLLATE utf8mb4_unicode_ci NOT NULL,
  `attempts` tinyint(3) UNSIGNED NOT NULL,
  `reserved_at` int(10) UNSIGNED DEFAULT NULL,
  `available_at` int(10) UNSIGNED NOT NULL,
  `created_at` int(10) UNSIGNED NOT NULL
) ENGINE=InnoDB DEFAULT CHARSET=utf8mb4 COLLATE=utf8mb4_unicode_ci;

-- --------------------------------------------------------

--
-- Table structure for table `co_languages`
--

CREATE TABLE `co_languages` (
  `id` bigint(20) UNSIGNED NOT NULL,
  `name` varchar(255) COLLATE utf8mb4_unicode_ci DEFAULT NULL,
  `short_hand` varchar(255) COLLATE utf8mb4_unicode_ci DEFAULT NULL,
  `created_at` timestamp NULL DEFAULT NULL,
  `updated_at` timestamp NULL DEFAULT NULL
) ENGINE=InnoDB DEFAULT CHARSET=utf8mb4 COLLATE=utf8mb4_unicode_ci;

--
-- Dumping data for table `co_languages`
--

INSERT INTO `co_languages` (`id`, `name`, `short_hand`, `created_at`, `updated_at`) VALUES
(1, 'English', 'en', NULL, NULL),
(2, 'Afar', 'aa', NULL, NULL),
(3, 'Abkhazian', 'ab', NULL, NULL),
(4, 'Afrikaans', 'af', NULL, NULL),
(5, 'Amharic', 'am', NULL, NULL),
(6, 'Arabic', 'ar', NULL, NULL),
(7, 'Assamese', 'as', NULL, NULL),
(8, 'Aymara', 'ay', NULL, NULL),
(9, 'Azerbaijani', 'az', NULL, NULL),
(10, 'Bashkir', 'ba', NULL, NULL),
(11, 'Belarusian', 'be', NULL, NULL),
(12, 'Bulgarian', 'bg', NULL, NULL),
(13, 'Bihari', 'bh', NULL, NULL),
(14, 'Bislama', 'bi', NULL, NULL),
(15, 'Bengali/Bangla', 'bn', NULL, NULL),
(16, 'Tibetan', 'bo', NULL, NULL),
(17, 'Breton', 'br', NULL, NULL),
(18, 'Catalan', 'ca', NULL, NULL),
(19, 'Corsican', 'co', NULL, NULL),
(20, 'Czech', 'cs', NULL, NULL),
(21, 'Welsh', 'cy', NULL, NULL),
(22, 'Danish', 'da', NULL, NULL),
(23, 'German', 'de', NULL, NULL),
(24, 'Bhutani', 'dz', NULL, NULL),
(25, 'Greek', 'el', NULL, NULL),
(26, 'Esperanto', 'eo', NULL, NULL),
(27, 'Spanish', 'es', NULL, NULL),
(28, 'Estonian', 'et', NULL, NULL),
(29, 'Basque', 'eu', NULL, NULL),
(30, 'Persian', 'fa', NULL, NULL),
(31, 'Finnish', 'fi', NULL, NULL),
(32, 'Fiji', 'fj', NULL, NULL),
(33, 'Faeroese', 'fo', NULL, NULL),
(34, 'French', 'fr', NULL, NULL),
(35, 'Frisian', 'fy', NULL, NULL),
(36, 'Irish', 'ga', NULL, NULL),
(37, 'Scots/Gaelic', 'gd', NULL, NULL),
(38, 'Galician', 'gl', NULL, NULL),
(39, 'Guarani', 'gn', NULL, NULL),
(40, 'Gujarati', 'gu', NULL, NULL),
(41, 'Hausa', 'ha', NULL, NULL),
(42, 'Hindi', 'hi', NULL, NULL),
(43, 'Croatian', 'hr', NULL, NULL),
(44, 'Hungarian', 'hu', NULL, NULL),
(45, 'Armenian', 'hy', NULL, NULL),
(46, 'Interlingua', 'ia', NULL, NULL),
(47, 'Interlingue', 'ie', NULL, NULL),
(48, 'Inupiak', 'ik', NULL, NULL),
(49, 'Indonesian', 'in', NULL, NULL),
(50, 'Icelandic', 'is', NULL, NULL),
(51, 'Italian', 'it', NULL, NULL),
(52, 'Hebrew', 'iw', NULL, NULL),
(53, 'Japanese', 'ja', NULL, NULL),
(54, 'Yiddish', 'ji', NULL, NULL),
(55, 'Javanese', 'jw', NULL, NULL),
(56, 'Georgian', 'ka', NULL, NULL),
(57, 'Kazakh', 'kk', NULL, NULL),
(58, 'Greenlandic', 'kl', NULL, NULL),
(59, 'Cambodian', 'km', NULL, NULL),
(60, 'Kannada', 'kn', NULL, NULL),
(61, 'Korean', 'ko', NULL, NULL),
(62, 'Kashmiri', 'ks', NULL, NULL),
(63, 'Kurdish', 'ku', NULL, NULL),
(64, 'Kirghiz', 'ky', NULL, NULL),
(65, 'Latin', 'la', NULL, NULL),
(66, 'Lingala', 'ln', NULL, NULL),
(67, 'Laothian', 'lo', NULL, NULL),
(68, 'Lithuanian', 'lt', NULL, NULL),
(69, 'Latvian/Lettish', 'lv', NULL, NULL),
(70, 'Malagasy', 'mg', NULL, NULL),
(71, 'Maori', 'mi', NULL, NULL),
(72, 'Macedonian', 'mk', NULL, NULL),
(73, 'Malayalam', 'ml', NULL, NULL),
(74, 'Mongolian', 'mn', NULL, NULL),
(75, 'Moldavian', 'mo', NULL, NULL),
(76, 'Marathi', 'mr', NULL, NULL),
(77, 'Malay', 'ms', NULL, NULL),
(78, 'Maltese', 'mt', NULL, NULL),
(79, 'Burmese', 'my', NULL, NULL),
(80, 'Nauru', 'na', NULL, NULL),
(81, 'Nepali', 'ne', NULL, NULL),
(82, 'Dutch', 'nl', NULL, NULL),
(83, 'Norwegian', 'no', NULL, NULL),
(84, 'Occitan', 'oc', NULL, NULL),
(85, '(Afan)/Oromoor/Oriya', 'om', NULL, NULL),
(86, 'Punjabi', 'pa', NULL, NULL),
(87, 'Polish', 'pl', NULL, NULL),
(88, 'Pashto/Pushto', 'ps', NULL, NULL),
(89, 'Portuguese', 'pt', NULL, NULL),
(90, 'Quechua', 'qu', NULL, NULL),
(91, 'Rhaeto-Romance', 'rm', NULL, NULL),
(92, 'Kirundi', 'rn', NULL, NULL),
(93, 'Romanian', 'ro', NULL, NULL),
(94, 'Russian', 'ru', NULL, NULL),
(95, 'Kinyarwanda', 'rw', NULL, NULL),
(96, 'Sanskrit', 'sa', NULL, NULL),
(97, 'Sindhi', 'sd', NULL, NULL),
(98, 'Sangro', 'sg', NULL, NULL),
(99, 'Serbo-Croatian', 'sh', NULL, NULL),
(100, 'Singhalese', 'si', NULL, NULL),
(101, 'Slovak', 'sk', NULL, NULL),
(102, 'Slovenian', 'sl', NULL, NULL),
(103, 'Samoan', 'sm', NULL, NULL),
(104, 'Shona', 'sn', NULL, NULL),
(105, 'Somali', 'so', NULL, NULL),
(106, 'Albanian', 'sq', NULL, NULL),
(107, 'Serbian', 'sr', NULL, NULL),
(108, 'Siswati', 'ss', NULL, NULL),
(109, 'Sesotho', 'st', NULL, NULL),
(110, 'Sundanese', 'su', NULL, NULL),
(111, 'Swedish', 'sv', NULL, NULL),
(112, 'Swahili', 'sw', NULL, NULL),
(113, 'Tamil', 'ta', NULL, NULL),
(114, 'Telugu', 'te', NULL, NULL),
(115, 'Tajik', 'tg', NULL, NULL),
(116, 'Thai', 'th', NULL, NULL),
(117, 'Tigrinya', 'ti', NULL, NULL),
(118, 'Turkmen', 'tk', NULL, NULL),
(119, 'Tagalog', 'tl', NULL, NULL),
(120, 'Setswana', 'tn', NULL, NULL),
(121, 'Tonga', 'to', NULL, NULL),
(122, 'Turkish', 'tr', NULL, NULL),
(123, 'Tsonga', 'ts', NULL, NULL),
(124, 'Tatar', 'tt', NULL, NULL),
(125, 'Twi', 'tw', NULL, NULL),
(126, 'Ukrainian', 'uk', NULL, NULL),
(127, 'Urdu', 'ur', NULL, NULL),
(128, 'Uzbek', 'uz', NULL, NULL),
(129, 'Vietnamese', 'vi', NULL, NULL),
(130, 'Volapuk', 'vo', NULL, NULL),
(131, 'Wolof', 'wo', NULL, NULL),
(132, 'Xhosa', 'xh', NULL, NULL),
(133, 'Yoruba', 'yo', NULL, NULL),
(134, 'Chinese', 'zh', NULL, NULL),
(135, 'Zulu', 'zu', NULL, NULL);

-- --------------------------------------------------------

--
-- Table structure for table `co_migrations`
--

CREATE TABLE `co_migrations` (
  `id` int(10) UNSIGNED NOT NULL,
  `migration` varchar(255) COLLATE utf8mb4_unicode_ci NOT NULL,
  `batch` int(11) NOT NULL
) ENGINE=InnoDB DEFAULT CHARSET=utf8mb4 COLLATE=utf8mb4_unicode_ci;

--
-- Dumping data for table `co_migrations`
--

INSERT INTO `co_migrations` (`id`, `migration`, `batch`) VALUES
(1, '2014_10_12_000000_create_users_table', 1),
(2, '2014_10_12_100000_create_password_resets_table', 1),
(3, '2019_08_19_000000_create_failed_jobs_table', 1),
(4, '2019_12_14_000001_create_personal_access_tokens_table', 1),
(5, '2019_10_18_170816_create_settings_table', 2),
(6, '2021_11_26_114519_create_widgets_table', 3),
(7, '2021_11_26_122545_create_categories_table', 4),
(8, '2021_11_26_144040_create_languages_table', 5),
(11, '2021_11_27_041638_create_permission_tables', 8),
(12, '2021_11_27_071621_create_statuses_table', 9),
(13, '2021_11_26_173215_create_form_builders_table', 10),
(16, '2021_12_04_082642_create_book_list_titles_table', 11),
(17, '2021_12_04_174940_create_books_table', 12),
(19, '2021_11_26_191706_create_book_lists_table', 13),
(20, '2021_12_11_125003_add_another_to_book_lists_table', 13),
(21, '2021_12_21_143214_create_cats_table', 5),
(22, '2021_12_21_150515_create_book_list_categories_table', 7),
(23, '2021_12_28_135641_create_jobs_table', 6),
(24, '2022_01_02_153625_create_authors_table', 6),
(26, '2022_02_19_145202_add_default_status_to_form_builder_table', 14);

-- --------------------------------------------------------

--
-- Table structure for table `co_model_has_permissions`
--

CREATE TABLE `co_model_has_permissions` (
  `permission_id` bigint(20) UNSIGNED NOT NULL,
  `model_type` varchar(255) COLLATE utf8mb4_unicode_ci NOT NULL,
  `model_id` bigint(20) UNSIGNED NOT NULL
) ENGINE=InnoDB DEFAULT CHARSET=utf8mb4 COLLATE=utf8mb4_unicode_ci;

-- --------------------------------------------------------

--
-- Table structure for table `co_model_has_roles`
--

CREATE TABLE `co_model_has_roles` (
  `role_id` bigint(20) UNSIGNED NOT NULL,
  `model_type` varchar(255) COLLATE utf8mb4_unicode_ci NOT NULL,
  `model_id` bigint(20) UNSIGNED NOT NULL
) ENGINE=InnoDB DEFAULT CHARSET=utf8mb4 COLLATE=utf8mb4_unicode_ci;

--
-- Dumping data for table `co_model_has_roles`
--

INSERT INTO `co_model_has_roles` (`role_id`, `model_type`, `model_id`) VALUES
(1, 'App\\Models\\User', 1),
(1, 'App\\Models\\User', 2),
(1, 'App\\Models\\User', 3),
(2, 'App\\Models\\User', 4),
(3, 'App\\Models\\User', 5),
(4, 'App\\Models\\User', 6),
(1, 'App\\Models\\User', 7),
(1, 'App\\Models\\User', 8);

-- --------------------------------------------------------

--
-- Table structure for table `co_password_resets`
--

CREATE TABLE `co_password_resets` (
  `email` varchar(255) COLLATE utf8mb4_unicode_ci NOT NULL,
  `token` varchar(255) COLLATE utf8mb4_unicode_ci NOT NULL,
  `created_at` timestamp NULL DEFAULT NULL
) ENGINE=InnoDB DEFAULT CHARSET=utf8mb4 COLLATE=utf8mb4_unicode_ci;

-- --------------------------------------------------------

--
-- Table structure for table `co_permissions`
--

CREATE TABLE `co_permissions` (
  `id` bigint(20) UNSIGNED NOT NULL,
  `name` varchar(255) COLLATE utf8mb4_unicode_ci NOT NULL,
  `parent_id` varchar(255) COLLATE utf8mb4_unicode_ci DEFAULT NULL,
  `guard_name` varchar(255) COLLATE utf8mb4_unicode_ci NOT NULL,
  `created_at` timestamp NULL DEFAULT NULL,
  `updated_at` timestamp NULL DEFAULT NULL
) ENGINE=InnoDB DEFAULT CHARSET=utf8mb4 COLLATE=utf8mb4_unicode_ci;

--
-- Dumping data for table `co_permissions`
--

INSERT INTO `co_permissions` (`id`, `name`, `parent_id`, `guard_name`, `created_at`, `updated_at`) VALUES
(152, 'User', '', 'web', '2021-12-11 09:20:17', '2021-12-11 09:20:17'),
(153, 'Add User', '152', 'web', '2021-12-11 09:20:17', '2021-12-11 09:20:17'),
(154, 'Edit User', '152', 'web', '2021-12-11 09:20:17', '2021-12-11 09:20:17'),
(155, 'Show User', '152', 'web', '2021-12-11 09:20:17', '2021-12-11 09:20:17'),
(156, 'Delete User', '152', 'web', '2021-12-11 09:20:17', '2021-12-11 09:20:17'),
(157, 'Book Attributes', '', 'web', '2021-12-11 09:20:17', '2021-12-11 09:20:17'),
(158, 'Add Book Attributes Format', '157', 'web', '2021-12-11 09:20:17', '2021-12-11 09:20:17'),
(159, 'Edit Book Attributes Format', '157', 'web', '2021-12-11 09:20:17', '2021-12-11 09:20:17'),
(160, 'Show Book Attributes Format', '157', 'web', '2021-12-11 09:20:17', '2021-12-11 09:20:17'),
(161, 'Delete Book Attributes Format', '157', 'web', '2021-12-11 09:20:17', '2021-12-11 09:20:17'),
(162, 'Add Book Attributes Series', '157', 'web', '2021-12-11 09:20:17', '2021-12-11 09:20:17'),
(163, 'Edit Book Attributes Series', '157', 'web', '2021-12-11 09:20:17', '2021-12-11 09:20:17'),
(164, 'Show Book Attributes Series', '157', 'web', '2021-12-11 09:20:17', '2021-12-11 09:20:17'),
(165, 'Delete Book Attributes Series', '157', 'web', '2021-12-11 09:20:18', '2021-12-11 09:20:18'),
(166, 'Add Book Attributes Status', '157', 'web', '2021-12-11 09:20:18', '2021-12-11 09:20:18'),
(167, 'Edit Book Attributes Status', '157', 'web', '2021-12-11 09:20:18', '2021-12-11 09:20:18'),
(168, 'Show Book Attributes Status', '157', 'web', '2021-12-11 09:20:18', '2021-12-11 09:20:18'),
(169, 'Delete Book Attributes Status', '157', 'web', '2021-12-11 09:20:18', '2021-12-11 09:20:18'),
(170, 'Book Management', '', 'web', '2021-12-11 09:20:18', '2021-12-11 09:20:18'),
(171, 'Add Book Management', '170', 'web', '2021-12-11 09:20:18', '2021-12-11 09:20:18'),
(172, 'Edit Book Management', '170', 'web', '2021-12-11 09:20:18', '2021-12-11 09:20:18'),
(173, 'Show Book Management', '170', 'web', '2021-12-11 09:20:18', '2021-12-11 09:20:18'),
(174, 'Delete Book Management', '170', 'web', '2021-12-11 09:20:18', '2021-12-11 09:20:18'),
(175, 'Add Another Translation Book Management', '170', 'web', '2021-12-11 09:20:19', '2021-12-11 09:20:19'),
(176, 'Download Report Book Management', '170', 'web', '2021-12-11 09:20:19', '2021-12-11 09:20:19'),
(177, 'Administration', '', 'web', '2021-12-11 09:20:19', '2021-12-11 09:20:19'),
(178, 'Add Administration', '177', 'web', '2021-12-11 09:20:19', '2021-12-11 09:20:19'),
(179, 'Edit Administration', '177', 'web', '2021-12-11 09:20:19', '2021-12-11 09:20:19'),
(180, 'Show Administration', '177', 'web', '2021-12-11 09:20:19', '2021-12-11 09:20:19'),
(181, 'Delete Administration', '177', 'web', '2021-12-11 09:20:19', '2021-12-11 09:20:19'),
(182, 'Setings', '', 'web', '2021-12-11 09:20:19', '2021-12-11 09:20:19'),
(183, 'System Settings', '182', 'web', '2021-12-11 09:20:19', '2021-12-11 09:20:19'),
(184, 'Email Settings', '182', 'web', '2021-12-11 09:20:19', '2021-12-11 09:20:19');

-- --------------------------------------------------------

--
-- Table structure for table `co_personal_access_tokens`
--

CREATE TABLE `co_personal_access_tokens` (
  `id` bigint(20) UNSIGNED NOT NULL,
  `tokenable_type` varchar(255) COLLATE utf8mb4_unicode_ci NOT NULL,
  `tokenable_id` bigint(20) UNSIGNED NOT NULL,
  `name` varchar(255) COLLATE utf8mb4_unicode_ci NOT NULL,
  `token` varchar(64) COLLATE utf8mb4_unicode_ci NOT NULL,
  `abilities` text COLLATE utf8mb4_unicode_ci,
  `last_used_at` timestamp NULL DEFAULT NULL,
  `created_at` timestamp NULL DEFAULT NULL,
  `updated_at` timestamp NULL DEFAULT NULL
) ENGINE=InnoDB DEFAULT CHARSET=utf8mb4 COLLATE=utf8mb4_unicode_ci;

-- --------------------------------------------------------

--
-- Table structure for table `co_roles`
--

CREATE TABLE `co_roles` (
  `id` bigint(20) UNSIGNED NOT NULL,
  `name` varchar(255) COLLATE utf8mb4_unicode_ci NOT NULL,
  `guard_name` varchar(255) COLLATE utf8mb4_unicode_ci NOT NULL,
  `created_at` timestamp NULL DEFAULT NULL,
  `updated_at` timestamp NULL DEFAULT NULL
) ENGINE=InnoDB DEFAULT CHARSET=utf8mb4 COLLATE=utf8mb4_unicode_ci;

--
-- Dumping data for table `co_roles`
--

INSERT INTO `co_roles` (`id`, `name`, `guard_name`, `created_at`, `updated_at`) VALUES
(1, 'Admin', 'web', '2021-11-26 22:33:30', '2021-11-26 22:33:30'),
(2, 'Managment', 'web', '2021-11-26 22:50:27', '2021-11-26 22:50:27'),
(3, 'Proofreader', 'web', '2021-12-11 04:10:57', '2022-01-13 08:51:08'),
(4, 'Translator', 'web', '2021-12-11 04:15:47', '2021-12-11 04:15:47');

-- --------------------------------------------------------

--
-- Table structure for table `co_role_has_permissions`
--

CREATE TABLE `co_role_has_permissions` (
  `permission_id` bigint(20) UNSIGNED NOT NULL,
  `role_id` bigint(20) UNSIGNED NOT NULL
) ENGINE=InnoDB DEFAULT CHARSET=utf8mb4 COLLATE=utf8mb4_unicode_ci;

--
-- Dumping data for table `co_role_has_permissions`
--

INSERT INTO `co_role_has_permissions` (`permission_id`, `role_id`) VALUES
(153, 1),
(154, 1),
(155, 1),
(156, 1),
(158, 1),
(159, 1),
(160, 1),
(161, 1),
(162, 1),
(163, 1),
(164, 1),
(165, 1),
(166, 1),
(167, 1),
(168, 1),
(169, 1),
(171, 1),
(172, 1),
(173, 1),
(174, 1),
(175, 1),
(176, 1),
(178, 1),
(179, 1),
(180, 1),
(181, 1),
(183, 1),
(184, 1),
(171, 2),
(172, 2),
(173, 2),
(175, 2),
(176, 2),
(171, 3),
(172, 3),
(173, 3),
(176, 3),
(172, 4),
(173, 4),
(175, 4),
(176, 4);

-- --------------------------------------------------------

--
-- Table structure for table `co_settings`
--

CREATE TABLE `co_settings` (
  `id` bigint(20) UNSIGNED NOT NULL,
  `setting_key` varchar(255) COLLATE utf8mb4_unicode_ci NOT NULL,
  `setting_value` mediumtext COLLATE utf8mb4_unicode_ci,
  `created_at` timestamp NULL DEFAULT NULL,
  `updated_at` timestamp NULL DEFAULT NULL
) ENGINE=InnoDB DEFAULT CHARSET=utf8mb4 COLLATE=utf8mb4_unicode_ci;

--
-- Dumping data for table `co_settings`
--

INSERT INTO `co_settings` (`id`, `setting_key`, `setting_value`, `created_at`, `updated_at`) VALUES
(1, 'title', 'ztfbooks Report', NULL, '2022-01-07 18:29:37'),
(2, 'site_logo', 'setting/1/logo.png', NULL, '2022-01-27 07:33:57'),
(3, 'favicon', 'setting/1/icon.png', NULL, '2022-01-09 06:07:35'),
(4, 'default_profile', 'profile/1/user.png', NULL, '2022-02-11 17:10:11'),
(5, 'report_font_size', '12', NULL, '2021-12-29 00:11:15'),
(6, 'email_notification', 'bookreport@ztfministry.org', NULL, '2022-01-07 18:29:37'),
(7, 'banner_pic', 'setting/1/stock-photo-back-to-school-concept-top-view-banner-of-tree-sketch-with-autumn-dry-leaves-over-classroom-1139630291.jpg', NULL, '2022-02-20 20:01:44');

-- --------------------------------------------------------

--
-- Table structure for table `co_statuses`
--

CREATE TABLE `co_statuses` (
  `id` bigint(20) UNSIGNED NOT NULL,
  `status` varchar(255) COLLATE utf8mb4_unicode_ci DEFAULT NULL,
  `color` varchar(255) COLLATE utf8mb4_unicode_ci DEFAULT NULL,
  `created_at` timestamp NULL DEFAULT NULL,
  `updated_at` timestamp NULL DEFAULT NULL
) ENGINE=InnoDB DEFAULT CHARSET=utf8mb4 COLLATE=utf8mb4_unicode_ci;

--
-- Dumping data for table `co_statuses`
--

INSERT INTO `co_statuses` (`id`, `status`, `color`, `created_at`, `updated_at`) VALUES
(6, 'ToDo', '#ffc2c2', '2021-12-03 04:03:04', '2021-12-21 23:47:42'),
(7, 'Progress', '#fff4bd', '2021-12-03 04:03:21', '2021-12-21 23:48:02'),
(8, 'Done', '#b8ffb9', '2021-12-06 10:45:19', '2021-12-21 23:47:52'),
(10, 'R1', '#b8edff', '2021-12-16 16:40:26', '2021-12-21 23:48:19'),
(11, 'R2', '#c2fff8', '2021-12-16 16:41:22', '2021-12-21 23:48:39'),
(12, 'R3', '#ffc2e5', '2021-12-16 16:41:39', '2021-12-21 23:48:29'),
(13, 'QC', '#feccff', '2021-12-16 16:42:06', '2021-12-21 23:48:47'),
(14, 'RC', '#d9d6ff', '2021-12-16 16:42:22', '2021-12-21 23:48:56');

-- --------------------------------------------------------

--
-- Table structure for table `co_users`
--

CREATE TABLE `co_users` (
  `id` bigint(20) UNSIGNED NOT NULL,
  `first_name` varchar(255) COLLATE utf8mb4_unicode_ci NOT NULL,
  `last_name` varchar(255) COLLATE utf8mb4_unicode_ci DEFAULT NULL,
  `email` varchar(255) COLLATE utf8mb4_unicode_ci NOT NULL,
  `email_verified_at` timestamp NULL DEFAULT NULL,
  `password` varchar(255) COLLATE utf8mb4_unicode_ci NOT NULL,
  `user_type` varchar(255) COLLATE utf8mb4_unicode_ci NOT NULL,
  `profile_image` varchar(255) COLLATE utf8mb4_unicode_ci DEFAULT NULL,
  `remember_token` varchar(100) COLLATE utf8mb4_unicode_ci DEFAULT NULL,
  `created_at` timestamp NULL DEFAULT NULL,
  `updated_at` timestamp NULL DEFAULT NULL
) ENGINE=InnoDB DEFAULT CHARSET=utf8mb4 COLLATE=utf8mb4_unicode_ci;

--
-- Dumping data for table `co_users`
--

INSERT INTO `co_users` (`id`, `first_name`, `last_name`, `email`, `email_verified_at`, `password`, `user_type`, `profile_image`, `remember_token`, `created_at`, `updated_at`) VALUES
(1, 'admin', 'admin', 'admin@app.com', NULL, '$2y$10$GY1T6XRsvX1fBEB7QYNZQeIE70SsNJ5jNFTrxX6KA16LQ.QfOEvzy', 'Admin', 'profile/1/user.png', '0HsmKFN7gml9KpKBGTRDLxQaWeoFra9Sqa0jbcZQ5BjckEZWcltsrzOJY2fm', '2021-11-25 11:40:08', '2022-01-27 07:43:50'),
(2, 'Julfiker', 'Hossain', 'julfiker@gmail.com', NULL, '$2y$10$zueyuPWuRsyzqi5jiTwNJOyNxIVF80P87lYQ42Clbp/VQSC6Hyx9e', 'Admin', 'profile/1/face24.jpg', NULL, '2021-12-07 08:50:53', '2021-12-07 08:50:53'),
(3, 'Gordon', 'Atanga', 'gordonfru@yahoo.com', NULL, '$2y$10$QIMcm1uo9E3QObJl5yR51ei4aP7qQfVtJPS7cFFIpIj8nhW9SIH72', 'Admin', 'profile/3/TM2-100px.png', 'gNbzkgGOfAD3IswFxqCrm2fhJZsVMkIFU7jACYtNltKNBesB8rgbRpyZg7zR', '2021-12-14 02:52:32', '2022-02-10 09:13:26'),
(4, 'Robyr Germain', 'Deumeni', 'robyrdeux@gmail.com', NULL, '$2y$10$kPdbQPb2uEQwgh8cRp5G7uIVAK2lPCg0vy5NKFrZVpQR21mWWp3UG', 'Admin', 'profile/1/face14.jpg', 'MVFbdsoyFgUqTHpkaOg4NncqmHGDsot4o4IilRcTUtTCTBzN15dDRj9Rd376', '2022-01-13 08:37:07', '2022-01-13 08:37:07'),
(5, 'Anna', 'Dawah', 'annadawah@gmail.com', NULL, '$2y$10$oIPRnjFIzBRVjLtDEtoHIOBFB/4LJG2cshhCzwHxMdGwNRK5sNsDa', 'Admin', 'profile/1/face10.jpg', 'zFvjNE492kkbSTCRGSwytJJRx9FmYYlA3kqL0bNcK3a4TfQ16DOKh21TurrR', '2022-01-13 08:52:40', '2022-01-13 08:52:40'),
(6, 'Marcelle', 'Guezet', 'cmgi.buecher@gmx.de', NULL, '$2y$10$eSBR/J/qFYQtXTJf/qz/k.CMcpAAcSc/9aCpUb1qXBl5dIvKogdFu', 'Admin', 'profile/3/TM2-100px.png', 'KJPKovGK7AzQ8cpaKox92XuW8l9Y6kkVolbamTLO85U0TmSzhtVXqqvQF2c3', '2022-01-15 23:05:21', '2022-01-30 00:15:23'),
(7, 'Victorien', 'Tedongmeza', 'victoriented@gmail.com', NULL, '$2y$10$FIQML2JjWTdxTUVGz28cV.7/8xdu9G7Y1AYE/IwPDJeGGy/WapadO', 'Admin', NULL, 'q37wKiWgbw4wVWs0J4LpcwLr1Ghq2nUvnpLutfFT6cfZLhoWXL4MH4GK63h3', '2022-02-11 16:47:59', '2022-02-11 16:47:59'),
(8, 'Achille', 'Achille', 'achillendtama@gmail.com', NULL, '$2y$10$3NNLiYB4Ld5Mgpg6fm2crORC9/fxY1tpMJU2HvA7lQiUEQn3xXxQe', 'Admin', NULL, 'e9rOnN7oUXrY61YvTprLZ8D4KSQSUQLn4qZCM2ubWnEvTjZwAt2NZHIPrx7w', '2022-02-14 02:31:38', '2022-02-14 02:31:38');

-- --------------------------------------------------------

--
-- Table structure for table `co_widgets`
--

CREATE TABLE `co_widgets` (
  `id` bigint(20) UNSIGNED NOT NULL,
  `name` varchar(255) COLLATE utf8mb4_unicode_ci NOT NULL,
  `contents` longtext COLLATE utf8mb4_unicode_ci NOT NULL,
  `created_at` timestamp NULL DEFAULT NULL,
  `updated_at` timestamp NULL DEFAULT NULL
) ENGINE=InnoDB DEFAULT CHARSET=utf8mb4 COLLATE=utf8mb4_unicode_ci;

--
-- Dumping data for table `co_widgets`
--

INSERT INTO `co_widgets` (`id`, `name`, `contents`, `created_at`, `updated_at`) VALUES
(1, 'email_setting', '{\"host\":\"sheep.cmfionline.com\",\"port\":\"993\",\"encryption\":\"tls\",\"username\":\"bookreport@ztfministry.org\",\"password\":\"5602@noisV\",\"from_name\":\"ZTFBooks Report\",\"from_address\":\"bookreport@ztfministry.org\"}', '2021-11-26 06:08:46', '2022-01-07 18:32:05');

--
-- Indexes for dumped tables
--

--
-- Indexes for table `co_authors`
--
ALTER TABLE `co_authors`
  ADD PRIMARY KEY (`id`);

--
-- Indexes for table `co_books`
--
ALTER TABLE `co_books`
  ADD PRIMARY KEY (`id`),
  ADD KEY `co_books_category_id_foreign` (`category_id`);

--
-- Indexes for table `co_book_lists`
--
ALTER TABLE `co_book_lists`
  ADD PRIMARY KEY (`id`),
  ADD KEY `co_book_lists_category_id_foreign` (`category_id`),
  ADD KEY `co_book_lists_book_id_foreign` (`book_id`);

--
-- Indexes for table `co_book_list_categories`
--
ALTER TABLE `co_book_list_categories`
  ADD PRIMARY KEY (`id`),
  ADD KEY `co_book_list_categories_book_list_id_foreign` (`book_list_id`),
  ADD KEY `co_book_list_categories_cat_id_foreign` (`cat_id`);

--
-- Indexes for table `co_book_list_titles`
--
ALTER TABLE `co_book_list_titles`
  ADD PRIMARY KEY (`id`);

--
-- Indexes for table `co_categories`
--
ALTER TABLE `co_categories`
  ADD PRIMARY KEY (`id`);

--
-- Indexes for table `co_cats`
--
ALTER TABLE `co_cats`
  ADD PRIMARY KEY (`id`);

--
-- Indexes for table `co_failed_jobs`
--
ALTER TABLE `co_failed_jobs`
  ADD PRIMARY KEY (`id`),
  ADD UNIQUE KEY `co_failed_jobs_uuid_unique` (`uuid`);

--
-- Indexes for table `co_form_builders`
--
ALTER TABLE `co_form_builders`
  ADD PRIMARY KEY (`id`),
  ADD KEY `co_form_builders_default_status_id_foreign` (`default_status_id`);

--
-- Indexes for table `co_jobs`
--
ALTER TABLE `co_jobs`
  ADD PRIMARY KEY (`id`),
  ADD KEY `co_jobs_queue_index` (`queue`);

--
-- Indexes for table `co_languages`
--
ALTER TABLE `co_languages`
  ADD PRIMARY KEY (`id`);

--
-- Indexes for table `co_migrations`
--
ALTER TABLE `co_migrations`
  ADD PRIMARY KEY (`id`);

--
-- Indexes for table `co_model_has_permissions`
--
ALTER TABLE `co_model_has_permissions`
  ADD PRIMARY KEY (`permission_id`,`model_id`,`model_type`),
  ADD KEY `model_has_permissions_model_id_model_type_index` (`model_id`,`model_type`);

--
-- Indexes for table `co_model_has_roles`
--
ALTER TABLE `co_model_has_roles`
  ADD PRIMARY KEY (`role_id`,`model_id`,`model_type`),
  ADD KEY `model_has_roles_model_id_model_type_index` (`model_id`,`model_type`);

--
-- Indexes for table `co_password_resets`
--
ALTER TABLE `co_password_resets`
  ADD KEY `co_password_resets_email_index` (`email`);

--
-- Indexes for table `co_permissions`
--
ALTER TABLE `co_permissions`
  ADD PRIMARY KEY (`id`),
  ADD UNIQUE KEY `co_permissions_name_guard_name_unique` (`name`,`guard_name`);

--
-- Indexes for table `co_personal_access_tokens`
--
ALTER TABLE `co_personal_access_tokens`
  ADD PRIMARY KEY (`id`),
  ADD UNIQUE KEY `co_personal_access_tokens_token_unique` (`token`),
  ADD KEY `co_personal_access_tokens_tokenable_type_tokenable_id_index` (`tokenable_type`,`tokenable_id`);

--
-- Indexes for table `co_roles`
--
ALTER TABLE `co_roles`
  ADD PRIMARY KEY (`id`),
  ADD UNIQUE KEY `co_roles_name_guard_name_unique` (`name`,`guard_name`);

--
-- Indexes for table `co_role_has_permissions`
--
ALTER TABLE `co_role_has_permissions`
  ADD PRIMARY KEY (`permission_id`,`role_id`),
  ADD KEY `co_role_has_permissions_role_id_foreign` (`role_id`);

--
-- Indexes for table `co_settings`
--
ALTER TABLE `co_settings`
  ADD PRIMARY KEY (`id`);

--
-- Indexes for table `co_statuses`
--
ALTER TABLE `co_statuses`
  ADD PRIMARY KEY (`id`);

--
-- Indexes for table `co_users`
--
ALTER TABLE `co_users`
  ADD PRIMARY KEY (`id`),
  ADD UNIQUE KEY `co_users_email_unique` (`email`);

--
-- Indexes for table `co_widgets`
--
ALTER TABLE `co_widgets`
  ADD PRIMARY KEY (`id`);

--
-- AUTO_INCREMENT for dumped tables
--

--
-- AUTO_INCREMENT for table `co_authors`
--
ALTER TABLE `co_authors`
  MODIFY `id` bigint(20) UNSIGNED NOT NULL AUTO_INCREMENT, AUTO_INCREMENT=5;

--
-- AUTO_INCREMENT for table `co_books`
--
ALTER TABLE `co_books`
  MODIFY `id` bigint(20) UNSIGNED NOT NULL AUTO_INCREMENT, AUTO_INCREMENT=265;

--
-- AUTO_INCREMENT for table `co_book_lists`
--
ALTER TABLE `co_book_lists`
  MODIFY `id` bigint(20) UNSIGNED NOT NULL AUTO_INCREMENT, AUTO_INCREMENT=538;

--
-- AUTO_INCREMENT for table `co_book_list_categories`
--
ALTER TABLE `co_book_list_categories`
  MODIFY `id` bigint(20) UNSIGNED NOT NULL AUTO_INCREMENT, AUTO_INCREMENT=1596;

--
-- AUTO_INCREMENT for table `co_book_list_titles`
--
ALTER TABLE `co_book_list_titles`
  MODIFY `id` bigint(20) UNSIGNED NOT NULL AUTO_INCREMENT;

--
-- AUTO_INCREMENT for table `co_categories`
--
ALTER TABLE `co_categories`
  MODIFY `id` bigint(20) UNSIGNED NOT NULL AUTO_INCREMENT, AUTO_INCREMENT=21;

--
-- AUTO_INCREMENT for table `co_cats`
--
ALTER TABLE `co_cats`
  MODIFY `id` bigint(20) UNSIGNED NOT NULL AUTO_INCREMENT, AUTO_INCREMENT=82;

--
-- AUTO_INCREMENT for table `co_failed_jobs`
--
ALTER TABLE `co_failed_jobs`
  MODIFY `id` bigint(20) UNSIGNED NOT NULL AUTO_INCREMENT, AUTO_INCREMENT=11;

--
-- AUTO_INCREMENT for table `co_form_builders`
--
ALTER TABLE `co_form_builders`
  MODIFY `id` bigint(20) UNSIGNED NOT NULL AUTO_INCREMENT, AUTO_INCREMENT=25;

--
-- AUTO_INCREMENT for table `co_jobs`
--
ALTER TABLE `co_jobs`
  MODIFY `id` bigint(20) UNSIGNED NOT NULL AUTO_INCREMENT;

--
-- AUTO_INCREMENT for table `co_languages`
--
ALTER TABLE `co_languages`
  MODIFY `id` bigint(20) UNSIGNED NOT NULL AUTO_INCREMENT, AUTO_INCREMENT=136;

--
-- AUTO_INCREMENT for table `co_migrations`
--
ALTER TABLE `co_migrations`
  MODIFY `id` int(10) UNSIGNED NOT NULL AUTO_INCREMENT, AUTO_INCREMENT=27;

--
-- AUTO_INCREMENT for table `co_permissions`
--
ALTER TABLE `co_permissions`
  MODIFY `id` bigint(20) UNSIGNED NOT NULL AUTO_INCREMENT, AUTO_INCREMENT=185;

--
-- AUTO_INCREMENT for table `co_personal_access_tokens`
--
ALTER TABLE `co_personal_access_tokens`
  MODIFY `id` bigint(20) UNSIGNED NOT NULL AUTO_INCREMENT;

--
-- AUTO_INCREMENT for table `co_roles`
--
ALTER TABLE `co_roles`
  MODIFY `id` bigint(20) UNSIGNED NOT NULL AUTO_INCREMENT, AUTO_INCREMENT=5;

--
-- AUTO_INCREMENT for table `co_settings`
--
ALTER TABLE `co_settings`
  MODIFY `id` bigint(20) UNSIGNED NOT NULL AUTO_INCREMENT, AUTO_INCREMENT=8;

--
-- AUTO_INCREMENT for table `co_statuses`
--
ALTER TABLE `co_statuses`
  MODIFY `id` bigint(20) UNSIGNED NOT NULL AUTO_INCREMENT, AUTO_INCREMENT=15;

--
-- AUTO_INCREMENT for table `co_users`
--
ALTER TABLE `co_users`
  MODIFY `id` bigint(20) UNSIGNED NOT NULL AUTO_INCREMENT, AUTO_INCREMENT=9;

--
-- AUTO_INCREMENT for table `co_widgets`
--
ALTER TABLE `co_widgets`
  MODIFY `id` bigint(20) UNSIGNED NOT NULL AUTO_INCREMENT, AUTO_INCREMENT=2;

--
-- Constraints for dumped tables
--

--
-- Constraints for table `co_books`
--
ALTER TABLE `co_books`
  ADD CONSTRAINT `co_books_category_id_foreign` FOREIGN KEY (`category_id`) REFERENCES `co_categories` (`id`) ON DELETE CASCADE;

--
-- Constraints for table `co_book_lists`
--
ALTER TABLE `co_book_lists`
  ADD CONSTRAINT `co_book_lists_book_id_foreign` FOREIGN KEY (`book_id`) REFERENCES `co_books` (`id`) ON DELETE CASCADE,
  ADD CONSTRAINT `co_book_lists_category_id_foreign` FOREIGN KEY (`category_id`) REFERENCES `co_categories` (`id`) ON DELETE CASCADE;

--
-- Constraints for table `co_form_builders`
--
ALTER TABLE `co_form_builders`
  ADD CONSTRAINT `co_form_builders_default_status_id_foreign` FOREIGN KEY (`default_status_id`) REFERENCES `co_statuses` (`id`) ON DELETE SET NULL;

--
-- Constraints for table `co_model_has_permissions`
--
ALTER TABLE `co_model_has_permissions`
  ADD CONSTRAINT `co_model_has_permissions_permission_id_foreign` FOREIGN KEY (`permission_id`) REFERENCES `co_permissions` (`id`) ON DELETE CASCADE;

--
-- Constraints for table `co_model_has_roles`
--
ALTER TABLE `co_model_has_roles`
  ADD CONSTRAINT `co_model_has_roles_role_id_foreign` FOREIGN KEY (`role_id`) REFERENCES `co_roles` (`id`) ON DELETE CASCADE;

--
-- Constraints for table `co_role_has_permissions`
--
ALTER TABLE `co_role_has_permissions`
  ADD CONSTRAINT `co_role_has_permissions_permission_id_foreign` FOREIGN KEY (`permission_id`) REFERENCES `co_permissions` (`id`) ON DELETE CASCADE,
  ADD CONSTRAINT `co_role_has_permissions_role_id_foreign` FOREIGN KEY (`role_id`) REFERENCES `co_roles` (`id`) ON DELETE CASCADE;
COMMIT;

/*!40101 SET CHARACTER_SET_CLIENT=@OLD_CHARACTER_SET_CLIENT */;
/*!40101 SET CHARACTER_SET_RESULTS=@OLD_CHARACTER_SET_RESULTS */;
/*!40101 SET COLLATION_CONNECTION=@OLD_COLLATION_CONNECTION */;
